ISO-10303-21;
HEADER;
FILE_DESCRIPTION (( 'STEP AP214' ),
    '1' );
FILE_NAME ('95C04A3GWRT.STEP',
    '2025-05-14T12:25:21',
    ( '' ),
    ( '' ),
    'SwSTEP 2.0',
    'SolidWorks 2020',
    '' );
FILE_SCHEMA (( 'AUTOMOTIVE_DESIGN' ));
ENDSEC;

DATA;
#1 = CARTESIAN_POINT ( 'NONE',  ( 2.999999999999999556, 1.675000000000000266, -0.8000000000000000444 ) ) ;
#2 = ORIENTED_EDGE ( 'NONE', *, *, #424, .F. ) ;
#3 = CARTESIAN_POINT ( 'NONE',  ( -3.000000000000000444, 1.575000000000000178, 1.750000000000000000 ) ) ;
#4 = DIRECTION ( 'NONE',  ( 1.000000000000000000, 0.000000000000000000, 0.000000000000000000 ) ) ;
#5 = AXIS2_PLACEMENT_3D ( 'NONE', #3380, #1355, #1165 ) ;
#6 = ORIENTED_EDGE ( 'NONE', *, *, #2225, .T. ) ;
#7 = EDGE_CURVE ( 'NONE', #434, #865, #2701, .T. ) ;
#8 = VERTEX_POINT ( 'NONE', #415 ) ;
#9 = LINE ( 'NONE', #244, #3024 ) ;
#10 = AXIS2_PLACEMENT_3D ( 'NONE', #599, #2329, #44 ) ;
#11 = AXIS2_PLACEMENT_3D ( 'NONE', #3243, #2919, #3228 ) ;
#12 = EDGE_CURVE ( 'NONE', #1530, #82, #2187, .T. ) ;
#13 = PRESENTATION_LAYER_ASSIGNMENT (  '', '', ( #2680 ) ) ;
#14 = PLANE ( 'NONE',  #1623 ) ;
#15 = EDGE_LOOP ( 'NONE', ( #2672, #2581, #3186, #1002 ) ) ;
#16 = CARTESIAN_POINT ( 'NONE',  ( 2.800000000000000266, 1.675000000000000266, 1.749999999999999778 ) ) ;
#17 = MECHANICAL_DESIGN_GEOMETRIC_PRESENTATION_REPRESENTATION (  '', ( #204 ), #2013 ) ;
#18 = EDGE_CURVE ( 'NONE', #2925, #82, #1571, .T. ) ;
#19 = ORIENTED_EDGE ( 'NONE', *, *, #100, .T. ) ;
#20 =( GEOMETRIC_REPRESENTATION_CONTEXT ( 3 ) GLOBAL_UNCERTAINTY_ASSIGNED_CONTEXT ( ( #584 ) ) GLOBAL_UNIT_ASSIGNED_CONTEXT ( ( #1721, #2862, #867 ) ) REPRESENTATION_CONTEXT ( 'NONE', 'WORKASPACE' ) );
#21 = FILL_AREA_STYLE_COLOUR ( '', #3736 ) ;
#22 = DIRECTION ( 'NONE',  ( -0.000000000000000000, 1.000000000000000000, -0.000000000000000000 ) ) ;
#23 = VERTEX_POINT ( 'NONE', #1928 ) ;
#24 = PRESENTATION_STYLE_ASSIGNMENT (( #2273 ) ) ;
#25 = ORIENTED_EDGE ( 'NONE', *, *, #993, .F. ) ;
#26 = DIRECTION ( 'NONE',  ( 0.000000000000000000, -1.000000000000000000, 0.000000000000000000 ) ) ;
#27 = FACE_OUTER_BOUND ( 'NONE', #608, .T. ) ;
#28 = DIRECTION ( 'NONE',  ( -0.000000000000000000, -1.000000000000000000, -0.000000000000000000 ) ) ;
#29 = VERTEX_POINT ( 'NONE', #2721 ) ;
#30 = AXIS2_PLACEMENT_3D ( 'NONE', #2109, #949, #2422 ) ;
#31 = DIRECTION ( 'NONE',  ( -0.5000000000000013323, 0.8660254037844378194, 0.000000000000000000 ) ) ;
#32 = MECHANICAL_DESIGN_GEOMETRIC_PRESENTATION_REPRESENTATION (  '', ( #3293 ), #3355 ) ;
#33 = ORIENTED_EDGE ( 'NONE', *, *, #1144, .F. ) ;
#34 = CARTESIAN_POINT ( 'NONE',  ( 2.999999999999999556, -1.574999999999999734, -1.750000000000000000 ) ) ;
#35 = EDGE_CURVE ( 'NONE', #2566, #3101, #3411, .T. ) ;
#36 = SURFACE_SIDE_STYLE ('',( #1483 ) ) ;
#37 = PRESENTATION_STYLE_ASSIGNMENT (( #1809 ) ) ;
#38 = SPHERICAL_SURFACE ( 'NONE', #2558, 0.2000000000000000111 ) ;
#39 = ORIENTED_EDGE ( 'NONE', *, *, #652, .T. ) ;
#40 = PRESENTATION_STYLE_ASSIGNMENT (( #2665 ) ) ;
#41 = AXIS2_PLACEMENT_3D ( 'NONE', #1871, #2794, #3009 ) ;
#42 =( LENGTH_UNIT ( ) NAMED_UNIT ( * ) SI_UNIT ( .MILLI., .METRE. ) );
#43 = ORIENTED_EDGE ( 'NONE', *, *, #416, .F. ) ;
#44 = DIRECTION ( 'NONE',  ( -1.000000000000000000, 0.000000000000000000, 0.000000000000000000 ) ) ;
#45 = DIRECTION ( 'NONE',  ( 5.782411586589359611E-16, 0.000000000000000000, -1.000000000000000000 ) ) ;
#46 = AXIS2_PLACEMENT_3D ( 'NONE', #2624, #3239, #3221 ) ;
#47 = CARTESIAN_POINT ( 'NONE',  ( -2.799999999999999378, -1.574999999999999734, -1.000000000000000222 ) ) ;
#48 = ORIENTED_EDGE ( 'NONE', *, *, #1027, .T. ) ;
#49 = DIRECTION ( 'NONE',  ( -1.000000000000000000, 0.000000000000000000, 1.156482317317871922E-15 ) ) ;
#50 = PRESENTATION_LAYER_ASSIGNMENT (  '', '', ( #2659 ) ) ;
#51 = DIRECTION ( 'NONE',  ( -0.000000000000000000, 1.000000000000000000, -0.000000000000000000 ) ) ;
#52 = VECTOR ( 'NONE', #3419, 1000.000000000000000 ) ;
#53 = PLANE ( 'NONE',  #3289 ) ;
#54 = ORIENTED_EDGE ( 'NONE', *, *, #12, .T. ) ;
#55 = PRESENTATION_STYLE_ASSIGNMENT (( #2397 ) ) ;
#56 = LINE ( 'NONE', #1207, #3495 ) ;
#57 = ORIENTED_EDGE ( 'NONE', *, *, #882, .F. ) ;
#58 =( GEOMETRIC_REPRESENTATION_CONTEXT ( 3 ) GLOBAL_UNCERTAINTY_ASSIGNED_CONTEXT ( ( #3055 ) ) GLOBAL_UNIT_ASSIGNED_CONTEXT ( ( #1190, #2084, #2662 ) ) REPRESENTATION_CONTEXT ( 'NONE', 'WORKASPACE' ) );
#59 = EDGE_CURVE ( 'NONE', #1082, #1187, #158, .T. ) ;
#60 = SURFACE_STYLE_FILL_AREA ( #3515 ) ;
#61 = ORIENTED_EDGE ( 'NONE', *, *, #192, .F. ) ;
#62 = VECTOR ( 'NONE', #2064, 1000.000000000000000 ) ;
#63 = FACE_BOUND ( 'NONE', #2001, .T. ) ;
#64 = EDGE_CURVE ( 'NONE', #848, #3057, #600, .T. ) ;
#65 = CARTESIAN_POINT ( 'NONE',  ( 2.833012701892219987, -1.824999999999999956, -0.5000000000000000000 ) ) ;
#66 = CARTESIAN_POINT ( 'NONE',  ( -1.309999999999998499, 1.575000000000000178, -0.7600000000000000089 ) ) ;
#67 = ORIENTED_EDGE ( 'NONE', *, *, #2609, .F. ) ;
#68 = CARTESIAN_POINT ( 'NONE',  ( -3.000000000000000444, 1.575000000000000178, -0.7999999999999997113 ) ) ;
#69 = ORIENTED_EDGE ( 'NONE', *, *, #3018, .F. ) ;
#70 = AXIS2_PLACEMENT_3D ( 'NONE', #2739, #3010, #436 ) ;
#71 = SURFACE_STYLE_FILL_AREA ( #992 ) ;
#72 = EDGE_CURVE ( 'NONE', #2050, #337, #404, .T. ) ;
#73 = EDGE_LOOP ( 'NONE', ( #1957, #3494, #2817, #1340, #3312, #1823, #33, #2940 ) ) ;
#74 = UNCERTAINTY_MEASURE_WITH_UNIT (LENGTH_MEASURE( 1.000000000000000082E-05 ), #2872, 'distance_accuracy_value', 'NONE');
#75 = VECTOR ( 'NONE', #506, 1000.000000000000000 ) ;
#76 = FILL_AREA_STYLE ('',( #2881 ) ) ;
#77 = VECTOR ( 'NONE', #3039, 1000.000000000000000 ) ;
#78 = ADVANCED_FACE ( 'NONE', ( #3345 ), #2438, .T. ) ;
#79 = ORIENTED_EDGE ( 'NONE', *, *, #3582, .T. ) ;
#80 = LINE ( 'NONE', #707, #2910 ) ;
#81 = SURFACE_STYLE_USAGE ( .BOTH. , #1852 ) ;
#82 = VERTEX_POINT ( 'NONE', #3589 ) ;
#83 = PRESENTATION_STYLE_ASSIGNMENT (( #373 ) ) ;
#84 = ORIENTED_EDGE ( 'NONE', *, *, #2192, .F. ) ;
#85 = DIRECTION ( 'NONE',  ( -0.000000000000000000, -0.000000000000000000, -1.000000000000000000 ) ) ;
#86 = ORIENTED_EDGE ( 'NONE', *, *, #59, .T. ) ;
#87 = LINE ( 'NONE', #400, #1874 ) ;
#88 = LINE ( 'NONE', #1253, #479 ) ;
#89 = CIRCLE ( 'NONE', #1970, 0.1999999999999996503 ) ;
#90 = FILL_AREA_STYLE ('',( #3021 ) ) ;
#91 = EDGE_CURVE ( 'NONE', #1438, #1773, #2169, .T. ) ;
#92 =( NAMED_UNIT ( * ) PLANE_ANGLE_UNIT ( ) SI_UNIT ( $, .RADIAN. ) );
#93 = CARTESIAN_POINT ( 'NONE',  ( -1.299999999999999600, 1.675000000000000266, -0.5500000000000001554 ) ) ;
#94 = VERTEX_POINT ( 'NONE', #3138 ) ;
#95 = CARTESIAN_POINT ( 'NONE',  ( -1.499999999999999556, 2.475000000000000089, 0.5499999999999984901 ) ) ;
#96 = CARTESIAN_POINT ( 'NONE',  ( -3.000000000000000444, 0.000000000000000000, -1.750000000000000000 ) ) ;
#97 = CYLINDRICAL_SURFACE ( 'NONE', #1661, 0.2000000000000000944 ) ;
#98 = CARTESIAN_POINT ( 'NONE',  ( -1.310000000000000053, 1.675000000000000266, -0.5600000000000000533 ) ) ;
#99 =( NAMED_UNIT ( * ) PLANE_ANGLE_UNIT ( ) SI_UNIT ( $, .RADIAN. ) );
#100 = EDGE_CURVE ( 'NONE', #2516, #555, #2699, .T. ) ;
#101 = DIRECTION ( 'NONE',  ( -0.000000000000000000, 1.000000000000000000, -0.000000000000000000 ) ) ;
#102 = VERTEX_POINT ( 'NONE', #2816 ) ;
#103 = CARTESIAN_POINT ( 'NONE',  ( -3.000000000000000444, -1.574999999999999734, 1.750000000000000000 ) ) ;
#104 = VECTOR ( 'NONE', #325, 1000.000000000000000 ) ;
#105 = ADVANCED_FACE ( 'NONE', ( #2248 ), #223, .F. ) ;
#106 = CARTESIAN_POINT ( 'NONE',  ( -0.000000000000000000, 1.575000000000000178, -1.750000000000000000 ) ) ;
#107 = FILL_AREA_STYLE ('',( #3279 ) ) ;
#108 = PLANE ( 'NONE',  #2891 ) ;
#109 = DIRECTION ( 'NONE',  ( 0.000000000000000000, 0.000000000000000000, -1.000000000000000000 ) ) ;
#110 = CIRCLE ( 'NONE', #3485, 0.2000000000000000944 ) ;
#111 = UNCERTAINTY_MEASURE_WITH_UNIT (LENGTH_MEASURE( 1.000000000000000082E-05 ), #1371, 'distance_accuracy_value', 'NONE');
#112 = CARTESIAN_POINT ( 'NONE',  ( -3.000000000000000000, 1.575000000000000178, 1.550000000000000266 ) ) ;
#113 =( NAMED_UNIT ( * ) SI_UNIT ( $, .STERADIAN. ) SOLID_ANGLE_UNIT ( ) );
#114 = VERTEX_POINT ( 'NONE', #1705 ) ;
#115 = LINE ( 'NONE', #1279, #3154 ) ;
#116 = EDGE_CURVE ( 'NONE', #2093, #3458, #1722, .T. ) ;
#117 =( LENGTH_UNIT ( ) NAMED_UNIT ( * ) SI_UNIT ( .MILLI., .METRE. ) );
#118 = LINE ( 'NONE', #2437, #2564 ) ;
#119 = EDGE_CURVE ( 'NONE', #2389, #2031, #1962, .T. ) ;
#120 = CARTESIAN_POINT ( 'NONE',  ( 2.999999999999999556, 1.575000000000000178, -1.750000000000000000 ) ) ;
#121 =( GEOMETRIC_REPRESENTATION_CONTEXT ( 3 ) GLOBAL_UNCERTAINTY_ASSIGNED_CONTEXT ( ( #2421 ) ) GLOBAL_UNIT_ASSIGNED_CONTEXT ( ( #1795, #3572, #2700 ) ) REPRESENTATION_CONTEXT ( 'NONE', 'WORKASPACE' ) );
#122 = LINE ( 'NONE', #2704, #2221 ) ;
#123 = ORIENTED_EDGE ( 'NONE', *, *, #2078, .F. ) ;
#124 = FACE_OUTER_BOUND ( 'NONE', #986, .T. ) ;
#125 = DIRECTION ( 'NONE',  ( 1.000000000000000000, 0.000000000000000000, 0.000000000000000000 ) ) ;
#126 = VECTOR ( 'NONE', #2407, 1000.000000000000000 ) ;
#127 = CARTESIAN_POINT ( 'NONE',  ( -1.299999999999998268, 2.274999999999999911, -0.7500000000000001110 ) ) ;
#128 = DIRECTION ( 'NONE',  ( -0.000000000000000000, 0.000000000000000000, 1.000000000000000000 ) ) ;
#129 = LINE ( 'NONE', #2468, #3236 ) ;
#130 = LINE ( 'NONE', #1019, #3180 ) ;
#131 = AXIS2_PLACEMENT_3D ( 'NONE', #331, #671, #2644 ) ;
#132 = CARTESIAN_POINT ( 'NONE',  ( -3.600000000000001421, -1.050000000000000044, 0.5000000000000000000 ) ) ;
#133 =( GEOMETRIC_REPRESENTATION_CONTEXT ( 3 ) GLOBAL_UNCERTAINTY_ASSIGNED_CONTEXT ( ( #2731 ) ) GLOBAL_UNIT_ASSIGNED_CONTEXT ( ( #2928, #1536, #3544 ) ) REPRESENTATION_CONTEXT ( 'NONE', 'WORKASPACE' ) );
#134 = VECTOR ( 'NONE', #346, 1000.000000000000000 ) ;
#135 = PRESENTATION_STYLE_ASSIGNMENT (( #3284 ) ) ;
#136 = ADVANCED_FACE ( 'NONE', ( #521 ), #2847, .T. ) ;
#137 = FACE_OUTER_BOUND ( 'NONE', #3439, .T. ) ;
#138 = ORIENTED_EDGE ( 'NONE', *, *, #2095, .F. ) ;
#139 = CYLINDRICAL_SURFACE ( 'NONE', #1593, 0.1999999999999996503 ) ;
#140 = VECTOR ( 'NONE', #2736, 1000.000000000000000 ) ;
#141 =( NAMED_UNIT ( * ) SI_UNIT ( $, .STERADIAN. ) SOLID_ANGLE_UNIT ( ) );
#142 = ADVANCED_FACE ( 'NONE', ( #853 ), #2519, .F. ) ;
#143 =( LENGTH_UNIT ( ) NAMED_UNIT ( * ) SI_UNIT ( .MILLI., .METRE. ) );
#144 = ORIENTED_EDGE ( 'NONE', *, *, #2363, .T. ) ;
#145 = DIRECTION ( 'NONE',  ( 0.000000000000000000, 0.000000000000000000, -1.000000000000000000 ) ) ;
#146 = UNCERTAINTY_MEASURE_WITH_UNIT (LENGTH_MEASURE( 1.000000000000000082E-05 ), #3641, 'distance_accuracy_value', 'NONE');
#147 = LINE ( 'NONE', #403, #295 ) ;
#148 = PRESENTATION_STYLE_ASSIGNMENT (( #3600 ) ) ;
#149 = FACE_OUTER_BOUND ( 'NONE', #3666, .T. ) ;
#150 = EDGE_CURVE ( 'NONE', #1346, #756, #257, .T. ) ;
#151 = SURFACE_STYLE_FILL_AREA ( #1921 ) ;
#152 = CARTESIAN_POINT ( 'NONE',  ( 3.383493649053891605, -0.9250000000000001554, -0.5000000000000000000 ) ) ;
#153 = VECTOR ( 'NONE', #879, 1000.000000000000000 ) ;
#154 = ORIENTED_EDGE ( 'NONE', *, *, #2949, .T. ) ;
#155 = LINE ( 'NONE', #96, #2684 ) ;
#156 = EDGE_CURVE ( 'NONE', #3592, #2389, #1155, .T. ) ;
#157 = CARTESIAN_POINT ( 'NONE',  ( 0.000000000000000000, 1.575000000000000178, 1.750000000000000000 ) ) ;
#158 = LINE ( 'NONE', #2740, #2028 ) ;
#159 =( GEOMETRIC_REPRESENTATION_CONTEXT ( 3 ) GLOBAL_UNCERTAINTY_ASSIGNED_CONTEXT ( ( #770 ) ) GLOBAL_UNIT_ASSIGNED_CONTEXT ( ( #2710, #3526, #956 ) ) REPRESENTATION_CONTEXT ( 'NONE', 'WORKASPACE' ) );
#160 = ORIENTED_EDGE ( 'NONE', *, *, #340, .T. ) ;
#161 = CARTESIAN_POINT ( 'NONE',  ( -1.509999999999999787, 1.675000000000000266, 0.5599999999999986100 ) ) ;
#162 = LINE ( 'NONE', #824, #1856 ) ;
#163 = VERTEX_POINT ( 'NONE', #2831 ) ;
#164 = CARTESIAN_POINT ( 'NONE',  ( 2.800000000000000266, 1.575000000000000178, 1.749999999999999778 ) ) ;
#165 =( NAMED_UNIT ( * ) PLANE_ANGLE_UNIT ( ) SI_UNIT ( $, .RADIAN. ) );
#166 = EDGE_CURVE ( 'NONE', #3171, #3104, #1419, .T. ) ;
#167 = ADVANCED_BREP_SHAPE_REPRESENTATION ( '95C04A3GWRT', ( #3338, #870, #3326, #1072 ), #2207 ) ;
#168 = CARTESIAN_POINT ( 'NONE',  ( -3.000000000000000000, 1.675000000000000266, -1.550000000000000266 ) ) ;
#169 = VECTOR ( 'NONE', #433, 1000.000000000000000 ) ;
#170 = CARTESIAN_POINT ( 'NONE',  ( -1.299999999999998268, 2.274999999999999911, -0.7500000000000001110 ) ) ;
#171 = MECHANICAL_DESIGN_GEOMETRIC_PRESENTATION_REPRESENTATION (  '', ( #3604 ), #3542 ) ;
#172 = CARTESIAN_POINT ( 'NONE',  ( -2.551063935260010984E-16, -1.574999999999999734, 1.000000000000000666 ) ) ;
#173 = FACE_OUTER_BOUND ( 'NONE', #1674, .T. ) ;
#174 = VECTOR ( 'NONE', #1604, 1000.000000000000000 ) ;
#175 = ORIENTED_EDGE ( 'NONE', *, *, #3133, .T. ) ;
#176 = VECTOR ( 'NONE', #1838, 1000.000000000000000 ) ;
#177 = FILL_AREA_STYLE ('',( #476 ) ) ;
#178 = CARTESIAN_POINT ( 'NONE',  ( -3.210288568297002154, -1.725000000000000089, 0.5000000000000000000 ) ) ;
#179 = CARTESIAN_POINT ( 'NONE',  ( -2.799999999999999822, 1.575000000000000178, 1.550000000000000044 ) ) ;
#180 = ORIENTED_EDGE ( 'NONE', *, *, #2073, .F. ) ;
#181 = LINE ( 'NONE', #3636, #1035 ) ;
#182 = DIRECTION ( 'NONE',  ( 1.000000000000000000, -0.000000000000000000, 6.505213034913027393E-15 ) ) ;
#183 = ORIENTED_EDGE ( 'NONE', *, *, #1421, .T. ) ;
#184 = LINE ( 'NONE', #2744, #1411 ) ;
#185 = DIRECTION ( 'NONE',  ( 0.000000000000000000, 0.000000000000000000, -1.000000000000000000 ) ) ;
#186 = EDGE_CURVE ( 'NONE', #2876, #1699, #1648, .T. ) ;
#187 = CARTESIAN_POINT ( 'NONE',  ( 2.900000000000000799, -1.574999999999999956, 0.5000000000000000000 ) ) ;
#188 = DIRECTION ( 'NONE',  ( -0.000000000000000000, 1.000000000000000000, -0.000000000000000000 ) ) ;
#189 =( GEOMETRIC_REPRESENTATION_CONTEXT ( 3 ) GLOBAL_UNCERTAINTY_ASSIGNED_CONTEXT ( ( #1374 ) ) GLOBAL_UNIT_ASSIGNED_CONTEXT ( ( #1665, #2533, #2002 ) ) REPRESENTATION_CONTEXT ( 'NONE', 'WORKASPACE' ) );
#190 = DIRECTION ( 'NONE',  ( -1.000000000000000000, 0.000000000000000000, 0.000000000000000000 ) ) ;
#191 =( LENGTH_UNIT ( ) NAMED_UNIT ( * ) SI_UNIT ( .MILLI., .METRE. ) );
#192 = EDGE_CURVE ( 'NONE', #1220, #1857, #1137, .T. ) ;
#193 = APPLICATION_PROTOCOL_DEFINITION ( 'draft international standard', 'automotive_design', 1998, #1204 ) ;
#194 = SURFACE_SIDE_STYLE ('',( #3075 ) ) ;
#195 = VERTEX_POINT ( 'NONE', #2230 ) ;
#196 =( GEOMETRIC_REPRESENTATION_CONTEXT ( 3 ) GLOBAL_UNCERTAINTY_ASSIGNED_CONTEXT ( ( #985 ) ) GLOBAL_UNIT_ASSIGNED_CONTEXT ( ( #610, #3694, #1433 ) ) REPRESENTATION_CONTEXT ( 'NONE', 'WORKASPACE' ) );
#197 = PRESENTATION_STYLE_ASSIGNMENT (( #252 ) ) ;
#198 = FACE_OUTER_BOUND ( 'NONE', #3201, .T. ) ;
#199 = EDGE_CURVE ( 'NONE', #1427, #3483, #868, .T. ) ;
#200 = STYLED_ITEM ( 'NONE', ( #745 ), #1309 ) ;
#201 = ORIENTED_EDGE ( 'NONE', *, *, #3192, .F. ) ;
#202 = DIRECTION ( 'NONE',  ( -1.000000000000000000, 0.000000000000000000, 0.000000000000000000 ) ) ;
#203 = DIRECTION ( 'NONE',  ( -1.000000000000000000, 0.000000000000000000, 7.047314121155775666E-15 ) ) ;
#204 = STYLED_ITEM ( 'NONE', ( #3393 ), #1591 ) ;
#205 = LINE ( 'NONE', #1384, #678 ) ;
#206 =( NAMED_UNIT ( * ) SI_UNIT ( $, .STERADIAN. ) SOLID_ANGLE_UNIT ( ) );
#207 = EDGE_LOOP ( 'NONE', ( #1184, #906, #1805, #3342 ) ) ;
#208 = ADVANCED_FACE ( 'NONE', ( #198 ), #2343, .T. ) ;
#209 = DIRECTION ( 'NONE',  ( -1.000000000000000000, 0.000000000000000000, 0.000000000000000000 ) ) ;
#210 = DIRECTION ( 'NONE',  ( -1.000000000000000000, 0.000000000000000000, -2.551063935260011477E-16 ) ) ;
#211 = VECTOR ( 'NONE', #1939, 1000.000000000000000 ) ;
#212 = ADVANCED_FACE ( 'NONE', ( #3118 ), #38, .T. ) ;
#213 = DIRECTION ( 'NONE',  ( 1.000000000000000000, 0.000000000000000000, 0.000000000000000000 ) ) ;
#214 = FACE_OUTER_BOUND ( 'NONE', #2548, .T. ) ;
#215 =( LENGTH_UNIT ( ) NAMED_UNIT ( * ) SI_UNIT ( .MILLI., .METRE. ) );
#216 = CARTESIAN_POINT ( 'NONE',  ( -1.499999999999999556, 2.274999999999999911, 0.5499999999999984901 ) ) ;
#217 = PRESENTATION_STYLE_ASSIGNMENT (( #587 ) ) ;
#218 = EDGE_LOOP ( 'NONE', ( #438, #2075, #3076, #522 ) ) ;
#219 = EDGE_CURVE ( 'NONE', #923, #1187, #305, .T. ) ;
#220 = DIRECTION ( 'NONE',  ( 0.000000000000000000, -0.000000000000000000, -1.000000000000000000 ) ) ;
#221 = VECTOR ( 'NONE', #801, 1000.000000000000000 ) ;
#222 = SURFACE_SIDE_STYLE ('',( #3080 ) ) ;
#223 = CYLINDRICAL_SURFACE ( 'NONE', #2278, 0.7999999999999998224 ) ;
#224 = ORIENTED_EDGE ( 'NONE', *, *, #317, .F. ) ;
#225 = SURFACE_STYLE_FILL_AREA ( #1675 ) ;
#226 =( GEOMETRIC_REPRESENTATION_CONTEXT ( 3 ) GLOBAL_UNCERTAINTY_ASSIGNED_CONTEXT ( ( #2470 ) ) GLOBAL_UNIT_ASSIGNED_CONTEXT ( ( #478, #2989, #3573 ) ) REPRESENTATION_CONTEXT ( 'NONE', 'WORKASPACE' ) );
#227 = EDGE_LOOP ( 'NONE', ( #650, #2632, #3725, #3446 ) ) ;
#228 =( NAMED_UNIT ( * ) SI_UNIT ( $, .STERADIAN. ) SOLID_ANGLE_UNIT ( ) );
#229 = CARTESIAN_POINT ( 'NONE',  ( -2.551063935260011477E-16, -1.574999999999999734, -1.000000000000000444 ) ) ;
#230 = UNCERTAINTY_MEASURE_WITH_UNIT (LENGTH_MEASURE( 1.000000000000000082E-05 ), #2183, 'distance_accuracy_value', 'NONE');
#231 = PLANE ( 'NONE',  #2224 ) ;
#232 = EDGE_LOOP ( 'NONE', ( #1086, #2791, #2780, #844 ) ) ;
#233 = EDGE_CURVE ( 'NONE', #2014, #409, #56, .T. ) ;
#234 = DIRECTION ( 'NONE',  ( 1.000000000000000000, 0.000000000000000000, 0.000000000000000000 ) ) ;
#235 = VERTEX_POINT ( 'NONE', #364 ) ;
#236 = PRESENTATION_LAYER_ASSIGNMENT (  '', '', ( #1502 ) ) ;
#237 =( NAMED_UNIT ( * ) PLANE_ANGLE_UNIT ( ) SI_UNIT ( $, .RADIAN. ) );
#238 = FILL_AREA_STYLE ('',( #2830 ) ) ;
#239 = ORIENTED_EDGE ( 'NONE', *, *, #3248, .T. ) ;
#240 = CARTESIAN_POINT ( 'NONE',  ( 2.799999999999999378, -1.574999999999999734, 1.550000000000000488 ) ) ;
#241 = STYLED_ITEM ( 'NONE', ( #3079 ), #2866 ) ;
#242 = SURFACE_STYLE_FILL_AREA ( #1695 ) ;
#243 = ORIENTED_EDGE ( 'NONE', *, *, #3566, .F. ) ;
#244 = CARTESIAN_POINT ( 'NONE',  ( -2.833012701892219987, -1.824999999999999956, 0.5000000000000000000 ) ) ;
#245 = EDGE_CURVE ( 'NONE', #3331, #1821, #327, .T. ) ;
#246 = PRESENTATION_STYLE_ASSIGNMENT (( #1425 ) ) ;
#247 =( NAMED_UNIT ( * ) SI_UNIT ( $, .STERADIAN. ) SOLID_ANGLE_UNIT ( ) );
#248 = ORIENTED_EDGE ( 'NONE', *, *, #613, .T. ) ;
#249 = CYLINDRICAL_SURFACE ( 'NONE', #2237, 0.2000000000000000944 ) ;
#250 = EDGE_CURVE ( 'NONE', #1192, #3458, #905, .T. ) ;
#251 = VERTEX_POINT ( 'NONE', #1170 ) ;
#252 = SURFACE_STYLE_USAGE ( .BOTH. , #2266 ) ;
#253 = VECTOR ( 'NONE', #85, 1000.000000000000000 ) ;
#254 = ADVANCED_FACE ( 'NONE', ( #1741 ), #1467, .T. ) ;
#255 = CARTESIAN_POINT ( 'NONE',  ( -2.799999999999999378, -1.824999999999999734, 0.000000000000000000 ) ) ;
#256 = CARTESIAN_POINT ( 'NONE',  ( 2.999999999999999556, 1.675000000000000266, -0.8000000000000000444 ) ) ;
#257 = LINE ( 'NONE', #3384, #661 ) ;
#258 = CIRCLE ( 'NONE', #1523, 0.1999999999999999833 ) ;
#259 = ORIENTED_EDGE ( 'NONE', *, *, #1803, .F. ) ;
#260 = AXIS2_PLACEMENT_3D ( 'NONE', #3282, #1166, #298 ) ;
#261 = LINE ( 'NONE', #2016, #2482 ) ;
#262 = ORIENTED_EDGE ( 'NONE', *, *, #3313, .T. ) ;
#263 = SURFACE_STYLE_USAGE ( .BOTH. , #2923 ) ;
#264 = CARTESIAN_POINT ( 'NONE',  ( -3.383493649053891605, -0.9250000000000001554, -0.5000000000000000000 ) ) ;
#265 =( GEOMETRIC_REPRESENTATION_CONTEXT ( 3 ) GLOBAL_UNCERTAINTY_ASSIGNED_CONTEXT ( ( #990 ) ) GLOBAL_UNIT_ASSIGNED_CONTEXT ( ( #1997, #2216, #2805 ) ) REPRESENTATION_CONTEXT ( 'NONE', 'WORKASPACE' ) );
#266 = CARTESIAN_POINT ( 'NONE',  ( -1.509999999999999787, 1.675000000000000266, -0.5599999999999986100 ) ) ;
#267 = ORIENTED_EDGE ( 'NONE', *, *, #2803, .F. ) ;
#268 =( GEOMETRIC_REPRESENTATION_CONTEXT ( 3 ) GLOBAL_UNCERTAINTY_ASSIGNED_CONTEXT ( ( #3278 ) ) GLOBAL_UNIT_ASSIGNED_CONTEXT ( ( #2987, #2126, #2829 ) ) REPRESENTATION_CONTEXT ( 'NONE', 'WORKASPACE' ) );
#269 = DIRECTION ( 'NONE',  ( -5.782411586589359611E-16, 0.000000000000000000, 1.000000000000000000 ) ) ;
#270 = VERTEX_POINT ( 'NONE', #2733 ) ;
#271 = LINE ( 'NONE', #2623, #1533 ) ;
#272 = EDGE_CURVE ( 'NONE', #2975, #2211, #2773, .T. ) ;
#273 = DIRECTION ( 'NONE',  ( 0.000000000000000000, 0.000000000000000000, -1.000000000000000000 ) ) ;
#274 = DIRECTION ( 'NONE',  ( -5.782411586589355667E-16, 0.000000000000000000, -1.000000000000000000 ) ) ;
#275 = ORIENTED_EDGE ( 'NONE', *, *, #2073, .T. ) ;
#276 = CARTESIAN_POINT ( 'NONE',  ( -1.299999999999998268, 1.675000000000000266, -0.7500000000000001110 ) ) ;
#277 = ADVANCED_FACE ( 'NONE', ( #137 ), #3285, .F. ) ;
#278 =( NAMED_UNIT ( * ) PLANE_ANGLE_UNIT ( ) SI_UNIT ( $, .RADIAN. ) );
#279 = EDGE_LOOP ( 'NONE', ( #3730, #1024, #1816, #1463 ) ) ;
#280 = DIRECTION ( 'NONE',  ( 2.551063935260011477E-16, 0.000000000000000000, -1.000000000000000000 ) ) ;
#281 = AXIS2_PLACEMENT_3D ( 'NONE', #931, #1840, #2151 ) ;
#282 = CARTESIAN_POINT ( 'NONE',  ( -3.037083487540114923, -1.824999999999999956, -0.5000000000000000000 ) ) ;
#283 = ORIENTED_EDGE ( 'NONE', *, *, #1372, .T. ) ;
#284 = DIRECTION ( 'NONE',  ( -1.000000000000000000, 0.000000000000000000, 0.000000000000000000 ) ) ;
#285 = DIRECTION ( 'NONE',  ( -1.000000000000000000, -0.000000000000000000, -0.000000000000000000 ) ) ;
#286 = ORIENTED_EDGE ( 'NONE', *, *, #564, .T. ) ;
#287 = DIRECTION ( 'NONE',  ( -0.000000000000000000, -1.000000000000000000, -0.000000000000000000 ) ) ;
#288 = SURFACE_STYLE_FILL_AREA ( #76 ) ;
#289 = PRESENTATION_LAYER_ASSIGNMENT (  '', '', ( #1570 ) ) ;
#290 = ORIENTED_EDGE ( 'NONE', *, *, #2336, .T. ) ;
#291 = SURFACE_STYLE_USAGE ( .BOTH. , #838 ) ;
#292 = ORIENTED_EDGE ( 'NONE', *, *, #1831, .T. ) ;
#293 = SURFACE_STYLE_FILL_AREA ( #1709 ) ;
#294 = PRESENTATION_STYLE_ASSIGNMENT (( #3463 ) ) ;
#295 = VECTOR ( 'NONE', #1559, 1000.000000000000000 ) ;
#296 = CARTESIAN_POINT ( 'NONE',  ( -1.100000000000000089, -1.324999999999999734, 1.750000000000000000 ) ) ;
#297 = VERTEX_POINT ( 'NONE', #1907 ) ;
#298 = DIRECTION ( 'NONE',  ( 0.000000000000000000, 0.000000000000000000, -1.000000000000000000 ) ) ;
#299 = AXIS2_PLACEMENT_3D ( 'NONE', #3223, #2640, #1505 ) ;
#300 = ORIENTED_EDGE ( 'NONE', *, *, #59, .F. ) ;
#301 = DIRECTION ( 'NONE',  ( 0.000000000000000000, 0.000000000000000000, -1.000000000000000000 ) ) ;
#302 = COLOUR_RGB ( '',0.7294117647058823151, 0.3568627450980392246, 0.02352941176470588203 ) ;
#303 = ADVANCED_FACE ( 'NONE', ( #2982 ), #384, .T. ) ;
#304 = DIRECTION ( 'NONE',  ( -1.000000000000000000, -0.000000000000000000, -0.000000000000000000 ) ) ;
#305 = LINE ( 'NONE', #3457, #2370 ) ;
#306 = AXIS2_PLACEMENT_3D ( 'NONE', #3523, #1801, #3195 ) ;
#307 = EDGE_LOOP ( 'NONE', ( #3049, #1235, #2857, #2149 ) ) ;
#308 = SURFACE_STYLE_FILL_AREA ( #2952 ) ;
#309 = ADVANCED_FACE ( 'NONE', ( #173 ), #1829, .F. ) ;
#310 = AXIS2_PLACEMENT_3D ( 'NONE', #1066, #2495, #3632 ) ;
#311 = VERTEX_POINT ( 'NONE', #152 ) ;
#312 = VECTOR ( 'NONE', #1332, 1000.000000000000000 ) ;
#313 = DIRECTION ( 'NONE',  ( 1.000000000000000000, -0.000000000000000000, 5.782411586589354681E-16 ) ) ;
#314 = MECHANICAL_DESIGN_GEOMETRIC_PRESENTATION_REPRESENTATION (  '', ( #1351 ), #20 ) ;
#315 = LINE ( 'NONE', #1476, #1453 ) ;
#316 = AXIS2_PLACEMENT_3D ( 'NONE', #1173, #1487, #2380 ) ;
#317 = EDGE_CURVE ( 'NONE', #2705, #1575, #2966, .T. ) ;
#318 = SURFACE_SIDE_STYLE ('',( #622 ) ) ;
#319 = ORIENTED_EDGE ( 'NONE', *, *, #3423, .T. ) ;
#320 = PRESENTATION_LAYER_ASSIGNMENT (  '', '', ( #2070 ) ) ;
#321 = ADVANCED_FACE ( 'NONE', ( #3152 ), #899, .T. ) ;
#322 = AXIS2_PLACEMENT_3D ( 'NONE', #620, #313, #3170 ) ;
#323 = VERTEX_POINT ( 'NONE', #3469 ) ;
#324 = SURFACE_STYLE_FILL_AREA ( #591 ) ;
#325 = DIRECTION ( 'NONE',  ( -0.000000000000000000, -0.000000000000000000, -1.000000000000000000 ) ) ;
#326 = DIRECTION ( 'NONE',  ( -3.872150616019658341E-17, 0.000000000000000000, -1.000000000000000000 ) ) ;
#327 = LINE ( 'NONE', #3478, #62 ) ;
#328 = ORIENTED_EDGE ( 'NONE', *, *, #502, .T. ) ;
#329 = CARTESIAN_POINT ( 'NONE',  ( 1.949999999999999956, -1.824999999999999734, -0.9999999999999995559 ) ) ;
#330 = EDGE_CURVE ( 'NONE', #1082, #724, #1733, .T. ) ;
#331 = CARTESIAN_POINT ( 'NONE',  ( 1.310000000000000497, 1.575000000000000178, -0.5600000000000000533 ) ) ;
#332 = ORIENTED_EDGE ( 'NONE', *, *, #3226, .T. ) ;
#333 = SURFACE_SIDE_STYLE ('',( #1760 ) ) ;
#334 = DIRECTION ( 'NONE',  ( 0.000000000000000000, 0.000000000000000000, 1.000000000000000000 ) ) ;
#335 = UNCERTAINTY_MEASURE_WITH_UNIT (LENGTH_MEASURE( 1.000000000000000082E-05 ), #2257, 'distance_accuracy_value', 'NONE');
#336 = CARTESIAN_POINT ( 'NONE',  ( -1.499999999999999556, 2.475000000000000089, -0.5499999999999987121 ) ) ;
#337 = VERTEX_POINT ( 'NONE', #2789 ) ;
#338 = CARTESIAN_POINT ( 'NONE',  ( 3.000000000000000000, 1.675000000000000266, -1.549999999999999822 ) ) ;
#339 = CARTESIAN_POINT ( 'NONE',  ( -2.799999999999999378, -1.824999999999999734, 1.000000000000000000 ) ) ;
#340 = EDGE_CURVE ( 'NONE', #2014, #3213, #3447, .T. ) ;
#341 = VECTOR ( 'NONE', #2807, 1000.000000000000114 ) ;
#342 = EDGE_LOOP ( 'NONE', ( #3330, #1945, #2994, #3287 ) ) ;
#343 = FILL_AREA_STYLE_COLOUR ( '', #1671 ) ;
#344 = CARTESIAN_POINT ( 'NONE',  ( -2.799999999999999378, -1.824999999999999734, 1.550000000000000044 ) ) ;
#345 = EDGE_LOOP ( 'NONE', ( #57, #1968, #1117, #1963 ) ) ;
#346 = DIRECTION ( 'NONE',  ( 0.000000000000000000, 1.000000000000000000, -0.000000000000000000 ) ) ;
#347 = ORIENTED_EDGE ( 'NONE', *, *, #884, .F. ) ;
#348 = DIRECTION ( 'NONE',  ( 0.000000000000000000, 1.000000000000000000, 0.000000000000000000 ) ) ;
#349 = FACE_OUTER_BOUND ( 'NONE', #307, .T. ) ;
#350 =( GEOMETRIC_REPRESENTATION_CONTEXT ( 3 ) GLOBAL_UNCERTAINTY_ASSIGNED_CONTEXT ( ( #1603 ) ) GLOBAL_UNIT_ASSIGNED_CONTEXT ( ( #2728, #1254, #699 ) ) REPRESENTATION_CONTEXT ( 'NONE', 'WORKASPACE' ) );
#351 = ADVANCED_FACE ( 'NONE', ( #1922 ), #493, .F. ) ;
#352 = LINE ( 'NONE', #1513, #1548 ) ;
#353 = ORIENTED_EDGE ( 'NONE', *, *, #3211, .F. ) ;
#354 = CARTESIAN_POINT ( 'NONE',  ( -2.799999999999999378, 1.675000000000000266, -1.750000000000000222 ) ) ;
#355 = MECHANICAL_DESIGN_GEOMETRIC_PRESENTATION_REPRESENTATION (  '', ( #1330 ), #3131 ) ;
#356 = ORIENTED_EDGE ( 'NONE', *, *, #2655, .F. ) ;
#357 = AXIS2_PLACEMENT_3D ( 'NONE', #3328, #2476, #3609 ) ;
#358 = DIRECTION ( 'NONE',  ( -3.942553354492744024E-16, 0.000000000000000000, -1.000000000000000000 ) ) ;
#359 = SURFACE_SIDE_STYLE ('',( #71 ) ) ;
#360 = ADVANCED_FACE ( 'NONE', ( #1643 ), #3665, .F. ) ;
#361 = ORIENTED_EDGE ( 'NONE', *, *, #1195, .T. ) ;
#362 = LINE ( 'NONE', #1275, #3206 ) ;
#363 = DIRECTION ( 'NONE',  ( 0.000000000000000000, -1.000000000000000000, 0.000000000000000000 ) ) ;
#364 = CARTESIAN_POINT ( 'NONE',  ( -3.000000000000000444, 1.975000000000000089, 0.8000000000000000444 ) ) ;
#365 = ORIENTED_EDGE ( 'NONE', *, *, #388, .F. ) ;
#366 = SURFACE_STYLE_USAGE ( .BOTH. , #2325 ) ;
#367 = EDGE_CURVE ( 'NONE', #822, #1949, #2120, .T. ) ;
#368 = CARTESIAN_POINT ( 'NONE',  ( 2.999999999999999556, 2.175000000000000266, -0.8000000000000000444 ) ) ;
#369 = ORIENTED_EDGE ( 'NONE', *, *, #896, .T. ) ;
#370 = STYLED_ITEM ( 'NONE', ( #2514 ), #360 ) ;
#371 =( NAMED_UNIT ( * ) PLANE_ANGLE_UNIT ( ) SI_UNIT ( $, .RADIAN. ) );
#372 = CARTESIAN_POINT ( 'NONE',  ( 2.799999999999999378, -1.824999999999999734, 0.000000000000000000 ) ) ;
#373 = SURFACE_STYLE_USAGE ( .BOTH. , #1267 ) ;
#374 = ORIENTED_EDGE ( 'NONE', *, *, #2629, .F. ) ;
#375 = CYLINDRICAL_SURFACE ( 'NONE', #2188, 0.1999999999999998723 ) ;
#376 = STYLED_ITEM ( 'NONE', ( #958 ), #864 ) ;
#377 = ORIENTED_EDGE ( 'NONE', *, *, #1617, .T. ) ;
#378 = VECTOR ( 'NONE', #2880, 1000.000000000000000 ) ;
#379 = UNCERTAINTY_MEASURE_WITH_UNIT (LENGTH_MEASURE( 1.000000000000000082E-05 ), #1982, 'distance_accuracy_value', 'NONE');
#380 = CARTESIAN_POINT ( 'NONE',  ( 3.000000000000000000, 1.575000000000000178, -1.549999999999999822 ) ) ;
#381 = AXIS2_PLACEMENT_3D ( 'NONE', #463, #125, #185 ) ;
#382 = CARTESIAN_POINT ( 'NONE',  ( -1.949999999999999512, -1.824999999999999734, -1.550000000000000044 ) ) ;
#383 = CARTESIAN_POINT ( 'NONE',  ( 3.383493649053891605, -0.9250000000000001554, -0.5000000000000000000 ) ) ;
#384 = CYLINDRICAL_SURFACE ( 'NONE', #3189, 0.2000000000000000389 ) ;
#385 =( GEOMETRIC_REPRESENTATION_CONTEXT ( 3 ) GLOBAL_UNCERTAINTY_ASSIGNED_CONTEXT ( ( #805 ) ) GLOBAL_UNIT_ASSIGNED_CONTEXT ( ( #3156, #903, #626 ) ) REPRESENTATION_CONTEXT ( 'NONE', 'WORKASPACE' ) );
#386 = ORIENTED_EDGE ( 'NONE', *, *, #7, .T. ) ;
#387 = CARTESIAN_POINT ( 'NONE',  ( 1.949999999999999956, -1.574999999999999734, 0.000000000000000000 ) ) ;
#388 = EDGE_CURVE ( 'NONE', #3381, #616, #1749, .T. ) ;
#389 = VECTOR ( 'NONE', #649, 1000.000000000000000 ) ;
#390 = DIRECTION ( 'NONE',  ( 0.000000000000000000, 0.000000000000000000, 1.000000000000000000 ) ) ;
#391 = CARTESIAN_POINT ( 'NONE',  ( 2.800000000000000266, 1.675000000000000266, 1.749999999999999778 ) ) ;
#392 = DIRECTION ( 'NONE',  ( -5.782411586589353694E-16, 0.000000000000000000, 1.000000000000000000 ) ) ;
#393 = DIRECTION ( 'NONE',  ( 0.000000000000000000, 0.000000000000000000, 1.000000000000000000 ) ) ;
#394 = LINE ( 'NONE', #1182, #3008 ) ;
#395 =( LENGTH_UNIT ( ) NAMED_UNIT ( * ) SI_UNIT ( .MILLI., .METRE. ) );
#396 = EDGE_LOOP ( 'NONE', ( #2671, #1069, #2858, #377 ) ) ;
#397 = DIRECTION ( 'NONE',  ( -0.000000000000000000, -1.000000000000000000, -0.000000000000000000 ) ) ;
#398 = LINE ( 'NONE', #2077, #701 ) ;
#399 =( GEOMETRIC_REPRESENTATION_CONTEXT ( 3 ) GLOBAL_UNCERTAINTY_ASSIGNED_CONTEXT ( ( #3127 ) ) GLOBAL_UNIT_ASSIGNED_CONTEXT ( ( #143, #1891, #206 ) ) REPRESENTATION_CONTEXT ( 'NONE', 'WORKASPACE' ) );
#400 = CARTESIAN_POINT ( 'NONE',  ( -1.509999999999999787, 1.675000000000000266, 0.5599999999999986100 ) ) ;
#401 = CARTESIAN_POINT ( 'NONE',  ( 1.500000000000000444, 2.274999999999999911, -0.5499999999999987121 ) ) ;
#402 = DIRECTION ( 'NONE',  ( 0.000000000000000000, 0.000000000000000000, -1.000000000000000000 ) ) ;
#403 = CARTESIAN_POINT ( 'NONE',  ( 3.000000000000000444, 1.575000000000000178, 1.549999999999999822 ) ) ;
#404 = CIRCLE ( 'NONE', #2762, 0.2000000000000000944 ) ;
#405 =( LENGTH_UNIT ( ) NAMED_UNIT ( * ) SI_UNIT ( .MILLI., .METRE. ) );
#406 = EDGE_CURVE ( 'NONE', #724, #1713, #3539, .T. ) ;
#407 = CARTESIAN_POINT ( 'NONE',  ( -2.799999999999999822, 1.675000000000000266, 1.750000000000000000 ) ) ;
#408 =( LENGTH_UNIT ( ) NAMED_UNIT ( * ) SI_UNIT ( .MILLI., .METRE. ) );
#409 = VERTEX_POINT ( 'NONE', #2099 ) ;
#410 = CARTESIAN_POINT ( 'NONE',  ( -2.799999999999999378, 1.575000000000000178, -1.550000000000000266 ) ) ;
#411 = AXIS2_PLACEMENT_3D ( 'NONE', #2634, #1183, #1782 ) ;
#412 = FACE_OUTER_BOUND ( 'NONE', #2027, .T. ) ;
#413 = DIRECTION ( 'NONE',  ( -0.8660254037844379305, -0.5000000000000014433, 0.000000000000000000 ) ) ;
#414 = CARTESIAN_POINT ( 'NONE',  ( 2.349873922390122161, -1.546059695598515971, 0.5000000000000000000 ) ) ;
#415 = CARTESIAN_POINT ( 'NONE',  ( -1.499999999999999556, 2.274999999999999911, -0.5499999999999987121 ) ) ;
#416 = EDGE_CURVE ( 'NONE', #2231, #3031, #3275, .T. ) ;
#417 = DIRECTION ( 'NONE',  ( 0.000000000000000000, -0.000000000000000000, -1.000000000000000000 ) ) ;
#418 =( NAMED_UNIT ( * ) PLANE_ANGLE_UNIT ( ) SI_UNIT ( $, .RADIAN. ) );
#419 = VERTEX_POINT ( 'NONE', #338 ) ;
#420 = CARTESIAN_POINT ( 'NONE',  ( -3.008215974080633792, -1.574999999999999956, 0.5000000000000000000 ) ) ;
#421 = PLANE ( 'NONE',  #381 ) ;
#422 = VECTOR ( 'NONE', #1062, 1000.000000000000000 ) ;
#423 = UNCERTAINTY_MEASURE_WITH_UNIT (LENGTH_MEASURE( 1.000000000000000082E-05 ), #191, 'distance_accuracy_value', 'NONE');
#424 = EDGE_CURVE ( 'NONE', #529, #2851, #1515, .T. ) ;
#425 = AXIS2_PLACEMENT_3D ( 'NONE', #2132, #3065, #1889 ) ;
#426 = PRESENTATION_STYLE_ASSIGNMENT (( #2997 ) ) ;
#427 = DIRECTION ( 'NONE',  ( 0.000000000000000000, 0.000000000000000000, -1.000000000000000000 ) ) ;
#428 = DIRECTION ( 'NONE',  ( 0.000000000000000000, 1.000000000000000000, -0.000000000000000000 ) ) ;
#429 = CARTESIAN_POINT ( 'NONE',  ( -1.499999999999999556, 2.274999999999999911, 0.5499999999999984901 ) ) ;
#430 =( LENGTH_UNIT ( ) NAMED_UNIT ( * ) SI_UNIT ( .MILLI., .METRE. ) );
#431 = AXIS2_PLACEMENT_3D ( 'NONE', #2208, #1589, #779 ) ;
#432 = UNCERTAINTY_MEASURE_WITH_UNIT (LENGTH_MEASURE( 1.000000000000000082E-05 ), #2557, 'distance_accuracy_value', 'NONE');
#433 = DIRECTION ( 'NONE',  ( 1.000000000000000000, 0.000000000000000000, 0.000000000000000000 ) ) ;
#434 = VERTEX_POINT ( 'NONE', #1842 ) ;
#435 = DIRECTION ( 'NONE',  ( 0.000000000000000000, -0.000000000000000000, 1.000000000000000000 ) ) ;
#436 = DIRECTION ( 'NONE',  ( 0.000000000000000000, -0.000000000000000000, -1.000000000000000000 ) ) ;
#437 =( NAMED_UNIT ( * ) SI_UNIT ( $, .STERADIAN. ) SOLID_ANGLE_UNIT ( ) );
#438 = ORIENTED_EDGE ( 'NONE', *, *, #1431, .T. ) ;
#439 = DIRECTION ( 'NONE',  ( 0.000000000000000000, 0.000000000000000000, 1.000000000000000000 ) ) ;
#440 = DIRECTION ( 'NONE',  ( 0.5000000000000013323, 0.8660254037844378194, 0.000000000000000000 ) ) ;
#441 = VECTOR ( 'NONE', #915, 1000.000000000000000 ) ;
#442 = EDGE_CURVE ( 'NONE', #822, #102, #1251, .T. ) ;
#443 = DIRECTION ( 'NONE',  ( -1.000000000000000000, 0.000000000000000000, 0.000000000000000000 ) ) ;
#444 = AXIS2_PLACEMENT_3D ( 'NONE', #842, #2328, #1697 ) ;
#445 = SURFACE_STYLE_USAGE ( .BOTH. , #749 ) ;
#446 = AXIS2_PLACEMENT_3D ( 'NONE', #1123, #3734, #1466 ) ;
#447 = CARTESIAN_POINT ( 'NONE',  ( -1.299999999999999600, 2.274999999999999911, -0.5499999999999987121 ) ) ;
#448 = VECTOR ( 'NONE', #1734, 1000.000000000000000 ) ;
#449 = PRESENTATION_LAYER_ASSIGNMENT (  '', '', ( #2068 ) ) ;
#450 = LINE ( 'NONE', #717, #3174 ) ;
#451 =( NAMED_UNIT ( * ) PLANE_ANGLE_UNIT ( ) SI_UNIT ( $, .RADIAN. ) );
#452 = EDGE_LOOP ( 'NONE', ( #1716, #2765, #1736 ) ) ;
#453 = DIRECTION ( 'NONE',  ( -0.000000000000000000, -0.000000000000000000, 1.000000000000000000 ) ) ;
#454 = DIRECTION ( 'NONE',  ( 0.000000000000000000, 0.000000000000000000, -1.000000000000000000 ) ) ;
#455 = CARTESIAN_POINT ( 'NONE',  ( -2.349873922390122161, -1.546059695598515971, -0.5000000000000000000 ) ) ;
#456 = COLOUR_RGB ( '',0.7294117647058823151, 0.3568627450980392246, 0.02352941176470588203 ) ;
#457 = CARTESIAN_POINT ( 'NONE',  ( -1.299999999999999600, 2.475000000000000089, 0.5499999999999999334 ) ) ;
#458 = EDGE_CURVE ( 'NONE', #500, #2276, #2636, .T. ) ;
#459 = ORIENTED_EDGE ( 'NONE', *, *, #1271, .T. ) ;
#460 = PLANE ( 'NONE',  #3107 ) ;
#461 = ORIENTED_EDGE ( 'NONE', *, *, #909, .T. ) ;
#462 = CARTESIAN_POINT ( 'NONE',  ( -1.309999999999998499, 1.675000000000000266, -0.7600000000000000089 ) ) ;
#463 = CARTESIAN_POINT ( 'NONE',  ( 1.949999999999999956, -1.824999999999999734, 0.000000000000000000 ) ) ;
#464 = UNCERTAINTY_MEASURE_WITH_UNIT (LENGTH_MEASURE( 1.000000000000000082E-05 ), #117, 'distance_accuracy_value', 'NONE');
#465 = DIRECTION ( 'NONE',  ( 1.000000000000000000, 0.000000000000000000, -2.551063935260010491E-16 ) ) ;
#466 = DIRECTION ( 'NONE',  ( 0.000000000000000000, 1.000000000000000000, -0.000000000000000000 ) ) ;
#467 = UNCERTAINTY_MEASURE_WITH_UNIT (LENGTH_MEASURE( 1.000000000000000082E-05 ), #3125, 'distance_accuracy_value', 'NONE');
#468 = ADVANCED_FACE ( 'NONE', ( #1552 ), #375, .T. ) ;
#469 = CARTESIAN_POINT ( 'NONE',  ( 2.799999999999999378, -1.824999999999999734, -1.549999999999999378 ) ) ;
#470 = SURFACE_SIDE_STYLE ('',( #1629 ) ) ;
#471 = AXIS2_PLACEMENT_3D ( 'NONE', #1434, #3420, #1361 ) ;
#472 = COLOUR_RGB ( '',0.2509803921568627416, 0.2509803921568627416, 0.2509803921568627416 ) ;
#473 = ORIENTED_EDGE ( 'NONE', *, *, #1372, .F. ) ;
#474 = CARTESIAN_POINT ( 'NONE',  ( 2.882816779930094775, 2.163985600393095066, -0.6741607757413323743 ) ) ;
#475 = EDGE_CURVE ( 'NONE', #3067, #1125, #1784, .T. ) ;
#476 = FILL_AREA_STYLE_COLOUR ( '', #2840 ) ;
#477 = DIRECTION ( 'NONE',  ( 0.000000000000000000, 0.000000000000000000, -1.000000000000000000 ) ) ;
#478 =( LENGTH_UNIT ( ) NAMED_UNIT ( * ) SI_UNIT ( .MILLI., .METRE. ) );
#479 = VECTOR ( 'NONE', #2079, 1000.000000000000000 ) ;
#480 = EDGE_LOOP ( 'NONE', ( #243, #2214, #2590, #2911 ) ) ;
#481 = CARTESIAN_POINT ( 'NONE',  ( 0.000000000000000000, -1.824999999999999734, 1.000000000000000666 ) ) ;
#482 = VERTEX_POINT ( 'NONE', #2056 ) ;
#483 = LINE ( 'NONE', #1368, #573 ) ;
#484 =( LENGTH_UNIT ( ) NAMED_UNIT ( * ) SI_UNIT ( .MILLI., .METRE. ) );
#485 = SURFACE_STYLE_FILL_AREA ( #3579 ) ;
#486 = ADVANCED_FACE ( 'NONE', ( #2390 ), #2076, .F. ) ;
#487 = LINE ( 'NONE', #1408, #606 ) ;
#488 = CARTESIAN_POINT ( 'NONE',  ( -2.990876132025568346, 2.042159635354791281, -0.7909643930615627427 ) ) ;
#489 = MECHANICAL_DESIGN_GEOMETRIC_PRESENTATION_REPRESENTATION (  '', ( #670 ), #2598 ) ;
#490 = PLANE ( 'NONE',  #260 ) ;
#491 = AXIS2_PLACEMENT_3D ( 'NONE', #1847, #1037, #402 ) ;
#492 = EDGE_CURVE ( 'NONE', #235, #2516, #677, .T. ) ;
#493 = PLANE ( 'NONE',  #3557 ) ;
#494 = AXIS2_PLACEMENT_3D ( 'NONE', #2157, #428, #1038 ) ;
#495 = ORIENTED_EDGE ( 'NONE', *, *, #416, .T. ) ;
#496 = DIRECTION ( 'NONE',  ( 0.000000000000000000, 0.000000000000000000, -1.000000000000000000 ) ) ;
#497 = FACE_OUTER_BOUND ( 'NONE', #2669, .T. ) ;
#498 =( LENGTH_UNIT ( ) NAMED_UNIT ( * ) SI_UNIT ( .MILLI., .METRE. ) );
#499 = DIRECTION ( 'NONE',  ( 0.000000000000000000, 0.000000000000000000, -1.000000000000000000 ) ) ;
#500 = VERTEX_POINT ( 'NONE', #712 ) ;
#501 = DIRECTION ( 'NONE',  ( -1.000000000000000000, -0.000000000000000000, -0.000000000000000000 ) ) ;
#502 = EDGE_CURVE ( 'NONE', #482, #854, #2652, .T. ) ;
#503 = LINE ( 'NONE', #1618, #3585 ) ;
#504 = ORIENTED_EDGE ( 'NONE', *, *, #3268, .F. ) ;
#505 = CARTESIAN_POINT ( 'NONE',  ( -2.800000000000000266, 2.175000000000000266, 0.5656854249492380138 ) ) ;
#506 = DIRECTION ( 'NONE',  ( 0.000000000000000000, 0.000000000000000000, -1.000000000000000000 ) ) ;
#507 = MECHANICAL_DESIGN_GEOMETRIC_PRESENTATION_REPRESENTATION (  '', ( #806 ), #2260 ) ;
#508 = FACE_OUTER_BOUND ( 'NONE', #969, .T. ) ;
#509 =( NAMED_UNIT ( * ) SI_UNIT ( $, .STERADIAN. ) SOLID_ANGLE_UNIT ( ) );
#510 = VECTOR ( 'NONE', #397, 1000.000000000000000 ) ;
#511 = LINE ( 'NONE', #429, #1061 ) ;
#512 = CARTESIAN_POINT ( 'NONE',  ( -3.037083487540114923, -1.625000000000000222, -0.5000000000000000000 ) ) ;
#513 = PRESENTATION_LAYER_ASSIGNMENT (  '', '', ( #1592 ) ) ;
#514 = FILL_AREA_STYLE ('',( #1096 ) ) ;
#515 = COLOUR_RGB ( '',0.2509803921568627416, 0.2509803921568627416, 0.2509803921568627416 ) ;
#516 = ORIENTED_EDGE ( 'NONE', *, *, #3203, .F. ) ;
#517 = MECHANICAL_DESIGN_GEOMETRIC_PRESENTATION_REPRESENTATION (  '', ( #3259 ), #3026 ) ;
#518 =( LENGTH_UNIT ( ) NAMED_UNIT ( * ) SI_UNIT ( .MILLI., .METRE. ) );
#519 = PRESENTATION_LAYER_ASSIGNMENT (  '', '', ( #200 ) ) ;
#520 = LINE ( 'NONE', #3029, #2256 ) ;
#521 = FACE_OUTER_BOUND ( 'NONE', #1241, .T. ) ;
#522 = ORIENTED_EDGE ( 'NONE', *, *, #1004, .T. ) ;
#523 = FILL_AREA_STYLE_COLOUR ( '', #2131 ) ;
#524 = SURFACE_STYLE_USAGE ( .BOTH. , #3084 ) ;
#525 = EDGE_LOOP ( 'NONE', ( #2843, #2498, #1516, #19 ) ) ;
#526 = EDGE_CURVE ( 'NONE', #500, #1586, #3484, .T. ) ;
#527 = PRESENTATION_STYLE_ASSIGNMENT (( #1981 ) ) ;
#528 = STYLED_ITEM ( 'NONE', ( #944 ), #1853 ) ;
#529 = VERTEX_POINT ( 'NONE', #103 ) ;
#530 = CARTESIAN_POINT ( 'NONE',  ( 2.999999999999999556, 1.575000000000000178, 0.000000000000000000 ) ) ;
#531 = CARTESIAN_POINT ( 'NONE',  ( -1.299999999999998268, 2.274999999999999911, 0.7499999999999998890 ) ) ;
#532 = ORIENTED_EDGE ( 'NONE', *, *, #618, .T. ) ;
#533 = FACE_OUTER_BOUND ( 'NONE', #3570, .T. ) ;
#534 = ADVANCED_FACE ( 'NONE', ( #1269 ), #1531, .T. ) ;
#535 = MECHANICAL_DESIGN_GEOMETRIC_PRESENTATION_REPRESENTATION (  '', ( #601 ), #399 ) ;
#536 = PLANE ( 'NONE',  #647 ) ;
#537 = ORIENTED_EDGE ( 'NONE', *, *, #2605, .T. ) ;
#538 = CARTESIAN_POINT ( 'NONE',  ( 2.800000000000000266, 1.675000000000000266, -1.749999999999999778 ) ) ;
#539 = STYLED_ITEM ( 'NONE', ( #1202 ), #2874 ) ;
#540 = LINE ( 'NONE', #372, #1810 ) ;
#541 = EDGE_CURVE ( 'NONE', #1728, #2181, #1859, .T. ) ;
#542 = VERTEX_POINT ( 'NONE', #953 ) ;
#543 = CARTESIAN_POINT ( 'NONE',  ( -3.000000000000000444, 1.975000000000000089, -0.8000000000000000444 ) ) ;
#544 = UNCERTAINTY_MEASURE_WITH_UNIT (LENGTH_MEASURE( 1.000000000000000082E-05 ), #3161, 'distance_accuracy_value', 'NONE');
#545 =( NAMED_UNIT ( * ) SI_UNIT ( $, .STERADIAN. ) SOLID_ANGLE_UNIT ( ) );
#546 = VERTEX_POINT ( 'NONE', #2687 ) ;
#547 = LINE ( 'NONE', #1095, #1415 ) ;
#548 = VECTOR ( 'NONE', #2537, 1000.000000000000000 ) ;
#549 = EDGE_LOOP ( 'NONE', ( #2408, #2281, #1514, #286 ) ) ;
#550 = FILL_AREA_STYLE_COLOUR ( '', #2943 ) ;
#551 = PRESENTATION_LAYER_ASSIGNMENT (  '', '', ( #670 ) ) ;
#552 = STYLED_ITEM ( 'NONE', ( #3257 ), #2212 ) ;
#553 = SURFACE_STYLE_FILL_AREA ( #238 ) ;
#554 = DIRECTION ( 'NONE',  ( 1.000000000000000000, 0.000000000000000000, -2.551063935260010491E-16 ) ) ;
#555 = VERTEX_POINT ( 'NONE', #68 ) ;
#556 = ADVANCED_FACE ( 'NONE', ( #1201 ), #639, .F. ) ;
#557 = MECHANICAL_DESIGN_GEOMETRIC_PRESENTATION_REPRESENTATION (  '', ( #241 ), #1436 ) ;
#558 =( NAMED_UNIT ( * ) SI_UNIT ( $, .STERADIAN. ) SOLID_ANGLE_UNIT ( ) );
#559 = EDGE_LOOP ( 'NONE', ( #2110, #369, #3740, #239 ) ) ;
#560 = DIRECTION ( 'NONE',  ( -1.000000000000000000, 0.000000000000000000, -5.102127870520022954E-16 ) ) ;
#561 = CARTESIAN_POINT ( 'NONE',  ( -1.310000000000000053, 1.575000000000000178, -0.5600000000000000533 ) ) ;
#562 = VERTEX_POINT ( 'NONE', #970 ) ;
#563 = STYLED_ITEM ( 'NONE', ( #2012 ), #254 ) ;
#564 = EDGE_CURVE ( 'NONE', #409, #2705, #2111, .T. ) ;
#565 = EDGE_CURVE ( 'NONE', #923, #2044, #184, .T. ) ;
#566 = ORIENTED_EDGE ( 'NONE', *, *, #116, .F. ) ;
#567 = DIRECTION ( 'NONE',  ( -0.000000000000000000, -1.000000000000000000, -0.000000000000000000 ) ) ;
#568 = AXIS2_PLACEMENT_3D ( 'NONE', #2753, #1277, #1540 ) ;
#569 = PRODUCT ( '95C04A3GWRT', '95C04A3GWRT', '', ( #1906 ) ) ;
#570 = FILL_AREA_STYLE_COLOUR ( '', #2153 ) ;
#571 = CARTESIAN_POINT ( 'NONE',  ( -3.600000000000001421, -1.050000000000000044, 0.5000000000000000000 ) ) ;
#572 = DIRECTION ( 'NONE',  ( -0.000000000000000000, -1.000000000000000000, -0.000000000000000000 ) ) ;
#573 = VECTOR ( 'NONE', #2785, 1000.000000000000000 ) ;
#574 = CIRCLE ( 'NONE', #1414, 0.2000000000000000389 ) ;
#575 = ORIENTED_EDGE ( 'NONE', *, *, #3353, .T. ) ;
#576 = COLOUR_RGB ( '',0.2509803921568627416, 0.2509803921568627416, 0.2509803921568627416 ) ;
#577 = DIRECTION ( 'NONE',  ( 0.000000000000000000, 0.000000000000000000, 1.000000000000000000 ) ) ;
#578 = EDGE_CURVE ( 'NONE', #562, #3534, #743, .T. ) ;
#579 = FILL_AREA_STYLE_COLOUR ( '', #3074 ) ;
#580 = AXIS2_PLACEMENT_3D ( 'NONE', #1780, #3245, #3210 ) ;
#581 = ORIENTED_EDGE ( 'NONE', *, *, #2757, .F. ) ;
#582 = FILL_AREA_STYLE ('',( #3720 ) ) ;
#583 = AXIS2_PLACEMENT_3D ( 'NONE', #1717, #1752, #1450 ) ;
#584 = UNCERTAINTY_MEASURE_WITH_UNIT (LENGTH_MEASURE( 1.000000000000000082E-05 ), #1721, 'distance_accuracy_value', 'NONE');
#585 = CARTESIAN_POINT ( 'NONE',  ( -1.949999999999999512, -1.574999999999999734, 0.000000000000000000 ) ) ;
#586 = ORIENTED_EDGE ( 'NONE', *, *, #2550, .F. ) ;
#587 = SURFACE_STYLE_USAGE ( .BOTH. , #3056 ) ;
#588 = AXIS2_PLACEMENT_3D ( 'NONE', #2082, #2103, #665 ) ;
#589 = ADVANCED_FACE ( 'NONE', ( #3656 ), #1325, .F. ) ;
#590 = ORIENTED_EDGE ( 'NONE', *, *, #2480, .T. ) ;
#591 = FILL_AREA_STYLE ('',( #343 ) ) ;
#592 = CARTESIAN_POINT ( 'NONE',  ( -1.309999999999998499, 1.575000000000000178, -0.7600000000000000089 ) ) ;
#593 = ORIENTED_EDGE ( 'NONE', *, *, #2088, .T. ) ;
#594 = DIRECTION ( 'NONE',  ( -0.000000000000000000, -0.000000000000000000, -1.000000000000000000 ) ) ;
#595 = EDGE_CURVE ( 'NONE', #3271, #2481, #2154, .T. ) ;
#596 = CIRCLE ( 'NONE', #1194, 0.2000000000000000389 ) ;
#597 = CARTESIAN_POINT ( 'NONE',  ( 0.000000000000000000, -1.824999999999999734, -1.550000000000000044 ) ) ;
#598 = ORIENTED_EDGE ( 'NONE', *, *, #2330, .F. ) ;
#599 = CARTESIAN_POINT ( 'NONE',  ( -2.800000000000000266, 1.975000000000000089, 0.000000000000000000 ) ) ;
#600 = CIRCLE ( 'NONE', #2400, 0.1999999999999996503 ) ;
#601 = STYLED_ITEM ( 'NONE', ( #1385 ), #3256 ) ;
#602 = CARTESIAN_POINT ( 'NONE',  ( 1.100000000000000089, -1.324999999999999734, 1.750000000000000000 ) ) ;
#603 = ORIENTED_EDGE ( 'NONE', *, *, #876, .F. ) ;
#604 =( NAMED_UNIT ( * ) SI_UNIT ( $, .STERADIAN. ) SOLID_ANGLE_UNIT ( ) );
#605 = VERTEX_POINT ( 'NONE', #3371 ) ;
#606 = VECTOR ( 'NONE', #1370, 1000.000000000000000 ) ;
#607 = EDGE_CURVE ( 'NONE', #337, #616, #2463, .T. ) ;
#608 = EDGE_LOOP ( 'NONE', ( #3743, #3605, #2828, #2162, #950, #201, #3682, #782 ) ) ;
#609 = EDGE_CURVE ( 'NONE', #529, #434, #1304, .T. ) ;
#610 =( LENGTH_UNIT ( ) NAMED_UNIT ( * ) SI_UNIT ( .MILLI., .METRE. ) );
#611 =( GEOMETRIC_REPRESENTATION_CONTEXT ( 3 ) GLOBAL_UNCERTAINTY_ASSIGNED_CONTEXT ( ( #423 ) ) GLOBAL_UNIT_ASSIGNED_CONTEXT ( ( #191, #1276, #3322 ) ) REPRESENTATION_CONTEXT ( 'NONE', 'WORKASPACE' ) );
#612 = ORIENTED_EDGE ( 'NONE', *, *, #1004, .F. ) ;
#613 = EDGE_CURVE ( 'NONE', #802, #724, #1596, .T. ) ;
#614 = VECTOR ( 'NONE', #1686, 1000.000000000000000 ) ;
#615 = DIRECTION ( 'NONE',  ( 0.000000000000000000, 0.000000000000000000, -1.000000000000000000 ) ) ;
#616 = VERTEX_POINT ( 'NONE', #164 ) ;
#617 =( NAMED_UNIT ( * ) SI_UNIT ( $, .STERADIAN. ) SOLID_ANGLE_UNIT ( ) );
#618 = EDGE_CURVE ( 'NONE', #3213, #2705, #1030, .T. ) ;
#619 = VECTOR ( 'NONE', #2999, 1000.000000000000000 ) ;
#620 = CARTESIAN_POINT ( 'NONE',  ( -3.000000000000000000, 1.675000000000000266, -1.550000000000000266 ) ) ;
#621 = DIRECTION ( 'NONE',  ( 1.000000000000000000, 0.000000000000000000, 0.000000000000000000 ) ) ;
#622 = SURFACE_STYLE_FILL_AREA ( #2039 ) ;
#623 = EDGE_LOOP ( 'NONE', ( #711, #1230, #1446, #2717 ) ) ;
#624 = FILL_AREA_STYLE_COLOUR ( '', #1224 ) ;
#625 = EDGE_LOOP ( 'NONE', ( #3250, #3645, #927, #2802 ) ) ;
#626 =( NAMED_UNIT ( * ) SI_UNIT ( $, .STERADIAN. ) SOLID_ANGLE_UNIT ( ) );
#627 = PRESENTATION_LAYER_ASSIGNMENT (  '', '', ( #806 ) ) ;
#628 = LINE ( 'NONE', #3477, #2579 ) ;
#629 = ORIENTED_EDGE ( 'NONE', *, *, #406, .F. ) ;
#630 = CARTESIAN_POINT ( 'NONE',  ( -1.509999999999999787, 1.675000000000000266, 0.5599999999999986100 ) ) ;
#631 = VECTOR ( 'NONE', #1339, 1000.000000000000000 ) ;
#632 =( NAMED_UNIT ( * ) PLANE_ANGLE_UNIT ( ) SI_UNIT ( $, .RADIAN. ) );
#633 = ORIENTED_EDGE ( 'NONE', *, *, #1297, .T. ) ;
#634 = VECTOR ( 'NONE', #752, 1000.000000000000000 ) ;
#635 = STYLED_ITEM ( 'NONE', ( #2018 ), #3338 ) ;
#636 = EDGE_CURVE ( 'NONE', #2044, #1713, #2236, .T. ) ;
#637 =( NAMED_UNIT ( * ) SI_UNIT ( $, .STERADIAN. ) SOLID_ANGLE_UNIT ( ) );
#638 = ORIENTED_EDGE ( 'NONE', *, *, #2594, .F. ) ;
#639 = PLANE ( 'NONE',  #3691 ) ;
#640 = ORIENTED_EDGE ( 'NONE', *, *, #541, .F. ) ;
#641 =( GEOMETRIC_REPRESENTATION_CONTEXT ( 3 ) GLOBAL_UNCERTAINTY_ASSIGNED_CONTEXT ( ( #728 ) ) GLOBAL_UNIT_ASSIGNED_CONTEXT ( ( #215, #165, #3051 ) ) REPRESENTATION_CONTEXT ( 'NONE', 'WORKASPACE' ) );
#642 = STYLED_ITEM ( 'NONE', ( #1849 ), #1750 ) ;
#643 = LINE ( 'NONE', #1785, #548 ) ;
#644 = FILL_AREA_STYLE_COLOUR ( '', #576 ) ;
#645 = ORIENTED_EDGE ( 'NONE', *, *, #442, .F. ) ;
#646 = CARTESIAN_POINT ( 'NONE',  ( 1.300000000000000266, 2.475000000000000089, -0.5500000000000001554 ) ) ;
#647 = AXIS2_PLACEMENT_3D ( 'NONE', #93, #363, #1484 ) ;
#648 = SURFACE_STYLE_FILL_AREA ( #2964 ) ;
#649 = DIRECTION ( 'NONE',  ( -0.000000000000000000, 1.000000000000000000, -0.000000000000000000 ) ) ;
#650 = ORIENTED_EDGE ( 'NONE', *, *, #3105, .F. ) ;
#651 =( NAMED_UNIT ( * ) SI_UNIT ( $, .STERADIAN. ) SOLID_ANGLE_UNIT ( ) );
#652 = EDGE_CURVE ( 'NONE', #235, #3294, #887, .T. ) ;
#653 = SURFACE_STYLE_USAGE ( .BOTH. , #3493 ) ;
#654 = EDGE_LOOP ( 'NONE', ( #1993, #1892, #3524, #2473, #3232, #1249, #1010, #942 ) ) ;
#655 = SURFACE_SIDE_STYLE ('',( #3209 ) ) ;
#656 = LINE ( 'NONE', #911, #3634 ) ;
#657 = UNCERTAINTY_MEASURE_WITH_UNIT (LENGTH_MEASURE( 1.000000000000000082E-05 ), #3141, 'distance_accuracy_value', 'NONE');
#658 = EDGE_CURVE ( 'NONE', #1857, #1732, #2804, .T. ) ;
#659 = LINE ( 'NONE', #3249, #3412 ) ;
#660 = ORIENTED_EDGE ( 'NONE', *, *, #150, .F. ) ;
#661 = VECTOR ( 'NONE', #554, 1000.000000000000000 ) ;
#662 = DIRECTION ( 'NONE',  ( -0.000000000000000000, -1.000000000000000000, -0.000000000000000000 ) ) ;
#663 = ADVANCED_FACE ( 'NONE', ( #124 ), #3050, .T. ) ;
#664 = ORIENTED_EDGE ( 'NONE', *, *, #3472, .F. ) ;
#665 = DIRECTION ( 'NONE',  ( 1.000000000000000000, 0.000000000000000000, 2.551063935260009505E-16 ) ) ;
#666 = FILL_AREA_STYLE_COLOUR ( '', #3685 ) ;
#667 = ORIENTED_EDGE ( 'NONE', *, *, #1831, .F. ) ;
#668 = FACE_OUTER_BOUND ( 'NONE', #2961, .T. ) ;
#669 = CARTESIAN_POINT ( 'NONE',  ( -2.838986056141729719, 2.175000000000000266, -0.6207044521016082950 ) ) ;
#670 = STYLED_ITEM ( 'NONE', ( #197 ), #1886 ) ;
#671 = DIRECTION ( 'NONE',  ( 0.000000000000000000, 1.000000000000000000, -0.000000000000000000 ) ) ;
#672 = ORIENTED_EDGE ( 'NONE', *, *, #3580, .T. ) ;
#673 = ADVANCED_FACE ( 'NONE', ( #3316 ), #2174, .T. ) ;
#674 = SURFACE_SIDE_STYLE ('',( #895 ) ) ;
#675 = DIRECTION ( 'NONE',  ( 0.000000000000000000, 1.000000000000000000, 0.000000000000000000 ) ) ;
#676 = ORIENTED_EDGE ( 'NONE', *, *, #91, .F. ) ;
#677 = LINE ( 'NONE', #3556, #1764 ) ;
#678 = VECTOR ( 'NONE', #1365, 1000.000000000000000 ) ;
#679 = ORIENTED_EDGE ( 'NONE', *, *, #909, .F. ) ;
#680 = COLOUR_RGB ( '',0.2509803921568627416, 0.2509803921568627416, 0.2509803921568627416 ) ;
#681 = DIRECTION ( 'NONE',  ( -0.000000000000000000, -0.000000000000000000, -1.000000000000000000 ) ) ;
#682 = ADVANCED_FACE ( 'NONE', ( #3087 ), #2724, .F. ) ;
#683 = SURFACE_STYLE_USAGE ( .BOTH. , #1501 ) ;
#684 = EDGE_CURVE ( 'NONE', #195, #337, #483, .T. ) ;
#685 = DIRECTION ( 'NONE',  ( 0.000000000000000000, 0.000000000000000000, 1.000000000000000000 ) ) ;
#686 =( NAMED_UNIT ( * ) SI_UNIT ( $, .STERADIAN. ) SOLID_ANGLE_UNIT ( ) );
#687 = ORIENTED_EDGE ( 'NONE', *, *, #1646, .T. ) ;
#688 = FACE_OUTER_BOUND ( 'NONE', #1619, .T. ) ;
#689 = ORIENTED_EDGE ( 'NONE', *, *, #475, .F. ) ;
#690 = VECTOR ( 'NONE', #3264, 1000.000000000000000 ) ;
#691 = FACE_OUTER_BOUND ( 'NONE', #1252, .T. ) ;
#692 = LINE ( 'NONE', #3175, #176 ) ;
#693 = EDGE_LOOP ( 'NONE', ( #1469, #2578, #938, #1735 ) ) ;
#694 = DIRECTION ( 'NONE',  ( -3.942553354492744024E-16, 0.000000000000000000, -1.000000000000000000 ) ) ;
#695 = FILL_AREA_STYLE_COLOUR ( '', #3571 ) ;
#696 = VERTEX_POINT ( 'NONE', #3639 ) ;
#697 = EDGE_CURVE ( 'NONE', #1637, #3331, #3351, .T. ) ;
#698 = CARTESIAN_POINT ( 'NONE',  ( 0.000000000000000000, -1.824999999999999734, -1.550000000000000044 ) ) ;
#699 =( NAMED_UNIT ( * ) SI_UNIT ( $, .STERADIAN. ) SOLID_ANGLE_UNIT ( ) );
#700 = CARTESIAN_POINT ( 'NONE',  ( -3.000000000000000444, 1.575000000000000178, 1.750000000000000000 ) ) ;
#701 = VECTOR ( 'NONE', #1554, 1000.000000000000000 ) ;
#702 = CARTESIAN_POINT ( 'NONE',  ( 1.300000000000000266, 2.475000000000000089, 0.5499999999999999334 ) ) ;
#703 = UNCERTAINTY_MEASURE_WITH_UNIT (LENGTH_MEASURE( 1.000000000000000082E-05 ), #2048, 'distance_accuracy_value', 'NONE');
#704 = AXIS2_PLACEMENT_3D ( 'NONE', #2894, #1136, #301 ) ;
#705 = CARTESIAN_POINT ( 'NONE',  ( 0.000000000000000000, -1.324999999999999734, 1.750000000000000000 ) ) ;
#706 = ORIENTED_EDGE ( 'NONE', *, *, #1320, .F. ) ;
#707 = CARTESIAN_POINT ( 'NONE',  ( 1.510000000000000231, 1.675000000000000266, -0.5599999999999986100 ) ) ;
#708 = EDGE_CURVE ( 'NONE', #605, #2287, #1729, .T. ) ;
#709 = CARTESIAN_POINT ( 'NONE',  ( -3.383493649053891605, -0.9250000000000001554, 0.5000000000000000000 ) ) ;
#710 = SURFACE_STYLE_FILL_AREA ( #1820 ) ;
#711 = ORIENTED_EDGE ( 'NONE', *, *, #1227, .T. ) ;
#712 = CARTESIAN_POINT ( 'NONE',  ( -3.008215974080633792, -1.574999999999999956, 0.5000000000000000000 ) ) ;
#713 = CARTESIAN_POINT ( 'NONE',  ( -3.000000000000000444, 1.975000000000000089, 0.000000000000000000 ) ) ;
#714 = DIRECTION ( 'NONE',  ( -0.000000000000000000, -1.000000000000000000, -0.000000000000000000 ) ) ;
#715 = VECTOR ( 'NONE', #1615, 1000.000000000000000 ) ;
#716 = SURFACE_STYLE_FILL_AREA ( #90 ) ;
#717 = CARTESIAN_POINT ( 'NONE',  ( 1.500000000000000444, 2.475000000000000089, -0.5499999999999987121 ) ) ;
#718 = DIRECTION ( 'NONE',  ( 0.000000000000000000, -0.000000000000000000, -1.000000000000000000 ) ) ;
#719 = ORIENTED_EDGE ( 'NONE', *, *, #2637, .T. ) ;
#720 = CARTESIAN_POINT ( 'NONE',  ( -1.299999999999999600, 2.274999999999999911, -0.5500000000000001554 ) ) ;
#721 = DIRECTION ( 'NONE',  ( 0.000000000000000000, 0.000000000000000000, -1.000000000000000000 ) ) ;
#722 = ADVANCED_FACE ( 'NONE', ( #1424 ), #1458, .T. ) ;
#723 = CARTESIAN_POINT ( 'NONE',  ( 1.949999999999999956, -1.824999999999999734, -1.549999999999999600 ) ) ;
#724 = VERTEX_POINT ( 'NONE', #2869 ) ;
#725 = CARTESIAN_POINT ( 'NONE',  ( -1.949999999999998845, -1.824999999999999734, -7.687979041260847740E-16 ) ) ;
#726 = COLOUR_RGB ( '',0.7294117647058823151, 0.3568627450980392246, 0.02352941176470588203 ) ;
#727 = SURFACE_STYLE_USAGE ( .BOTH. , #3619 ) ;
#728 = UNCERTAINTY_MEASURE_WITH_UNIT (LENGTH_MEASURE( 1.000000000000000082E-05 ), #215, 'distance_accuracy_value', 'NONE');
#729 = VECTOR ( 'NONE', #2571, 1000.000000000000000 ) ;
#730 = LINE ( 'NONE', #3000, #2914 ) ;
#731 = CIRCLE ( 'NONE', #971, 0.1999999999999999833 ) ;
#732 = DIRECTION ( 'NONE',  ( 0.000000000000000000, -0.000000000000000000, -1.000000000000000000 ) ) ;
#733 = SHAPE_DEFINITION_REPRESENTATION ( #3726, #167 ) ;
#734 = ORIENTED_EDGE ( 'NONE', *, *, #330, .F. ) ;
#735 = CARTESIAN_POINT ( 'NONE',  ( 0.000000000000000000, 1.575000000000000178, 1.750000000000000000 ) ) ;
#736 = DIRECTION ( 'NONE',  ( -1.000000000000000000, 0.000000000000000000, 0.000000000000000000 ) ) ;
#737 = CARTESIAN_POINT ( 'NONE',  ( -3.000000000000000000, 1.575000000000000178, -1.550000000000000266 ) ) ;
#738 = FACE_OUTER_BOUND ( 'NONE', #3150, .T. ) ;
#739 = COLOUR_RGB ( '',0.2509803921568627416, 0.2509803921568627416, 0.2509803921568627416 ) ;
#740 = EDGE_CURVE ( 'NONE', #1751, #2093, #2835, .T. ) ;
#741 = SURFACE_STYLE_USAGE ( .BOTH. , #3369 ) ;
#742 = ORIENTED_EDGE ( 'NONE', *, *, #1162, .F. ) ;
#743 = LINE ( 'NONE', #1054, #3255 ) ;
#744 = SURFACE_STYLE_FILL_AREA ( #988 ) ;
#745 = PRESENTATION_STYLE_ASSIGNMENT (( #727 ) ) ;
#746 = EDGE_CURVE ( 'NONE', #2181, #1519, #258, .T. ) ;
#747 =( NAMED_UNIT ( * ) PLANE_ANGLE_UNIT ( ) SI_UNIT ( $, .RADIAN. ) );
#748 = MECHANICAL_DESIGN_GEOMETRIC_PRESENTATION_REPRESENTATION (  '', ( #2563 ), #2799 ) ;
#749 = SURFACE_SIDE_STYLE ('',( #3597 ) ) ;
#750 = SURFACE_SIDE_STYLE ('',( #828 ) ) ;
#751 = STYLED_ITEM ( 'NONE', ( #2285 ), #3536 ) ;
#752 = DIRECTION ( 'NONE',  ( 1.000000000000000000, -0.000000000000000000, -0.000000000000000000 ) ) ;
#753 = EDGE_CURVE ( 'NONE', #114, #2231, #9, .T. ) ;
#754 = LINE ( 'NONE', #469, #3668 ) ;
#755 = CARTESIAN_POINT ( 'NONE',  ( -2.799999999999999378, 1.675000000000000266, -1.750000000000000222 ) ) ;
#756 = VERTEX_POINT ( 'NONE', #2886 ) ;
#757 = CARTESIAN_POINT ( 'NONE',  ( 2.990876319390643800, 2.042158971504967280, -0.7909645772321367563 ) ) ;
#758 = SURFACE_STYLE_USAGE ( .BOTH. , #2227 ) ;
#759 = PRESENTATION_LAYER_ASSIGNMENT (  '', '', ( #204 ) ) ;
#760 = CARTESIAN_POINT ( 'NONE',  ( 0.000000000000000000, -1.574999999999999734, -0.5000000000000002220 ) ) ;
#761 =( NAMED_UNIT ( * ) SI_UNIT ( $, .STERADIAN. ) SOLID_ANGLE_UNIT ( ) );
#762 =( GEOMETRIC_REPRESENTATION_CONTEXT ( 3 ) GLOBAL_UNCERTAINTY_ASSIGNED_CONTEXT ( ( #1682 ) ) GLOBAL_UNIT_ASSIGNED_CONTEXT ( ( #405, #2658, #1561 ) ) REPRESENTATION_CONTEXT ( 'NONE', 'WORKASPACE' ) );
#763 = DIRECTION ( 'NONE',  ( 0.000000000000000000, 1.000000000000000000, -0.000000000000000000 ) ) ;
#764 = ORIENTED_EDGE ( 'NONE', *, *, #2218, .F. ) ;
#765 = ADVANCED_FACE ( 'NONE', ( #893 ), #3701, .F. ) ;
#766 = ORIENTED_EDGE ( 'NONE', *, *, #1864, .T. ) ;
#767 = CARTESIAN_POINT ( 'NONE',  ( 1.949999999999999067, -1.824999999999999734, 1.550000000000000488 ) ) ;
#768 =( LENGTH_UNIT ( ) NAMED_UNIT ( * ) SI_UNIT ( .MILLI., .METRE. ) );
#769 = ADVANCED_FACE ( 'NONE', ( #2852 ), #1779, .T. ) ;
#770 = UNCERTAINTY_MEASURE_WITH_UNIT (LENGTH_MEASURE( 1.000000000000000082E-05 ), #2710, 'distance_accuracy_value', 'NONE');
#771 = FACE_OUTER_BOUND ( 'NONE', #3315, .T. ) ;
#772 = DIRECTION ( 'NONE',  ( 0.000000000000000000, 0.000000000000000000, 1.000000000000000000 ) ) ;
#773 = FILL_AREA_STYLE_COLOUR ( '', #2259 ) ;
#774 = PLANE ( 'NONE',  #3058 ) ;
#775 = ADVANCED_FACE ( 'NONE', ( #3496 ), #894, .T. ) ;
#776 = DIRECTION ( 'NONE',  ( 1.000000000000000000, 0.000000000000000000, 2.551063935260010491E-16 ) ) ;
#777 = CIRCLE ( 'NONE', #2337, 0.6000000000000000888 ) ;
#778 = EDGE_LOOP ( 'NONE', ( #566, #3086, #2418, #1429 ) ) ;
#779 = DIRECTION ( 'NONE',  ( 0.000000000000000000, 0.000000000000000000, 1.000000000000000000 ) ) ;
#780 = DIRECTION ( 'NONE',  ( -0.8660254037844380415, -0.5000000000000011102, 0.000000000000000000 ) ) ;
#781 = DIRECTION ( 'NONE',  ( 0.000000000000000000, 0.000000000000000000, -1.000000000000000000 ) ) ;
#782 = ORIENTED_EDGE ( 'NONE', *, *, #2455, .F. ) ;
#783 = SURFACE_SIDE_STYLE ('',( #225 ) ) ;
#784 = DIRECTION ( 'NONE',  ( 0.000000000000000000, -1.000000000000000000, 0.000000000000000000 ) ) ;
#785 = LINE ( 'NONE', #1653, #2589 ) ;
#786 = ORIENTED_EDGE ( 'NONE', *, *, #1804, .T. ) ;
#787 = CARTESIAN_POINT ( 'NONE',  ( 1.949999999999998845, -1.824999999999999734, 1.000000000000000666 ) ) ;
#788 = DIRECTION ( 'NONE',  ( 0.000000000000000000, -0.000000000000000000, 1.000000000000000000 ) ) ;
#789 = MECHANICAL_DESIGN_GEOMETRIC_PRESENTATION_REPRESENTATION (  '', ( #1570 ), #611 ) ;
#790 = DIRECTION ( 'NONE',  ( -0.000000000000000000, -0.000000000000000000, -1.000000000000000000 ) ) ;
#791 = COLOUR_RGB ( '',0.2509803921568627416, 0.2509803921568627416, 0.2509803921568627416 ) ;
#792 = ADVANCED_FACE ( 'NONE', ( #1817, #63 ), #2936, .F. ) ;
#793 = DIRECTION ( 'NONE',  ( -1.000000000000000000, 0.000000000000000000, 0.000000000000000000 ) ) ;
#794 = VECTOR ( 'NONE', #621, 1000.000000000000000 ) ;
#795 = ORIENTED_EDGE ( 'NONE', *, *, #2312, .F. ) ;
#796 = CARTESIAN_POINT ( 'NONE',  ( -1.299999999999999600, 2.274999999999999911, -0.5500000000000001554 ) ) ;
#797 = FACE_OUTER_BOUND ( 'NONE', #2882, .T. ) ;
#798 = SURFACE_STYLE_FILL_AREA ( #3715 ) ;
#799 = EDGE_LOOP ( 'NONE', ( #2235, #581, #2303, #154 ) ) ;
#800 = FILL_AREA_STYLE ('',( #2542 ) ) ;
#801 = DIRECTION ( 'NONE',  ( -0.000000000000000000, -1.000000000000000000, -0.000000000000000000 ) ) ;
#802 = VERTEX_POINT ( 'NONE', #1231 ) ;
#803 = DIRECTION ( 'NONE',  ( -0.000000000000000000, -1.000000000000000000, -0.000000000000000000 ) ) ;
#804 = LINE ( 'NONE', #543, #1777 ) ;
#805 = UNCERTAINTY_MEASURE_WITH_UNIT (LENGTH_MEASURE( 1.000000000000000082E-05 ), #3156, 'distance_accuracy_value', 'NONE');
#806 = STYLED_ITEM ( 'NONE', ( #24 ), #3337 ) ;
#807 = FACE_BOUND ( 'NONE', #2324, .T. ) ;
#808 = MECHANICAL_DESIGN_GEOMETRIC_PRESENTATION_REPRESENTATION (  '', ( #1587 ), #3191 ) ;
#809 = PLANE ( 'NONE',  #1353 ) ;
#810 = FACE_OUTER_BOUND ( 'NONE', #1724, .T. ) ;
#811 = ADVANCED_FACE ( 'NONE', ( #2385 ), #2955, .T. ) ;
#812 = COLOUR_RGB ( '',0.2509803921568627416, 0.2509803921568627416, 0.2509803921568627416 ) ;
#813 = CARTESIAN_POINT ( 'NONE',  ( 0.000000000000000000, -1.574999999999999734, 1.550000000000000488 ) ) ;
#814 = ORIENTED_EDGE ( 'NONE', *, *, #840, .F. ) ;
#815 = AXIS2_PLACEMENT_3D ( 'NONE', #1979, #1758, #615 ) ;
#816 = EDGE_CURVE ( 'NONE', #23, #1151, #3360, .T. ) ;
#817 = MECHANICAL_DESIGN_GEOMETRIC_PRESENTATION_REPRESENTATION (  '', ( #2680 ), #3565 ) ;
#818 = LINE ( 'NONE', #3693, #2549 ) ;
#819 = FACE_BOUND ( 'NONE', #3265, .T. ) ;
#820 = DIRECTION ( 'NONE',  ( 0.5000000000000005551, 0.8660254037844383745, -0.000000000000000000 ) ) ;
#821 = MECHANICAL_DESIGN_GEOMETRIC_PRESENTATION_REPRESENTATION (  '', ( #2070 ), #2570 ) ;
#822 = VERTEX_POINT ( 'NONE', #755 ) ;
#823 = MECHANICAL_DESIGN_GEOMETRIC_PRESENTATION_REPRESENTATION (  '', ( #528 ), #3707 ) ;
#824 = CARTESIAN_POINT ( 'NONE',  ( -1.949999999999999512, -1.824999999999999734, 1.550000000000000266 ) ) ;
#825 = ORIENTED_EDGE ( 'NONE', *, *, #3203, .T. ) ;
#826 = FILL_AREA_STYLE ('',( #3144 ) ) ;
#827 = ORIENTED_EDGE ( 'NONE', *, *, #2813, .F. ) ;
#828 = SURFACE_STYLE_FILL_AREA ( #2223 ) ;
#829 = CARTESIAN_POINT ( 'NONE',  ( 3.383493649053891605, -0.9250000000000001554, 0.5000000000000000000 ) ) ;
#830 = ORIENTED_EDGE ( 'NONE', *, *, #3423, .F. ) ;
#831 = CARTESIAN_POINT ( 'NONE',  ( -3.000000000000000000, 1.675000000000000266, 1.550000000000000266 ) ) ;
#832 = FILL_AREA_STYLE_COLOUR ( '', #1989 ) ;
#833 = MECHANICAL_DESIGN_GEOMETRIC_PRESENTATION_REPRESENTATION (  '', ( #1688 ), #3048 ) ;
#834 = PRESENTATION_STYLE_ASSIGNMENT (( #3405 ) ) ;
#835 = CARTESIAN_POINT ( 'NONE',  ( 1.300000000000000266, 2.274999999999999911, 0.5499999999999999334 ) ) ;
#836 = ORIENTED_EDGE ( 'NONE', *, *, #3248, .F. ) ;
#837 = CARTESIAN_POINT ( 'NONE',  ( -3.000000000000000444, 1.975000000000000089, -0.8000000000000000444 ) ) ;
#838 = SURFACE_SIDE_STYLE ('',( #2580 ) ) ;
#839 = ORIENTED_EDGE ( 'NONE', *, *, #1320, .T. ) ;
#840 = EDGE_CURVE ( 'NONE', #3046, #1586, #2790, .T. ) ;
#841 = AXIS2_PLACEMENT_3D ( 'NONE', #1659, #1093, #1684 ) ;
#842 = CARTESIAN_POINT ( 'NONE',  ( 0.000000000000000000, 0.000000000000000000, 1.750000000000000000 ) ) ;
#843 =( NAMED_UNIT ( * ) PLANE_ANGLE_UNIT ( ) SI_UNIT ( $, .RADIAN. ) );
#844 = ORIENTED_EDGE ( 'NONE', *, *, #1383, .F. ) ;
#845 = CARTESIAN_POINT ( 'NONE',  ( 3.000000000000000444, 1.675000000000000266, 1.549999999999999822 ) ) ;
#846 = AXIS2_PLACEMENT_3D ( 'NONE', #796, #1065, #3044 ) ;
#847 = CARTESIAN_POINT ( 'NONE',  ( 1.300000000000000266, 1.675000000000000266, -0.5500000000000001554 ) ) ;
#848 = VERTEX_POINT ( 'NONE', #3041 ) ;
#849 = DIRECTION ( 'NONE',  ( 1.000000000000000000, 0.000000000000000000, 0.000000000000000000 ) ) ;
#850 = FILL_AREA_STYLE ('',( #570 ) ) ;
#851 = CIRCLE ( 'NONE', #2948, 0.1999999999999999833 ) ;
#852 = FILL_AREA_STYLE_COLOUR ( '', #3628 ) ;
#853 = FACE_OUTER_BOUND ( 'NONE', #1200, .T. ) ;
#854 = VERTEX_POINT ( 'NONE', #1336 ) ;
#855 = DIRECTION ( 'NONE',  ( -0.000000000000000000, -0.000000000000000000, -1.000000000000000000 ) ) ;
#856 =( LENGTH_UNIT ( ) NAMED_UNIT ( * ) SI_UNIT ( .MILLI., .METRE. ) );
#857 = ORIENTED_EDGE ( 'NONE', *, *, #2887, .F. ) ;
#858 = SURFACE_SIDE_STYLE ('',( #1145 ) ) ;
#859 =( NAMED_UNIT ( * ) PLANE_ANGLE_UNIT ( ) SI_UNIT ( $, .RADIAN. ) );
#860 = SURFACE_STYLE_FILL_AREA ( #1131 ) ;
#861 = VERTEX_POINT ( 'NONE', #3625 ) ;
#862 = DIRECTION ( 'NONE',  ( 1.000000000000000000, 0.000000000000000000, 0.000000000000000000 ) ) ;
#863 = AXIS2_PLACEMENT_3D ( 'NONE', #2491, #2146, #718 ) ;
#864 = ADVANCED_FACE ( 'NONE', ( #977 ), #1480, .F. ) ;
#865 = VERTEX_POINT ( 'NONE', #2528 ) ;
#866 = DIRECTION ( 'NONE',  ( -0.000000000000000000, -1.000000000000000000, -0.000000000000000000 ) ) ;
#867 =( NAMED_UNIT ( * ) SI_UNIT ( $, .STERADIAN. ) SOLID_ANGLE_UNIT ( ) );
#868 = LINE ( 'NONE', #3061, #3723 ) ;
#869 = COLOUR_RGB ( '',0.7294117647058823151, 0.3568627450980392246, 0.02352941176470588203 ) ;
#870 = MANIFOLD_SOLID_BREP ( 'Fillet2', #1738 ) ;
#871 = ORIENTED_EDGE ( 'NONE', *, *, #3277, .T. ) ;
#872 = SURFACE_STYLE_USAGE ( .BOTH. , #3460 ) ;
#873 = VECTOR ( 'NONE', #1543, 1000.000000000000000 ) ;
#874 = ORIENTED_EDGE ( 'NONE', *, *, #2681, .T. ) ;
#875 = DIRECTION ( 'NONE',  ( -0.000000000000000000, -0.000000000000000000, -1.000000000000000000 ) ) ;
#876 = EDGE_CURVE ( 'NONE', #1319, #1742, #3642, .T. ) ;
#877 = VECTOR ( 'NONE', #440, 1000.000000000000114 ) ;
#878 = PRODUCT_DEFINITION_CONTEXT ( 'detailed design', #1204, 'design' ) ;
#879 = DIRECTION ( 'NONE',  ( -0.000000000000000000, -1.000000000000000000, -0.000000000000000000 ) ) ;
#880 = ORIENTED_EDGE ( 'NONE', *, *, #1167, .F. ) ;
#881 = AXIS2_PLACEMENT_3D ( 'NONE', #1645, #1704, #496 ) ;
#882 = EDGE_CURVE ( 'NONE', #1319, #1634, #1077, .T. ) ;
#883 = PLANE ( 'NONE',  #3629 ) ;
#884 = EDGE_CURVE ( 'NONE', #8, #934, #2619, .T. ) ;
#885 = VERTEX_POINT ( 'NONE', #2750 ) ;
#886 = CARTESIAN_POINT ( 'NONE',  ( 2.961913519143117846, 2.096359493723076284, 0.7611074106059722011 ) ) ;
#887 = B_SPLINE_CURVE_WITH_KNOTS ( 'NONE', 3,
 ( #2215, #1916, #1576, #2485, #1288, #1638, #3068, #505 ),
 .UNSPECIFIED., .F., .F.,
 ( 4, 2, 2, 4 ),
 ( 0.000000000000000000, 0.0001012925316159612592, 0.0002025850632319225184, 0.0004051701264638450368 ),
 .UNSPECIFIED. ) ;
#888 = EDGE_CURVE ( 'NONE', #3635, #3534, #3038, .T. ) ;
#889 = LINE ( 'NONE', #3099, #2318 ) ;
#890 = ORIENTED_EDGE ( 'NONE', *, *, #3070, .T. ) ;
#891 = VECTOR ( 'NONE', #1148, 1000.000000000000000 ) ;
#892 = VERTEX_POINT ( 'NONE', #1308 ) ;
#893 = FACE_OUTER_BOUND ( 'NONE', #279, .T. ) ;
#894 = PLANE ( 'NONE',  #2317 ) ;
#895 = SURFACE_STYLE_FILL_AREA ( #3230 ) ;
#896 = EDGE_CURVE ( 'NONE', #2100, #8, #511, .T. ) ;
#897 = DIRECTION ( 'NONE',  ( 0.000000000000000000, 0.000000000000000000, -1.000000000000000000 ) ) ;
#898 = ORIENTED_EDGE ( 'NONE', *, *, #91, .T. ) ;
#899 = CYLINDRICAL_SURFACE ( 'NONE', #1998, 0.1999999999999998723 ) ;
#900 = EDGE_LOOP ( 'NONE', ( #2365, #1149, #742, #1456 ) ) ;
#901 = AXIS2_PLACEMENT_3D ( 'NONE', #561, #2924, #2275 ) ;
#902 = ORIENTED_EDGE ( 'NONE', *, *, #526, .F. ) ;
#903 =( NAMED_UNIT ( * ) PLANE_ANGLE_UNIT ( ) SI_UNIT ( $, .RADIAN. ) );
#904 = SURFACE_STYLE_FILL_AREA ( #1206 ) ;
#905 = LINE ( 'NONE', #1770, #2489 ) ;
#906 = ORIENTED_EDGE ( 'NONE', *, *, #2813, .T. ) ;
#907 = DIRECTION ( 'NONE',  ( -0.000000000000000000, -0.000000000000000000, 1.000000000000000000 ) ) ;
#908 = ORIENTED_EDGE ( 'NONE', *, *, #1943, .T. ) ;
#909 = EDGE_CURVE ( 'NONE', #756, #1972, #1938, .T. ) ;
#910 = AXIS2_PLACEMENT_3D ( 'NONE', #3561, #2427, #995 ) ;
#911 = CARTESIAN_POINT ( 'NONE',  ( 2.799999999999999378, 2.175000000000000266, -0.8000000000000000444 ) ) ;
#912 = SURFACE_STYLE_FILL_AREA ( #3482 ) ;
#913 = SURFACE_SIDE_STYLE ('',( #860 ) ) ;
#914 = ORIENTED_EDGE ( 'NONE', *, *, #492, .F. ) ;
#915 = DIRECTION ( 'NONE',  ( 1.000000000000000000, 0.000000000000000000, 2.551063935260009505E-16 ) ) ;
#916 = DIRECTION ( 'NONE',  ( 0.000000000000000000, 0.000000000000000000, -1.000000000000000000 ) ) ;
#917 = CARTESIAN_POINT ( 'NONE',  ( -3.000000000000000444, 2.175000000000000266, 0.000000000000000000 ) ) ;
#918 = ADVANCED_FACE ( 'NONE', ( #214 ), #490, .T. ) ;
#919 = ORIENTED_EDGE ( 'NONE', *, *, #2618, .T. ) ;
#920 = SURFACE_SIDE_STYLE ('',( #324 ) ) ;
#921 = DIRECTION ( 'NONE',  ( 1.000000000000000000, 0.000000000000000000, 0.000000000000000000 ) ) ;
#922 =( NAMED_UNIT ( * ) SI_UNIT ( $, .STERADIAN. ) SOLID_ANGLE_UNIT ( ) );
#923 = VERTEX_POINT ( 'NONE', #1715 ) ;
#924 = DIRECTION ( 'NONE',  ( 0.000000000000000000, 1.000000000000000000, 0.000000000000000000 ) ) ;
#925 = VECTOR ( 'NONE', #926, 1000.000000000000114 ) ;
#926 = DIRECTION ( 'NONE',  ( -0.8660254037844380415, -0.5000000000000011102, 0.000000000000000000 ) ) ;
#927 = ORIENTED_EDGE ( 'NONE', *, *, #658, .T. ) ;
#928 = CIRCLE ( 'NONE', #2506, 0.1999999999999998723 ) ;
#929 = PLANE ( 'NONE',  #1358 ) ;
#930 = AXIS2_PLACEMENT_3D ( 'NONE', #1578, #2725, #2746 ) ;
#931 = CARTESIAN_POINT ( 'NONE',  ( 3.037083487540114923, -1.625000000000000222, 0.5000000000000000000 ) ) ;
#932 = ORIENTED_EDGE ( 'NONE', *, *, #3167, .F. ) ;
#933 = DIRECTION ( 'NONE',  ( -1.000000000000000000, 0.000000000000000000, 0.000000000000000000 ) ) ;
#934 = VERTEX_POINT ( 'NONE', #1702 ) ;
#935 = STYLED_ITEM ( 'NONE', ( #3702 ), #1573 ) ;
#936 = MECHANICAL_DESIGN_GEOMETRIC_PRESENTATION_REPRESENTATION (  '', ( #3511 ), #268 ) ;
#937 = LINE ( 'NONE', #1959, #3368 ) ;
#938 = ORIENTED_EDGE ( 'NONE', *, *, #3566, .T. ) ;
#939 = SURFACE_STYLE_FILL_AREA ( #2730 ) ;
#940 = ADVANCED_FACE ( 'NONE', ( #3415 ), #1953, .F. ) ;
#941 = LINE ( 'NONE', #3184, #1007 ) ;
#942 = ORIENTED_EDGE ( 'NONE', *, *, #199, .F. ) ;
#943 = FILL_AREA_STYLE_COLOUR ( '', #2321 ) ;
#944 = PRESENTATION_STYLE_ASSIGNMENT (( #2454 ) ) ;
#945 = PLANE ( 'NONE',  #3126 ) ;
#946 = PLANE ( 'NONE',  #11 ) ;
#947 = ORIENTED_EDGE ( 'NONE', *, *, #1710, .F. ) ;
#948 = FILL_AREA_STYLE_COLOUR ( '', #3090 ) ;
#949 = DIRECTION ( 'NONE',  ( 0.000000000000000000, 1.000000000000000000, 0.000000000000000000 ) ) ;
#950 = ORIENTED_EDGE ( 'NONE', *, *, #1503, .T. ) ;
#951 = VECTOR ( 'NONE', #2539, 1000.000000000000000 ) ;
#952 =( GEOMETRIC_REPRESENTATION_CONTEXT ( 3 ) GLOBAL_UNCERTAINTY_ASSIGNED_CONTEXT ( ( #2838 ) ) GLOBAL_UNIT_ASSIGNED_CONTEXT ( ( #395, #2172, #1089 ) ) REPRESENTATION_CONTEXT ( 'NONE', 'WORKASPACE' ) );
#953 = CARTESIAN_POINT ( 'NONE',  ( 2.799999999999999378, -1.824999999999999734, -1.549999999999999378 ) ) ;
#954 = ORIENTED_EDGE ( 'NONE', *, *, #2922, .F. ) ;
#955 = EDGE_CURVE ( 'NONE', #1857, #1260, #2587, .T. ) ;
#956 =( NAMED_UNIT ( * ) SI_UNIT ( $, .STERADIAN. ) SOLID_ANGLE_UNIT ( ) );
#957 = TOROIDAL_SURFACE ( 'NONE', #411, 0.6000000000000000888, 0.2000000000000000111 ) ;
#958 = PRESENTATION_STYLE_ASSIGNMENT (( #2394 ) ) ;
#959 = CARTESIAN_POINT ( 'NONE',  ( 2.999999999999999556, 1.975000000000000089, 0.8000000000000000444 ) ) ;
#960 = DIRECTION ( 'NONE',  ( 3.942553354492744024E-16, 0.000000000000000000, -1.000000000000000000 ) ) ;
#961 =( NAMED_UNIT ( * ) SI_UNIT ( $, .STERADIAN. ) SOLID_ANGLE_UNIT ( ) );
#962 = DIRECTION ( 'NONE',  ( 0.000000000000000000, -0.000000000000000000, 1.000000000000000000 ) ) ;
#963 = EDGE_LOOP ( 'NONE', ( #3397, #473, #2645, #1765 ) ) ;
#964 = DIRECTION ( 'NONE',  ( 1.000000000000000000, 0.000000000000000000, 0.000000000000000000 ) ) ;
#965 =( GEOMETRIC_REPRESENTATION_CONTEXT ( 3 ) GLOBAL_UNCERTAINTY_ASSIGNED_CONTEXT ( ( #1860 ) ) GLOBAL_UNIT_ASSIGNED_CONTEXT ( ( #1807, #92, #2203 ) ) REPRESENTATION_CONTEXT ( 'NONE', 'WORKASPACE' ) );
#966 = ORIENTED_EDGE ( 'NONE', *, *, #2420, .T. ) ;
#967 = CARTESIAN_POINT ( 'NONE',  ( 3.037083487540114923, -1.625000000000000222, -0.5000000000000000000 ) ) ;
#968 = FACE_OUTER_BOUND ( 'NONE', #2071, .T. ) ;
#969 = EDGE_LOOP ( 'NONE', ( #67, #328, #1678, #1454 ) ) ;
#970 = CARTESIAN_POINT ( 'NONE',  ( -3.210288568297002154, -1.725000000000000089, -0.5000000000000000000 ) ) ;
#971 = AXIS2_PLACEMENT_3D ( 'NONE', #1863, #1581, #2729 ) ;
#972 = ORIENTED_EDGE ( 'NONE', *, *, #3318, .T. ) ;
#973 = EDGE_CURVE ( 'NONE', #1699, #270, #547, .T. ) ;
#974 = PRESENTATION_STYLE_ASSIGNMENT (( #3254 ) ) ;
#975 = CARTESIAN_POINT ( 'NONE',  ( 1.300000000000000266, 2.274999999999999911, -0.5500000000000001554 ) ) ;
#976 = DIRECTION ( 'NONE',  ( -0.8660254037844379305, -0.5000000000000014433, 0.000000000000000000 ) ) ;
#977 = FACE_OUTER_BOUND ( 'NONE', #1423, .T. ) ;
#978 = CARTESIAN_POINT ( 'NONE',  ( 2.799999999999999378, -1.824999999999999734, -0.9999999999999991118 ) ) ;
#979 = LINE ( 'NONE', #2123, #1240 ) ;
#980 = ORIENTED_EDGE ( 'NONE', *, *, #746, .F. ) ;
#981 = CARTESIAN_POINT ( 'NONE',  ( 2.942870879739224677, 2.117237322004745348, -0.7410059942386296727 ) ) ;
#982 = DIRECTION ( 'NONE',  ( 0.5000000000000012212, 0.8660254037844380415, -0.000000000000000000 ) ) ;
#983 = ORIENTED_EDGE ( 'NONE', *, *, #1584, .T. ) ;
#984 = VECTOR ( 'NONE', #694, 1000.000000000000000 ) ;
#985 = UNCERTAINTY_MEASURE_WITH_UNIT (LENGTH_MEASURE( 1.000000000000000082E-05 ), #610, 'distance_accuracy_value', 'NONE');
#986 = EDGE_LOOP ( 'NONE', ( #3361, #2125, #825, #1745 ) ) ;
#987 = CARTESIAN_POINT ( 'NONE',  ( -3.000000000000000444, 0.000000000000000000, 1.750000000000000000 ) ) ;
#988 = FILL_AREA_STYLE ('',( #695 ) ) ;
#989 = VECTOR ( 'NONE', #907, 1000.000000000000000 ) ;
#990 = UNCERTAINTY_MEASURE_WITH_UNIT (LENGTH_MEASURE( 1.000000000000000082E-05 ), #1997, 'distance_accuracy_value', 'NONE');
#991 = DIRECTION ( 'NONE',  ( 1.000000000000000000, 0.000000000000000000, 0.000000000000000000 ) ) ;
#992 = FILL_AREA_STYLE ('',( #3559 ) ) ;
#993 = EDGE_CURVE ( 'NONE', #1637, #3470, #1687, .T. ) ;
#994 = SURFACE_SIDE_STYLE ('',( #3560 ) ) ;
#995 = DIRECTION ( 'NONE',  ( 0.8660254037844380415, 0.5000000000000012212, 0.000000000000000000 ) ) ;
#996 = PRESENTATION_LAYER_ASSIGNMENT (  '', '', ( #2323 ) ) ;
#997 = CARTESIAN_POINT ( 'NONE',  ( 2.999999999999999556, 1.975000000000000089, 0.8000000000000000444 ) ) ;
#998 = MECHANICAL_DESIGN_GEOMETRIC_PRESENTATION_REPRESENTATION (  '', ( #2973 ), #1067 ) ;
#999 = EDGE_CURVE ( 'NONE', #892, #861, #3727, .T. ) ;
#1000 = CARTESIAN_POINT ( 'NONE',  ( -1.309999999999998499, 1.575000000000000178, 0.7600000000000000089 ) ) ;
#1001 = DIRECTION ( 'NONE',  ( 1.000000000000000000, 0.000000000000000000, 0.000000000000000000 ) ) ;
#1002 = ORIENTED_EDGE ( 'NONE', *, *, #993, .T. ) ;
#1003 = LINE ( 'NONE', #95, #2381 ) ;
#1004 = EDGE_CURVE ( 'NONE', #3633, #251, #2295, .T. ) ;
#1005 = CARTESIAN_POINT ( 'NONE',  ( 1.300000000000000266, 2.274999999999999911, -0.5500000000000001554 ) ) ;
#1006 = ORIENTED_EDGE ( 'NONE', *, *, #1826, .T. ) ;
#1007 = VECTOR ( 'NONE', #2913, 1000.000000000000000 ) ;
#1008 = DIRECTION ( 'NONE',  ( 0.000000000000000000, 0.000000000000000000, -1.000000000000000000 ) ) ;
#1009 = DIRECTION ( 'NONE',  ( -0.000000000000000000, 0.000000000000000000, -1.000000000000000000 ) ) ;
#1010 = ORIENTED_EDGE ( 'NONE', *, *, #3562, .T. ) ;
#1011 = DIRECTION ( 'NONE',  ( -0.000000000000000000, -1.000000000000000000, -0.000000000000000000 ) ) ;
#1012 = SURFACE_STYLE_FILL_AREA ( #2444 ) ;
#1013 = DIRECTION ( 'NONE',  ( -1.000000000000000000, 0.000000000000000000, 0.000000000000000000 ) ) ;
#1014 = EDGE_CURVE ( 'NONE', #3381, #1637, #928, .T. ) ;
#1015 = APPLICATION_CONTEXT ( 'automotive_design' ) ;
#1016 = CIRCLE ( 'NONE', #2763, 0.1999999999999999833 ) ;
#1017 = CARTESIAN_POINT ( 'NONE',  ( 2.800000000000000266, 1.575000000000000178, -1.749999999999999778 ) ) ;
#1018 = CARTESIAN_POINT ( 'NONE',  ( 1.309999999999998943, 1.675000000000000266, 0.7600000000000000089 ) ) ;
#1019 = CARTESIAN_POINT ( 'NONE',  ( 0.000000000000000000, -1.824999999999999734, 1.550000000000000488 ) ) ;
#1020 =( NAMED_UNIT ( * ) SI_UNIT ( $, .STERADIAN. ) SOLID_ANGLE_UNIT ( ) );
#1021 = PLANE ( 'NONE',  #588 ) ;
#1022 = COLOUR_RGB ( '',0.2509803921568627416, 0.2509803921568627416, 0.2509803921568627416 ) ;
#1023 = CARTESIAN_POINT ( 'NONE',  ( 2.400000000000001243, -1.574999999999999734, 1.750000000000000000 ) ) ;
#1024 = ORIENTED_EDGE ( 'NONE', *, *, #250, .F. ) ;
#1025 = CARTESIAN_POINT ( 'NONE',  ( 1.310000000000000497, 1.675000000000000266, -0.5600000000000000533 ) ) ;
#1026 = LINE ( 'NONE', #455, #1833 ) ;
#1027 = EDGE_CURVE ( 'NONE', #865, #2810, #2873, .T. ) ;
#1028 = MECHANICAL_DESIGN_GEOMETRIC_PRESENTATION_REPRESENTATION (  '', ( #2167 ), #1701 ) ;
#1029 = ORIENTED_EDGE ( 'NONE', *, *, #2781, .F. ) ;
#1030 = LINE ( 'NONE', #725, #3140 ) ;
#1031 = DIRECTION ( 'NONE',  ( 0.000000000000000000, 0.000000000000000000, 1.000000000000000000 ) ) ;
#1032 = ADVANCED_FACE ( 'NONE', ( #2602 ), #883, .F. ) ;
#1033 = CIRCLE ( 'NONE', #2292, 0.2000000000000000944 ) ;
#1034 = UNCERTAINTY_MEASURE_WITH_UNIT (LENGTH_MEASURE( 1.000000000000000082E-05 ), #1969, 'distance_accuracy_value', 'NONE');
#1035 = VECTOR ( 'NONE', #1070, 1000.000000000000000 ) ;
#1036 = FILL_AREA_STYLE_COLOUR ( '', #1022 ) ;
#1037 = DIRECTION ( 'NONE',  ( -0.000000000000000000, -1.000000000000000000, -0.000000000000000000 ) ) ;
#1038 = DIRECTION ( 'NONE',  ( 0.000000000000000000, 0.000000000000000000, -1.000000000000000000 ) ) ;
#1039 = SURFACE_STYLE_USAGE ( .BOTH. , #1919 ) ;
#1040 = AXIS2_PLACEMENT_3D ( 'NONE', #735, #2517, #435 ) ;
#1041 = UNCERTAINTY_MEASURE_WITH_UNIT (LENGTH_MEASURE( 1.000000000000000082E-05 ), #3410, 'distance_accuracy_value', 'NONE');
#1042 = LINE ( 'NONE', #2180, #2043 ) ;
#1043 = ADVANCED_FACE ( 'NONE', ( #3684 ), #809, .F. ) ;
#1044 = SURFACE_STYLE_USAGE ( .BOTH. , #470 ) ;
#1045 = ORIENTED_EDGE ( 'NONE', *, *, #1943, .F. ) ;
#1046 = LINE ( 'NONE', #387, #873 ) ;
#1047 = PRESENTATION_STYLE_ASSIGNMENT (( #263 ) ) ;
#1048 = CARTESIAN_POINT ( 'NONE',  ( 0.000000000000000000, -1.574999999999999734, 0.5000000000000000000 ) ) ;
#1049 = ADVANCED_FACE ( 'NONE', ( #2865 ), #2560, .T. ) ;
#1050 = ORIENTED_EDGE ( 'NONE', *, *, #1879, .F. ) ;
#1051 =( GEOMETRIC_REPRESENTATION_CONTEXT ( 3 ) GLOBAL_UNCERTAINTY_ASSIGNED_CONTEXT ( ( #74 ) ) GLOBAL_UNIT_ASSIGNED_CONTEXT ( ( #2872, #1444, #604 ) ) REPRESENTATION_CONTEXT ( 'NONE', 'WORKASPACE' ) );
#1052 = CARTESIAN_POINT ( 'NONE',  ( 2.799999999999999378, 2.175000000000000266, 0.5656854249492380138 ) ) ;
#1053 = VERTEX_POINT ( 'NONE', #538 ) ;
#1054 = CARTESIAN_POINT ( 'NONE',  ( -3.210288568297002154, -1.725000000000000089, -0.5000000000000000000 ) ) ;
#1055 = FACE_OUTER_BOUND ( 'NONE', #1073, .T. ) ;
#1056 = DIRECTION ( 'NONE',  ( -0.000000000000000000, -1.000000000000000000, -0.000000000000000000 ) ) ;
#1057 = VECTOR ( 'NONE', #875, 1000.000000000000000 ) ;
#1058 = FILL_AREA_STYLE_COLOUR ( '', #1508 ) ;
#1059 = CIRCLE ( 'NONE', #2191, 0.1999999999999996503 ) ;
#1060 = CARTESIAN_POINT ( 'NONE',  ( 1.500000000000000444, 2.475000000000000089, 0.5499999999999984901 ) ) ;
#1061 = VECTOR ( 'NONE', #790, 1000.000000000000000 ) ;
#1062 = DIRECTION ( 'NONE',  ( 1.000000000000000000, 0.000000000000000000, 2.551063935260009505E-16 ) ) ;
#1063 = DIRECTION ( 'NONE',  ( -0.000000000000000000, -1.000000000000000000, -0.000000000000000000 ) ) ;
#1064 = EDGE_LOOP ( 'NONE', ( #3737, #3555, #3719, #3179, #3453, #3716, #3401, #2299, #2152, #3479, #1491, #1759 ) ) ;
#1065 = DIRECTION ( 'NONE',  ( 0.000000000000000000, 0.000000000000000000, 1.000000000000000000 ) ) ;
#1066 = CARTESIAN_POINT ( 'NONE',  ( -3.000000000000000444, 1.575000000000000178, 0.000000000000000000 ) ) ;
#1067 =( GEOMETRIC_REPRESENTATION_CONTEXT ( 3 ) GLOBAL_UNCERTAINTY_ASSIGNED_CONTEXT ( ( #3503 ) ) GLOBAL_UNIT_ASSIGNED_CONTEXT ( ( #430, #3220, #2158 ) ) REPRESENTATION_CONTEXT ( 'NONE', 'WORKASPACE' ) );
#1068 = DIRECTION ( 'NONE',  ( 1.000000000000000000, 0.000000000000000000, 0.000000000000000000 ) ) ;
#1069 = ORIENTED_EDGE ( 'NONE', *, *, #2497, .F. ) ;
#1070 = DIRECTION ( 'NONE',  ( -0.000000000000000000, -0.000000000000000000, -1.000000000000000000 ) ) ;
#1071 = CARTESIAN_POINT ( 'NONE',  ( 1.510000000000000231, 1.675000000000000266, 0.5599999999999986100 ) ) ;
#1072 = AXIS2_PLACEMENT_3D ( 'NONE', #1334, #1610, #1001 ) ;
#1073 = EDGE_LOOP ( 'NONE', ( #3549, #374, #2098, #1654, #1135, #1980, #2561, #259 ) ) ;
#1074 = CARTESIAN_POINT ( 'NONE',  ( 3.000000000000000444, 1.675000000000000266, 1.549999999999999822 ) ) ;
#1075 = FACE_BOUND ( 'NONE', #778, .T. ) ;
#1076 = FACE_OUTER_BOUND ( 'NONE', #232, .T. ) ;
#1077 = LINE ( 'NONE', #3356, #312 ) ;
#1078 = EDGE_CURVE ( 'NONE', #1390, #1634, #1104, .T. ) ;
#1079 = AXIS2_PLACEMENT_3D ( 'NONE', #2783, #2483, #3349 ) ;
#1080 = LINE ( 'NONE', #1000, #169 ) ;
#1081 = VECTOR ( 'NONE', #3438, 1000.000000000000000 ) ;
#1082 = VERTEX_POINT ( 'NONE', #240 ) ;
#1083 =( NAMED_UNIT ( * ) SI_UNIT ( $, .STERADIAN. ) SOLID_ANGLE_UNIT ( ) );
#1084 = CYLINDRICAL_SURFACE ( 'NONE', #2061, 0.1999999999999999833 ) ;
#1085 = DIRECTION ( 'NONE',  ( 0.000000000000000000, 0.000000000000000000, -1.000000000000000000 ) ) ;
#1086 = ORIENTED_EDGE ( 'NONE', *, *, #1683, .T. ) ;
#1087 =( LENGTH_UNIT ( ) NAMED_UNIT ( * ) SI_UNIT ( .MILLI., .METRE. ) );
#1088 = CARTESIAN_POINT ( 'NONE',  ( 1.949999999999999956, -1.574999999999999734, -1.549999999999999600 ) ) ;
#1089 =( NAMED_UNIT ( * ) SI_UNIT ( $, .STERADIAN. ) SOLID_ANGLE_UNIT ( ) );
#1090 = VERTEX_POINT ( 'NONE', #1707 ) ;
#1091 = DIRECTION ( 'NONE',  ( -0.000000000000000000, -0.000000000000000000, -1.000000000000000000 ) ) ;
#1092 =( NAMED_UNIT ( * ) PLANE_ANGLE_UNIT ( ) SI_UNIT ( $, .RADIAN. ) );
#1093 = DIRECTION ( 'NONE',  ( 0.000000000000000000, 1.000000000000000000, 0.000000000000000000 ) ) ;
#1094 = AXIS2_PLACEMENT_3D ( 'NONE', #3624, #2160, #732 ) ;
#1095 = CARTESIAN_POINT ( 'NONE',  ( 2.999999999999999556, 2.175000000000000266, 0.8000000000000000444 ) ) ;
#1096 = FILL_AREA_STYLE_COLOUR ( '', #1652 ) ;
#1097 = DIRECTION ( 'NONE',  ( -0.000000000000000000, -1.000000000000000000, -0.000000000000000000 ) ) ;
#1098 = VECTOR ( 'NONE', #714, 1000.000000000000000 ) ;
#1099 = ORIENTED_EDGE ( 'NONE', *, *, #3525, .F. ) ;
#1100 =( LENGTH_UNIT ( ) NAMED_UNIT ( * ) SI_UNIT ( .MILLI., .METRE. ) );
#1101 = DIRECTION ( 'NONE',  ( -1.000000000000000000, 0.000000000000000000, -2.551063935260011477E-16 ) ) ;
#1102 = DIRECTION ( 'NONE',  ( -0.8660254037844382635, 0.5000000000000004441, 0.000000000000000000 ) ) ;
#1103 = ORIENTED_EDGE ( 'NONE', *, *, #2990, .F. ) ;
#1104 = LINE ( 'NONE', #276, #1479 ) ;
#1105 =( LENGTH_UNIT ( ) NAMED_UNIT ( * ) SI_UNIT ( .MILLI., .METRE. ) );
#1106 = DIRECTION ( 'NONE',  ( -1.000000000000000000, 0.000000000000000000, 0.000000000000000000 ) ) ;
#1107 = VERTEX_POINT ( 'NONE', #837 ) ;
#1108 = MECHANICAL_DESIGN_GEOMETRIC_PRESENTATION_REPRESENTATION (  '', ( #2244 ), #3434 ) ;
#1109 =( NAMED_UNIT ( * ) PLANE_ANGLE_UNIT ( ) SI_UNIT ( $, .RADIAN. ) );
#1110 = SURFACE_SIDE_STYLE ('',( #1129 ) ) ;
#1111 =( GEOMETRIC_REPRESENTATION_CONTEXT ( 3 ) GLOBAL_UNCERTAINTY_ASSIGNED_CONTEXT ( ( #703 ) ) GLOBAL_UNIT_ASSIGNED_CONTEXT ( ( #2048, #3169, #922 ) ) REPRESENTATION_CONTEXT ( 'NONE', 'WORKASPACE' ) );
#1112 = FILL_AREA_STYLE ('',( #1036 ) ) ;
#1113 = EDGE_LOOP ( 'NONE', ( #290, #2820, #39, #1783 ) ) ;
#1114 = CARTESIAN_POINT ( 'NONE',  ( 2.999999999999999556, 1.575000000000000178, 0.8000000000000000444 ) ) ;
#1115 =( GEOMETRIC_REPRESENTATION_CONTEXT ( 3 ) GLOBAL_UNCERTAINTY_ASSIGNED_CONTEXT ( ( #467 ) ) GLOBAL_UNIT_ASSIGNED_CONTEXT ( ( #3125, #1439, #3106 ) ) REPRESENTATION_CONTEXT ( 'NONE', 'WORKASPACE' ) );
#1116 = VECTOR ( 'NONE', #862, 1000.000000000000000 ) ;
#1117 = ORIENTED_EDGE ( 'NONE', *, *, #3105, .T. ) ;
#1118 = COLOUR_RGB ( '',0.7921568627450980005, 0.8196078431372548767, 0.9333333333333333481 ) ;
#1119 = SURFACE_STYLE_FILL_AREA ( #3115 ) ;
#1120 = MECHANICAL_DESIGN_GEOMETRIC_PRESENTATION_REPRESENTATION (  '', ( #200 ), #1663 ) ;
#1121 = EDGE_CURVE ( 'NONE', #2288, #1186, #1402, .T. ) ;
#1122 = LINE ( 'NONE', #1379, #3608 ) ;
#1123 = CARTESIAN_POINT ( 'NONE',  ( 0.000000000000000000, -1.574999999999999734, 1.750000000000000000 ) ) ;
#1124 = AXIS2_PLACEMENT_3D ( 'NONE', #3334, #1597, #1621 ) ;
#1125 = VERTEX_POINT ( 'NONE', #3408 ) ;
#1126 = PRESENTATION_LAYER_ASSIGNMENT (  '', '', ( #2973 ) ) ;
#1127 = ORIENTED_EDGE ( 'NONE', *, *, #3040, .T. ) ;
#1128 = DIRECTION ( 'NONE',  ( 5.102127870520022954E-16, 0.000000000000000000, -1.000000000000000000 ) ) ;
#1129 = SURFACE_STYLE_FILL_AREA ( #3680 ) ;
#1130 = AXIS2_PLACEMENT_3D ( 'NONE', #407, #326, #3547 ) ;
#1131 = FILL_AREA_STYLE ('',( #3466 ) ) ;
#1132 = ORIENTED_EDGE ( 'NONE', *, *, #2409, .F. ) ;
#1133 = DIRECTION ( 'NONE',  ( 0.000000000000000000, -0.000000000000000000, 1.000000000000000000 ) ) ;
#1134 = PRESENTATION_LAYER_ASSIGNMENT (  '', '', ( #3403 ) ) ;
#1135 = ORIENTED_EDGE ( 'NONE', *, *, #1867, .T. ) ;
#1136 = DIRECTION ( 'NONE',  ( -0.000000000000000000, -1.000000000000000000, -0.000000000000000000 ) ) ;
#1137 = CIRCLE ( 'NONE', #3217, 0.2000000000000000389 ) ;
#1138 = FACE_OUTER_BOUND ( 'NONE', #3531, .T. ) ;
#1139 = STYLED_ITEM ( 'NONE', ( #83 ), #3240 ) ;
#1140 = FACE_OUTER_BOUND ( 'NONE', #2296, .T. ) ;
#1141 = PRESENTATION_STYLE_ASSIGNMENT (( #3100 ) ) ;
#1142 = ORIENTED_EDGE ( 'NONE', *, *, #3226, .F. ) ;
#1143 = ORIENTED_EDGE ( 'NONE', *, *, #3040, .F. ) ;
#1144 = EDGE_CURVE ( 'NONE', #114, #3057, #1650, .T. ) ;
#1145 = SURFACE_STYLE_FILL_AREA ( #2821 ) ;
#1146 = CARTESIAN_POINT ( 'NONE',  ( 3.954149099653017592E-16, -1.824999999999999734, -1.550000000000000044 ) ) ;
#1147 = DIRECTION ( 'NONE',  ( -1.000000000000000000, 0.000000000000000000, -0.000000000000000000 ) ) ;
#1148 = DIRECTION ( 'NONE',  ( 0.000000000000000000, 0.000000000000000000, -1.000000000000000000 ) ) ;
#1149 = ORIENTED_EDGE ( 'NONE', *, *, #1627, .F. ) ;
#1150 = ORIENTED_EDGE ( 'NONE', *, *, #1966, .F. ) ;
#1151 = VERTEX_POINT ( 'NONE', #1470 ) ;
#1152 = CARTESIAN_POINT ( 'NONE',  ( -1.299999999999998268, 1.675000000000000266, -0.7500000000000001110 ) ) ;
#1153 = CIRCLE ( 'NONE', #2477, 0.2000000000000000944 ) ;
#1154 = CARTESIAN_POINT ( 'NONE',  ( 2.999999999999999556, -1.574999999999999734, 1.750000000000000000 ) ) ;
#1155 = LINE ( 'NONE', #2302, #951 ) ;
#1156 = ORIENTED_EDGE ( 'NONE', *, *, #1549, .T. ) ;
#1157 = EDGE_CURVE ( 'NONE', #94, #2667, #1226, .T. ) ;
#1158 = DIRECTION ( 'NONE',  ( 0.000000000000000000, 0.000000000000000000, -1.000000000000000000 ) ) ;
#1159 = FILL_AREA_STYLE ('',( #3739 ) ) ;
#1160 = VERTEX_POINT ( 'NONE', #2032 ) ;
#1161 =( LENGTH_UNIT ( ) NAMED_UNIT ( * ) SI_UNIT ( .MILLI., .METRE. ) );
#1162 = EDGE_CURVE ( 'NONE', #419, #1053, #3574, .T. ) ;
#1163 = CARTESIAN_POINT ( 'NONE',  ( -3.000000000000000444, -1.574999999999999734, -0.5000000000000002220 ) ) ;
#1164 = VERTEX_POINT ( 'NONE', #1812 ) ;
#1165 = DIRECTION ( 'NONE',  ( 0.000000000000000000, 0.000000000000000000, 1.000000000000000000 ) ) ;
#1166 = DIRECTION ( 'NONE',  ( 1.000000000000000000, 0.000000000000000000, 0.000000000000000000 ) ) ;
#1167 = EDGE_CURVE ( 'NONE', #3101, #2258, #1743, .T. ) ;
#1168 = ORIENTED_EDGE ( 'NONE', *, *, #2145, .T. ) ;
#1169 = COLOUR_RGB ( '',0.2509803921568627416, 0.2509803921568627416, 0.2509803921568627416 ) ;
#1170 = CARTESIAN_POINT ( 'NONE',  ( 2.999999999999999556, 1.575000000000000178, -0.8000000000000000444 ) ) ;
#1171 = PRESENTATION_LAYER_ASSIGNMENT (  '', '', ( #3082 ) ) ;
#1172 = ORIENTED_EDGE ( 'NONE', *, *, #245, .T. ) ;
#1173 = CARTESIAN_POINT ( 'NONE',  ( 2.999999999999999556, 1.675000000000000266, 0.000000000000000000 ) ) ;
#1174 = AXIS2_PLACEMENT_3D ( 'NONE', #2310, #1681, #1147 ) ;
#1175 = MECHANICAL_DESIGN_GEOMETRIC_PRESENTATION_REPRESENTATION (  '', ( #1836 ), #1961 ) ;
#1176 = VECTOR ( 'NONE', #3266, 1000.000000000000000 ) ;
#1177 = EDGE_LOOP ( 'NONE', ( #2334, #224, #3627, #1985 ) ) ;
#1178 = CARTESIAN_POINT ( 'NONE',  ( 2.799999999999999378, -1.824999999999999734, -0.9999999999999991118 ) ) ;
#1179 =( NAMED_UNIT ( * ) PLANE_ANGLE_UNIT ( ) SI_UNIT ( $, .RADIAN. ) );
#1180 = FILL_AREA_STYLE ('',( #3147 ) ) ;
#1181 = UNCERTAINTY_MEASURE_WITH_UNIT (LENGTH_MEASURE( 1.000000000000000082E-05 ), #498, 'distance_accuracy_value', 'NONE');
#1182 = CARTESIAN_POINT ( 'NONE',  ( 3.210288568297002154, -1.725000000000000089, -0.5000000000000000000 ) ) ;
#1183 = DIRECTION ( 'NONE',  ( 0.000000000000000000, 1.000000000000000000, 0.000000000000000000 ) ) ;
#1184 = ORIENTED_EDGE ( 'NONE', *, *, #3035, .F. ) ;
#1185 = DIRECTION ( 'NONE',  ( 0.000000000000000000, 0.000000000000000000, -1.000000000000000000 ) ) ;
#1186 = VERTEX_POINT ( 'NONE', #2883 ) ;
#1187 = VERTEX_POINT ( 'NONE', #1774 ) ;
#1188 = SURFACE_SIDE_STYLE ('',( #648 ) ) ;
#1189 = FACE_OUTER_BOUND ( 'NONE', #2384, .T. ) ;
#1190 =( LENGTH_UNIT ( ) NAMED_UNIT ( * ) SI_UNIT ( .MILLI., .METRE. ) );
#1191 = CARTESIAN_POINT ( 'NONE',  ( 1.510000000000000231, 1.575000000000000178, 0.5599999999999986100 ) ) ;
#1192 = VERTEX_POINT ( 'NONE', #329 ) ;
#1193 = SURFACE_STYLE_FILL_AREA ( #3459 ) ;
#1194 = AXIS2_PLACEMENT_3D ( 'NONE', #2650, #1215, #2441 ) ;
#1195 = EDGE_CURVE ( 'NONE', #3110, #3025, #2916, .T. ) ;
#1196 = ORIENTED_EDGE ( 'NONE', *, *, #609, .F. ) ;
#1197 = FILL_AREA_STYLE ('',( #1212 ) ) ;
#1198 = EDGE_CURVE ( 'NONE', #3331, #3633, #2621, .T. ) ;
#1199 = SURFACE_STYLE_USAGE ( .BOTH. , #318 ) ;
#1200 = EDGE_LOOP ( 'NONE', ( #1313, #3177, #2627, #2023 ) ) ;
#1201 = FACE_OUTER_BOUND ( 'NONE', #15, .T. ) ;
#1202 = PRESENTATION_STYLE_ASSIGNMENT (( #3732 ) ) ;
#1203 = ADVANCED_FACE ( 'NONE', ( #3513 ), #1455, .T. ) ;
#1204 = APPLICATION_CONTEXT ( 'automotive_design' ) ;
#1205 = ORIENTED_EDGE ( 'NONE', *, *, #272, .T. ) ;
#1206 = FILL_AREA_STYLE ('',( #2342 ) ) ;
#1207 = CARTESIAN_POINT ( 'NONE',  ( -2.799999999999999378, -1.824999999999999734, 0.000000000000000000 ) ) ;
#1208 = STYLED_ITEM ( 'NONE', ( #1221 ), #2017 ) ;
#1209 = ORIENTED_EDGE ( 'NONE', *, *, #3073, .T. ) ;
#1210 = MECHANICAL_DESIGN_GEOMETRIC_PRESENTATION_REPRESENTATION (  '', ( #552 ), #350 ) ;
#1211 = ORIENTED_EDGE ( 'NONE', *, *, #2233, .T. ) ;
#1212 = FILL_AREA_STYLE_COLOUR ( '', #515 ) ;
#1213 = MECHANICAL_DESIGN_GEOMETRIC_PRESENTATION_REPRESENTATION (  '', ( #3675 ), #2240 ) ;
#1214 = DIRECTION ( 'NONE',  ( -0.000000000000000000, -1.000000000000000000, -0.000000000000000000 ) ) ;
#1215 = DIRECTION ( 'NONE',  ( -0.000000000000000000, -1.000000000000000000, -0.000000000000000000 ) ) ;
#1216 = ORIENTED_EDGE ( 'NONE', *, *, #1940, .F. ) ;
#1217 = DIRECTION ( 'NONE',  ( 1.156482317317871922E-15, 0.000000000000000000, 1.000000000000000000 ) ) ;
#1218 = ADVANCED_FACE ( 'NONE', ( #668 ), #2897, .F. ) ;
#1219 = SURFACE_STYLE_USAGE ( .BOTH. , #1720 ) ;
#1220 = VERTEX_POINT ( 'NONE', #2755 ) ;
#1221 = PRESENTATION_STYLE_ASSIGNMENT (( #1788 ) ) ;
#1222 = APPLICATION_PROTOCOL_DEFINITION ( 'draft international standard', 'automotive_design', 1998, #1015 ) ;
#1223 = SURFACE_STYLE_FILL_AREA ( #2676 ) ;
#1224 = COLOUR_RGB ( '',0.2509803921568627416, 0.2509803921568627416, 0.2509803921568627416 ) ;
#1225 = ORIENTED_EDGE ( 'NONE', *, *, #3073, .F. ) ;
#1226 = LINE ( 'NONE', #1525, #3094 ) ;
#1227 = EDGE_CURVE ( 'NONE', #3458, #2484, #1046, .T. ) ;
#1228 = PRESENTATION_LAYER_ASSIGNMENT (  '', '', ( #2735 ) ) ;
#1229 = FILL_AREA_STYLE_COLOUR ( '', #302 ) ;
#1230 = ORIENTED_EDGE ( 'NONE', *, *, #3172, .F. ) ;
#1231 = CARTESIAN_POINT ( 'NONE',  ( 1.949999999999999067, -1.824999999999999734, 1.550000000000000488 ) ) ;
#1232 = EDGE_CURVE ( 'NONE', #2100, #1703, #1003, .T. ) ;
#1233 =( GEOMETRIC_REPRESENTATION_CONTEXT ( 3 ) GLOBAL_UNCERTAINTY_ASSIGNED_CONTEXT ( ( #1562 ) ) GLOBAL_UNIT_ASSIGNED_CONTEXT ( ( #2037, #371, #617 ) ) REPRESENTATION_CONTEXT ( 'NONE', 'WORKASPACE' ) );
#1234 = CARTESIAN_POINT ( 'NONE',  ( 1.299999999999999156, 1.675000000000000266, -0.7500000000000002220 ) ) ;
#1235 = ORIENTED_EDGE ( 'NONE', *, *, #2005, .F. ) ;
#1236 = CARTESIAN_POINT ( 'NONE',  ( 3.000000000000000444, 1.675000000000000266, 1.549999999999999822 ) ) ;
#1237 = ORIENTED_EDGE ( 'NONE', *, *, #1383, .T. ) ;
#1238 = COLOUR_RGB ( '',0.2509803921568627416, 0.2509803921568627416, 0.2509803921568627416 ) ;
#1239 =( LENGTH_UNIT ( ) NAMED_UNIT ( * ) SI_UNIT ( .MILLI., .METRE. ) );
#1240 = VECTOR ( 'NONE', #2661, 1000.000000000000000 ) ;
#1241 = EDGE_LOOP ( 'NONE', ( #2734, #356, #2373, #2502 ) ) ;
#1242 = CARTESIAN_POINT ( 'NONE',  ( -3.000000000000000000, 1.675000000000000266, -1.550000000000000266 ) ) ;
#1243 =( NAMED_UNIT ( * ) PLANE_ANGLE_UNIT ( ) SI_UNIT ( $, .RADIAN. ) );
#1244 = ORIENTED_EDGE ( 'NONE', *, *, #840, .T. ) ;
#1245 = PRESENTATION_STYLE_ASSIGNMENT (( #81 ) ) ;
#1246 = CARTESIAN_POINT ( 'NONE',  ( -3.008215974080633792, -1.574999999999999956, 0.5000000000000000000 ) ) ;
#1247 = CARTESIAN_POINT ( 'NONE',  ( -2.349873922390122161, -1.546059695598515971, 0.5000000000000000000 ) ) ;
#1248 = ORIENTED_EDGE ( 'NONE', *, *, #1198, .T. ) ;
#1249 = ORIENTED_EDGE ( 'NONE', *, *, #2613, .F. ) ;
#1250 = AXIS2_PLACEMENT_3D ( 'NONE', #2286, #820, #1102 ) ;
#1251 = LINE ( 'NONE', #354, #1946 ) ;
#1252 = EDGE_LOOP ( 'NONE', ( #667, #1685, #2797, #459 ) ) ;
#1253 = CARTESIAN_POINT ( 'NONE',  ( -3.000000000000000444, 1.575000000000000178, 0.7999999999999999334 ) ) ;
#1254 =( NAMED_UNIT ( * ) PLANE_ANGLE_UNIT ( ) SI_UNIT ( $, .RADIAN. ) );
#1255 =( GEOMETRIC_REPRESENTATION_CONTEXT ( 3 ) GLOBAL_UNCERTAINTY_ASSIGNED_CONTEXT ( ( #2199 ) ) GLOBAL_UNIT_ASSIGNED_CONTEXT ( ( #1239, #1880, #2978 ) ) REPRESENTATION_CONTEXT ( 'NONE', 'WORKASPACE' ) );
#1256 = CARTESIAN_POINT ( 'NONE',  ( 1.510000000000000453, 1.575000000000000178, -0.5599999999999986100 ) ) ;
#1257 = DIRECTION ( 'NONE',  ( 1.000000000000000000, 0.000000000000000000, 2.551063935260010491E-16 ) ) ;
#1258 = CARTESIAN_POINT ( 'NONE',  ( -2.799999999999999378, -1.824999999999999734, 1.550000000000000044 ) ) ;
#1259 = DIRECTION ( 'NONE',  ( 0.000000000000000000, 0.000000000000000000, -1.000000000000000000 ) ) ;
#1260 = VERTEX_POINT ( 'NONE', #1314 ) ;
#1261 = CARTESIAN_POINT ( 'NONE',  ( 2.799999999999999378, 2.175000000000000266, -0.5656854249492380138 ) ) ;
#1262 = DIRECTION ( 'NONE',  ( 0.000000000000000000, 1.000000000000000000, -0.000000000000000000 ) ) ;
#1263 = EDGE_CURVE ( 'NONE', #2876, #3416, #3215, .T. ) ;
#1264 = SURFACE_STYLE_FILL_AREA ( #3030 ) ;
#1265 = CIRCLE ( 'NONE', #1986, 0.1999999999999999278 ) ;
#1266 = EDGE_CURVE ( 'NONE', #1053, #822, #2415, .T. ) ;
#1267 = SURFACE_SIDE_STYLE ('',( #710 ) ) ;
#1268 = ORIENTED_EDGE ( 'NONE', *, *, #3292, .T. ) ;
#1269 = FACE_OUTER_BOUND ( 'NONE', #1694, .T. ) ;
#1270 = CIRCLE ( 'NONE', #431, 0.2000000000000000944 ) ;
#1271 = EDGE_CURVE ( 'NONE', #2181, #1756, #80, .T. ) ;
#1272 = SURFACE_STYLE_FILL_AREA ( #107 ) ;
#1273 = FILL_AREA_STYLE ('',( #1881 ) ) ;
#1274 = LINE ( 'NONE', #700, #619 ) ;
#1275 = CARTESIAN_POINT ( 'NONE',  ( 3.000000000000000000, 1.675000000000000266, -1.549999999999999822 ) ) ;
#1276 =( NAMED_UNIT ( * ) PLANE_ANGLE_UNIT ( ) SI_UNIT ( $, .RADIAN. ) );
#1277 = DIRECTION ( 'NONE',  ( 1.000000000000000000, 0.000000000000000000, -3.942553354492744024E-16 ) ) ;
#1278 = ORIENTED_EDGE ( 'NONE', *, *, #2771, .F. ) ;
#1279 = CARTESIAN_POINT ( 'NONE',  ( 2.799999999999999378, -1.824999999999999734, 1.550000000000000488 ) ) ;
#1280 = MECHANICAL_DESIGN_GEOMETRIC_PRESENTATION_REPRESENTATION (  '', ( #2909 ), #121 ) ;
#1281 = SURFACE_STYLE_FILL_AREA ( #1509 ) ;
#1282 = EDGE_LOOP ( 'NONE', ( #2066, #2113, #1933, #283 ) ) ;
#1283 = EDGE_CURVE ( 'NONE', #102, #1530, #1354, .T. ) ;
#1284 = MECHANICAL_DESIGN_GEOMETRIC_PRESENTATION_REPRESENTATION (  '', ( #1592 ), #2255 ) ;
#1285 = VECTOR ( 'NONE', #1526, 1000.000000000000000 ) ;
#1286 = CARTESIAN_POINT ( 'NONE',  ( 2.999999999999999556, -1.574999999999999734, 1.750000000000000000 ) ) ;
#1287 = ORIENTED_EDGE ( 'NONE', *, *, #999, .T. ) ;
#1288 = CARTESIAN_POINT ( 'NONE',  ( -2.942870879739225565, 2.117237322004745348, 0.7410059942386296727 ) ) ;
#1289 = PLANE ( 'NONE',  #3394 ) ;
#1290 = VECTOR ( 'NONE', #285, 1000.000000000000000 ) ;
#1291 =( GEOMETRIC_REPRESENTATION_CONTEXT ( 3 ) GLOBAL_UNCERTAINTY_ASSIGNED_CONTEXT ( ( #1711 ) ) GLOBAL_UNIT_ASSIGNED_CONTEXT ( ( #2867, #278, #558 ) ) REPRESENTATION_CONTEXT ( 'NONE', 'WORKASPACE' ) );
#1292 = PLANE ( 'NONE',  #930 ) ;
#1293 = MECHANICAL_DESIGN_GEOMETRIC_PRESENTATION_REPRESENTATION (  '', ( #2969 ), #3260 ) ;
#1294 = PRESENTATION_LAYER_ASSIGNMENT (  '', '', ( #2263 ) ) ;
#1295 =( NAMED_UNIT ( * ) PLANE_ANGLE_UNIT ( ) SI_UNIT ( $, .RADIAN. ) );
#1296 = PRESENTATION_LAYER_ASSIGNMENT (  '', '', ( #642 ) ) ;
#1297 = EDGE_CURVE ( 'NONE', #2060, #1082, #115, .T. ) ;
#1298 = SURFACE_SIDE_STYLE ('',( #151 ) ) ;
#1299 = ORIENTED_EDGE ( 'NONE', *, *, #3418, .F. ) ;
#1300 = CARTESIAN_POINT ( 'NONE',  ( -2.800000000000000266, 2.175000000000000266, 0.8000000000000000444 ) ) ;
#1301 = SURFACE_SIDE_STYLE ('',( #1568 ) ) ;
#1302 = DIRECTION ( 'NONE',  ( -2.551063935260010491E-16, 0.000000000000000000, 1.000000000000000000 ) ) ;
#1303 = ORIENTED_EDGE ( 'NONE', *, *, #1306, .F. ) ;
#1304 = LINE ( 'NONE', #2443, #3385 ) ;
#1305 = FACE_OUTER_BOUND ( 'NONE', #623, .T. ) ;
#1306 = EDGE_CURVE ( 'NONE', #2893, #1220, #398, .T. ) ;
#1307 = CYLINDRICAL_SURFACE ( 'NONE', #491, 0.2000000000000000944 ) ;
#1308 = CARTESIAN_POINT ( 'NONE',  ( -3.000000000000000444, -1.574999999999999734, -1.750000000000000000 ) ) ;
#1309 = ADVANCED_FACE ( 'NONE', ( #1055 ), #1292, .F. ) ;
#1310 = STYLED_ITEM ( 'NONE', ( #1731 ), #3012 ) ;
#1311 = CARTESIAN_POINT ( 'NONE',  ( -3.383493649053891605, -0.9250000000000001554, -0.5000000000000000000 ) ) ;
#1312 = CARTESIAN_POINT ( 'NONE',  ( -1.949999999999999289, -1.824999999999999734, 1.000000000000000222 ) ) ;
#1313 = ORIENTED_EDGE ( 'NONE', *, *, #2917, .T. ) ;
#1314 = CARTESIAN_POINT ( 'NONE',  ( -1.299999999999998268, 2.274999999999999911, 0.7500000000000000000 ) ) ;
#1315 = FILL_AREA_STYLE ('',( #2756 ) ) ;
#1316 = PLANE ( 'NONE',  #1040 ) ;
#1317 = DIRECTION ( 'NONE',  ( 0.000000000000000000, 0.000000000000000000, -1.000000000000000000 ) ) ;
#1318 = DIRECTION ( 'NONE',  ( 0.000000000000000000, 0.000000000000000000, -1.000000000000000000 ) ) ;
#1319 = VERTEX_POINT ( 'NONE', #127 ) ;
#1320 = EDGE_CURVE ( 'NONE', #1164, #934, #2446, .T. ) ;
#1321 = PLANE ( 'NONE',  #2359 ) ;
#1322 = PRESENTATION_LAYER_ASSIGNMENT (  '', '', ( #1208 ) ) ;
#1323 = DIRECTION ( 'NONE',  ( -0.000000000000000000, 1.000000000000000000, -0.000000000000000000 ) ) ;
#1324 = ORIENTED_EDGE ( 'NONE', *, *, #35, .T. ) ;
#1325 = CYLINDRICAL_SURFACE ( 'NONE', #2190, 0.1999999999999999278 ) ;
#1326 = DIRECTION ( 'NONE',  ( -0.000000000000000000, -0.000000000000000000, -1.000000000000000000 ) ) ;
#1327 = MECHANICAL_DESIGN_GEOMETRIC_PRESENTATION_REPRESENTATION (  '', ( #2659 ), #3422 ) ;
#1328 = FILL_AREA_STYLE ('',( #1878 ) ) ;
#1329 = UNCERTAINTY_MEASURE_WITH_UNIT (LENGTH_MEASURE( 1.000000000000000082E-05 ), #1100, 'distance_accuracy_value', 'NONE');
#1330 = STYLED_ITEM ( 'NONE', ( #1676 ), #2503 ) ;
#1331 =( LENGTH_UNIT ( ) NAMED_UNIT ( * ) SI_UNIT ( .MILLI., .METRE. ) );
#1332 = DIRECTION ( 'NONE',  ( -0.000000000000000000, -1.000000000000000000, -0.000000000000000000 ) ) ;
#1333 = AXIS2_PLACEMENT_3D ( 'NONE', #2555, #2814, #220 ) ;
#1334 = CARTESIAN_POINT ( 'NONE',  ( 0.000000000000000000, 0.000000000000000000, 0.000000000000000000 ) ) ;
#1335 = SURFACE_SIDE_STYLE ('',( #2451 ) ) ;
#1336 = CARTESIAN_POINT ( 'NONE',  ( 3.008215974080633792, -1.574999999999999956, 0.5000000000000000000 ) ) ;
#1337 = VERTEX_POINT ( 'NONE', #1601 ) ;
#1338 = CARTESIAN_POINT ( 'NONE',  ( 1.100000000000000089, -1.574999999999999734, -1.750000000000000000 ) ) ;
#1339 = DIRECTION ( 'NONE',  ( -0.000000000000000000, -0.000000000000000000, -1.000000000000000000 ) ) ;
#1340 = ORIENTED_EDGE ( 'NONE', *, *, #3452, .T. ) ;
#1341 = STYLED_ITEM ( 'NONE', ( #3323 ), #303 ) ;
#1342 = ORIENTED_EDGE ( 'NONE', *, *, #1819, .T. ) ;
#1343 = FACE_OUTER_BOUND ( 'NONE', #3134, .T. ) ;
#1344 = PRESENTATION_LAYER_ASSIGNMENT (  '', '', ( #370 ) ) ;
#1345 = DIRECTION ( 'NONE',  ( 6.505213034913027393E-15, 0.000000000000000000, -1.000000000000000000 ) ) ;
#1346 = VERTEX_POINT ( 'NONE', #3354 ) ;
#1347 = ADVANCED_FACE ( 'NONE', ( #2155 ), #3298, .F. ) ;
#1348 = DIRECTION ( 'NONE',  ( -0.000000000000000000, 1.000000000000000000, -0.000000000000000000 ) ) ;
#1349 = CARTESIAN_POINT ( 'NONE',  ( 3.008215974080633792, -1.574999999999999956, 0.5000000000000000000 ) ) ;
#1350 = CARTESIAN_POINT ( 'NONE',  ( 2.400000000000001688, -1.574999999999999734, 0.5000000000000000000 ) ) ;
#1351 = STYLED_ITEM ( 'NONE', ( #834 ), #3658 ) ;
#1352 = SURFACE_STYLE_FILL_AREA ( #3301 ) ;
#1353 = AXIS2_PLACEMENT_3D ( 'NONE', #2568, #1987, #1994 ) ;
#1354 = CIRCLE ( 'NONE', #3085, 0.2000000000000000944 ) ;
#1355 = DIRECTION ( 'NONE',  ( -1.000000000000000000, 0.000000000000000000, 0.000000000000000000 ) ) ;
#1356 = CARTESIAN_POINT ( 'NONE',  ( -2.900000000000000799, -1.574999999999999956, -0.5000000000000000000 ) ) ;
#1357 = ORIENTED_EDGE ( 'NONE', *, *, #3089, .T. ) ;
#1358 = AXIS2_PLACEMENT_3D ( 'NONE', #1492, #1837, #393 ) ;
#1359 = SURFACE_STYLE_USAGE ( .BOTH. , #1301 ) ;
#1360 = DIRECTION ( 'NONE',  ( 0.000000000000000000, 0.000000000000000000, -1.000000000000000000 ) ) ;
#1361 = DIRECTION ( 'NONE',  ( 0.000000000000000000, 0.000000000000000000, -1.000000000000000000 ) ) ;
#1362 = VERTEX_POINT ( 'NONE', #2888 ) ;
#1363 = CARTESIAN_POINT ( 'NONE',  ( 3.210288568297002154, -1.725000000000000089, 0.5000000000000000000 ) ) ;
#1364 = ADVANCED_FACE ( 'NONE', ( #1407 ), #1698, .T. ) ;
#1365 = DIRECTION ( 'NONE',  ( -0.000000000000000000, -0.000000000000000000, -1.000000000000000000 ) ) ;
#1366 = FACE_OUTER_BOUND ( 'NONE', #3689, .T. ) ;
#1367 = ORIENTED_EDGE ( 'NONE', *, *, #3018, .T. ) ;
#1368 = CARTESIAN_POINT ( 'NONE',  ( -2.799999999999999822, 1.675000000000000266, 1.750000000000000000 ) ) ;
#1369 = CARTESIAN_POINT ( 'NONE',  ( -1.949999999999998845, -1.824999999999999734, -7.687979041260847740E-16 ) ) ;
#1370 = DIRECTION ( 'NONE',  ( 0.000000000000000000, 1.000000000000000000, -0.000000000000000000 ) ) ;
#1371 =( LENGTH_UNIT ( ) NAMED_UNIT ( * ) SI_UNIT ( .MILLI., .METRE. ) );
#1372 = EDGE_CURVE ( 'NONE', #2276, #1542, #1474, .T. ) ;
#1373 = CIRCLE ( 'NONE', #3468, 0.1999999999999999833 ) ;
#1374 = UNCERTAINTY_MEASURE_WITH_UNIT (LENGTH_MEASURE( 1.000000000000000082E-05 ), #1665, 'distance_accuracy_value', 'NONE');
#1375 = DIRECTION ( 'NONE',  ( -1.000000000000000000, 0.000000000000000000, -2.551063935260011477E-16 ) ) ;
#1376 = AXIS2_PLACEMENT_3D ( 'NONE', #98, #763, #781 ) ;
#1377 = EDGE_LOOP ( 'NONE', ( #1045, #2294, #532, #3426 ) ) ;
#1378 = AXIS2_PLACEMENT_3D ( 'NONE', #2177, #1917, #465 ) ;
#1379 = CARTESIAN_POINT ( 'NONE',  ( -3.008215974080633792, -1.574999999999999956, -0.5000000000000000000 ) ) ;
#1380 = SURFACE_STYLE_USAGE ( .BOTH. , #222 ) ;
#1381 = CARTESIAN_POINT ( 'NONE',  ( 5.102127870520026898E-16, -1.574999999999999734, -1.000000000000000666 ) ) ;
#1382 = ORIENTED_EDGE ( 'NONE', *, *, #3722, .F. ) ;
#1383 = EDGE_CURVE ( 'NONE', #3242, #3416, #656, .T. ) ;
#1384 = CARTESIAN_POINT ( 'NONE',  ( 3.210288568297002154, -1.725000000000000089, 0.5000000000000000000 ) ) ;
#1385 = PRESENTATION_STYLE_ASSIGNMENT (( #741 ) ) ;
#1386 = EDGE_LOOP ( 'NONE', ( #2603, #2379, #2173, #2754, #932, #2825, #3244, #2414 ) ) ;
#1387 = DIRECTION ( 'NONE',  ( -0.000000000000000000, 1.000000000000000000, -0.000000000000000000 ) ) ;
#1388 = FACE_OUTER_BOUND ( 'NONE', #345, .T. ) ;
#1389 = LINE ( 'NONE', #3514, #3432 ) ;
#1390 = VERTEX_POINT ( 'NONE', #1234 ) ;
#1391 = VECTOR ( 'NONE', #3602, 1000.000000000000227 ) ;
#1392 = DIRECTION ( 'NONE',  ( -0.000000000000000000, -1.000000000000000000, -0.000000000000000000 ) ) ;
#1393 = EDGE_CURVE ( 'NONE', #3033, #311, #1761, .T. ) ;
#1394 = VECTOR ( 'NONE', #390, 1000.000000000000000 ) ;
#1395 = ADVANCED_FACE ( 'NONE', ( #349 ), #3535, .T. ) ;
#1396 = AXIS2_PLACEMENT_3D ( 'NONE', #3019, #976, #3598 ) ;
#1397 = ORIENTED_EDGE ( 'NONE', *, *, #2121, .T. ) ;
#1398 = DIRECTION ( 'NONE',  ( 0.000000000000000000, 0.000000000000000000, -1.000000000000000000 ) ) ;
#1399 = SURFACE_SIDE_STYLE ('',( #553 ) ) ;
#1400 = SURFACE_SIDE_STYLE ('',( #798 ) ) ;
#1401 = ORIENTED_EDGE ( 'NONE', *, *, #72, .T. ) ;
#1402 = LINE ( 'NONE', #3697, #3400 ) ;
#1403 = ORIENTED_EDGE ( 'NONE', *, *, #565, .T. ) ;
#1404 = PRESENTATION_LAYER_ASSIGNMENT (  '', '', ( #2554 ) ) ;
#1405 = CARTESIAN_POINT ( 'NONE',  ( 1.310000000000000497, 1.675000000000000266, -0.5600000000000000533 ) ) ;
#1406 =( NAMED_UNIT ( * ) SI_UNIT ( $, .STERADIAN. ) SOLID_ANGLE_UNIT ( ) );
#1407 = FACE_OUTER_BOUND ( 'NONE', #480, .T. ) ;
#1408 = CARTESIAN_POINT ( 'NONE',  ( 1.100000000000000089, 0.000000000000000000, -1.750000000000000000 ) ) ;
#1409 = ORIENTED_EDGE ( 'NONE', *, *, #2450, .F. ) ;
#1410 = DIRECTION ( 'NONE',  ( -0.000000000000000000, -1.000000000000000000, -0.000000000000000000 ) ) ;
#1411 = VECTOR ( 'NONE', #3034, 1000.000000000000000 ) ;
#1412 = DIRECTION ( 'NONE',  ( 0.5000000000000005551, -0.8660254037844383745, 0.000000000000000000 ) ) ;
#1413 = VECTOR ( 'NONE', #1934, 1000.000000000000000 ) ;
#1414 = AXIS2_PLACEMENT_3D ( 'NONE', #2168, #1927, #3060 ) ;
#1415 = VECTOR ( 'NONE', #1392, 1000.000000000000000 ) ;
#1416 = ORIENTED_EDGE ( 'NONE', *, *, #199, .T. ) ;
#1417 = CARTESIAN_POINT ( 'NONE',  ( 0.000000000000000000, -1.574999999999999734, 1.000000000000000666 ) ) ;
#1418 = DIRECTION ( 'NONE',  ( 1.000000000000000000, 0.000000000000000000, 0.000000000000000000 ) ) ;
#1419 = LINE ( 'NONE', #2270, #1081 ) ;
#1420 = ORIENTED_EDGE ( 'NONE', *, *, #2949, .F. ) ;
#1421 = EDGE_CURVE ( 'NONE', #1699, #2876, #2507, .T. ) ;
#1422 = CARTESIAN_POINT ( 'NONE',  ( -1.309999999999998499, 1.675000000000000266, 0.7600000000000000089 ) ) ;
#1423 = EDGE_LOOP ( 'NONE', ( #1209, #2052 ) ) ;
#1424 = FACE_OUTER_BOUND ( 'NONE', #3673, .T. ) ;
#1425 = SURFACE_STYLE_USAGE ( .BOTH. , #3442 ) ;
#1426 = CARTESIAN_POINT ( 'NONE',  ( -1.100000000000000089, -1.324999999999999734, -1.750000000000000000 ) ) ;
#1427 = VERTEX_POINT ( 'NONE', #65 ) ;
#1428 = ADVANCED_FACE ( 'NONE', ( #691 ), #929, .T. ) ;
#1429 = ORIENTED_EDGE ( 'NONE', *, *, #1227, .F. ) ;
#1430 = CARTESIAN_POINT ( 'NONE',  ( 2.838986056141730163, 2.175000000000000266, 0.6207044521016082950 ) ) ;
#1431 = EDGE_CURVE ( 'NONE', #251, #2572, #1547, .T. ) ;
#1432 = PLANE ( 'NONE',  #1333 ) ;
#1433 =( NAMED_UNIT ( * ) SI_UNIT ( $, .STERADIAN. ) SOLID_ANGLE_UNIT ( ) );
#1434 = CARTESIAN_POINT ( 'NONE',  ( -3.000000000000000444, 1.575000000000000178, 0.000000000000000000 ) ) ;
#1435 = EDGE_LOOP ( 'NONE', ( #2008, #890, #2081 ) ) ;
#1436 =( GEOMETRIC_REPRESENTATION_CONTEXT ( 3 ) GLOBAL_UNCERTAINTY_ASSIGNED_CONTEXT ( ( #1329 ) ) GLOBAL_UNIT_ASSIGNED_CONTEXT ( ( #1100, #237, #3116 ) ) REPRESENTATION_CONTEXT ( 'NONE', 'WORKASPACE' ) );
#1437 =( NAMED_UNIT ( * ) SI_UNIT ( $, .STERADIAN. ) SOLID_ANGLE_UNIT ( ) );
#1438 = VERTEX_POINT ( 'NONE', #2331 ) ;
#1439 =( NAMED_UNIT ( * ) PLANE_ANGLE_UNIT ( ) SI_UNIT ( $, .RADIAN. ) );
#1440 = SURFACE_STYLE_USAGE ( .BOTH. , #3352 ) ;
#1441 = UNCERTAINTY_MEASURE_WITH_UNIT (LENGTH_MEASURE( 1.000000000000000082E-05 ), #2367, 'distance_accuracy_value', 'NONE');
#1442 = LINE ( 'NONE', #585, #891 ) ;
#1443 = EDGE_LOOP ( 'NONE', ( #2395, #84, #1532, #3130 ) ) ;
#1444 =( NAMED_UNIT ( * ) PLANE_ANGLE_UNIT ( ) SI_UNIT ( $, .RADIAN. ) );
#1445 = CARTESIAN_POINT ( 'NONE',  ( 2.800000000000000266, 1.675000000000000266, 1.550000000000000044 ) ) ;
#1446 = ORIENTED_EDGE ( 'NONE', *, *, #1903, .F. ) ;
#1447 = AXIS2_PLACEMENT_3D ( 'NONE', #1973, #2792, #1398 ) ;
#1448 = CARTESIAN_POINT ( 'NONE',  ( 3.954149099653017592E-16, -1.824999999999999734, -1.550000000000000044 ) ) ;
#1449 = ORIENTED_EDGE ( 'NONE', *, *, #2280, .F. ) ;
#1450 = DIRECTION ( 'NONE',  ( 1.000000000000000000, 0.000000000000000000, -0.000000000000000000 ) ) ;
#1451 = VECTOR ( 'NONE', #188, 1000.000000000000000 ) ;
#1452 = SURFACE_STYLE_USAGE ( .BOTH. , #3530 ) ;
#1453 = VECTOR ( 'NONE', #2633, 1000.000000000000000 ) ;
#1454 = ORIENTED_EDGE ( 'NONE', *, *, #3692, .F. ) ;
#1455 = SPHERICAL_SURFACE ( 'NONE', #2569, 0.2000000000000000111 ) ;
#1456 = ORIENTED_EDGE ( 'NONE', *, *, #1781, .T. ) ;
#1457 = ADVANCED_FACE ( 'NONE', ( #2386 ), #3519, .T. ) ;
#1458 = PLANE ( 'NONE',  #444 ) ;
#1459 = CARTESIAN_POINT ( 'NONE',  ( 1.299999999999999156, 2.475000000000000089, -0.7500000000000002220 ) ) ;
#1460 = EDGE_LOOP ( 'NONE', ( #2391, #1103, #2864, #3441 ) ) ;
#1461 =( GEOMETRIC_REPRESENTATION_CONTEXT ( 3 ) GLOBAL_UNCERTAINTY_ASSIGNED_CONTEXT ( ( #2159 ) ) GLOBAL_UNIT_ASSIGNED_CONTEXT ( ( #408, #1564, #113 ) ) REPRESENTATION_CONTEXT ( 'NONE', 'WORKASPACE' ) );
#1462 = VECTOR ( 'NONE', #2135, 1000.000000000000000 ) ;
#1463 = ORIENTED_EDGE ( 'NONE', *, *, #740, .T. ) ;
#1464 = CARTESIAN_POINT ( 'NONE',  ( 1.309999999999998943, 1.575000000000000178, -0.7600000000000000089 ) ) ;
#1465 = CARTESIAN_POINT ( 'NONE',  ( 3.008215974080633792, -1.574999999999999956, 0.5000000000000000000 ) ) ;
#1466 = DIRECTION ( 'NONE',  ( 0.000000000000000000, -0.000000000000000000, 1.000000000000000000 ) ) ;
#1467 = PLANE ( 'NONE',  #863 ) ;
#1468 = COLOUR_RGB ( '',0.2509803921568627416, 0.2509803921568627416, 0.2509803921568627416 ) ;
#1469 = ORIENTED_EDGE ( 'NONE', *, *, #658, .F. ) ;
#1470 = CARTESIAN_POINT ( 'NONE',  ( -3.000000000000000444, 1.575000000000000178, 0.7999999999999999334 ) ) ;
#1471 = COLOUR_RGB ( '',0.2509803921568627416, 0.2509803921568627416, 0.2509803921568627416 ) ;
#1472 = ADVANCED_FACE ( 'NONE', ( #1305 ), #421, .F. ) ;
#1473 = ORIENTED_EDGE ( 'NONE', *, *, #636, .T. ) ;
#1474 = LINE ( 'NONE', #3497, #2198 ) ;
#1475 = EDGE_CURVE ( 'NONE', #1742, #2893, #1607, .T. ) ;
#1476 = CARTESIAN_POINT ( 'NONE',  ( 2.999999999999999556, -1.574999999999999734, 1.750000000000000000 ) ) ;
#1477 = ORIENTED_EDGE ( 'NONE', *, *, #3089, .F. ) ;
#1478 = SURFACE_STYLE_FILL_AREA ( #2890 ) ;
#1479 = VECTOR ( 'NONE', #501, 1000.000000000000000 ) ;
#1480 = PLANE ( 'NONE',  #1598 ) ;
#1481 = ORIENTED_EDGE ( 'NONE', *, *, #3153, .T. ) ;
#1482 = DIRECTION ( 'NONE',  ( -0.000000000000000000, -0.000000000000000000, -1.000000000000000000 ) ) ;
#1483 = SURFACE_STYLE_FILL_AREA ( #2122 ) ;
#1484 = DIRECTION ( 'NONE',  ( 0.000000000000000000, -0.000000000000000000, -1.000000000000000000 ) ) ;
#1485 = PRESENTATION_STYLE_ASSIGNMENT (( #1452 ) ) ;
#1486 = ORIENTED_EDGE ( 'NONE', *, *, #1266, .T. ) ;
#1487 = DIRECTION ( 'NONE',  ( -0.000000000000000000, -1.000000000000000000, -0.000000000000000000 ) ) ;
#1488 = CIRCLE ( 'NONE', #2090, 0.1999999999999999833 ) ;
#1489 = CARTESIAN_POINT ( 'NONE',  ( 1.949999999999999956, -1.824999999999999734, -1.549999999999999600 ) ) ;
#1490 = DIRECTION ( 'NONE',  ( -0.5000000000000014433, 0.8660254037844379305, 0.000000000000000000 ) ) ;
#1491 = ORIENTED_EDGE ( 'NONE', *, *, #72, .F. ) ;
#1492 = CARTESIAN_POINT ( 'NONE',  ( 1.510000000000000231, 1.675000000000000266, 0.5599999999999986100 ) ) ;
#1493 = PRESENTATION_LAYER_ASSIGNMENT (  '', '', ( #2466 ) ) ;
#1494 = CARTESIAN_POINT ( 'NONE',  ( 2.999999999999999556, 1.575000000000000178, 1.750000000000000000 ) ) ;
#1495 = ORIENTED_EDGE ( 'NONE', *, *, #119, .F. ) ;
#1496 = CARTESIAN_POINT ( 'NONE',  ( 1.510000000000000231, 1.675000000000000266, 0.5599999999999986100 ) ) ;
#1497 = ORIENTED_EDGE ( 'NONE', *, *, #3644, .T. ) ;
#1498 = CARTESIAN_POINT ( 'NONE',  ( -2.400000000000001688, -1.574999999999999734, -0.5000000000000001110 ) ) ;
#1499 = EDGE_CURVE ( 'NONE', #854, #2615, #2767, .T. ) ;
#1500 = ORIENTED_EDGE ( 'NONE', *, *, #708, .F. ) ;
#1501 = SURFACE_SIDE_STYLE ('',( #716 ) ) ;
#1502 = STYLED_ITEM ( 'NONE', ( #55 ), #1977 ) ;
#1503 = EDGE_CURVE ( 'NONE', #3104, #270, #3015, .T. ) ;
#1504 =( NAMED_UNIT ( * ) PLANE_ANGLE_UNIT ( ) SI_UNIT ( $, .RADIAN. ) );
#1505 = DIRECTION ( 'NONE',  ( 0.000000000000000000, 0.000000000000000000, -1.000000000000000000 ) ) ;
#1506 = EDGE_LOOP ( 'NONE', ( #2967, #603, #871, #706 ) ) ;
#1507 = B_SPLINE_CURVE_WITH_KNOTS ( 'NONE', 3,
 ( #3454, #1430, #2045, #2591, #886, #3183, #2912, #959 ),
 .UNSPECIFIED., .F., .F.,
 ( 4, 2, 2, 4 ),
 ( -2.912960687735132387E-06, 0.0001993809116846628814, 0.0003005278478708617133, 0.0004016747840570605182 ),
 .UNSPECIFIED. ) ;
#1508 = COLOUR_RGB ( '',0.2509803921568627416, 0.2509803921568627416, 0.2509803921568627416 ) ;
#1509 = FILL_AREA_STYLE ('',( #1229 ) ) ;
#1510 = EDGE_LOOP ( 'NONE', ( #3392, #1303, #764, #1278 ) ) ;
#1511 = DIRECTION ( 'NONE',  ( 0.000000000000000000, -0.000000000000000000, 1.000000000000000000 ) ) ;
#1512 = VECTOR ( 'NONE', #1535, 1000.000000000000000 ) ;
#1513 = CARTESIAN_POINT ( 'NONE',  ( 0.000000000000000000, -1.574999999999999734, 1.750000000000000000 ) ) ;
#1514 = ORIENTED_EDGE ( 'NONE', *, *, #233, .T. ) ;
#1515 = LINE ( 'NONE', #987, #1462 ) ;
#1516 = ORIENTED_EDGE ( 'NONE', *, *, #492, .T. ) ;
#1517 = UNCERTAINTY_MEASURE_WITH_UNIT (LENGTH_MEASURE( 1.000000000000000082E-05 ), #518, 'distance_accuracy_value', 'NONE');
#1518 = CARTESIAN_POINT ( 'NONE',  ( -3.000000000000000444, 1.575000000000000178, 0.8000000000000000444 ) ) ;
#1519 = VERTEX_POINT ( 'NONE', #1553 ) ;
#1520 = DIRECTION ( 'NONE',  ( 1.000000000000000000, 0.000000000000000000, -3.872150616019658341E-17 ) ) ;
#1521 =( NAMED_UNIT ( * ) SI_UNIT ( $, .STERADIAN. ) SOLID_ANGLE_UNIT ( ) );
#1522 = DIRECTION ( 'NONE',  ( -0.000000000000000000, 1.000000000000000000, -0.000000000000000000 ) ) ;
#1523 = AXIS2_PLACEMENT_3D ( 'NONE', #1405, #1746, #3160 ) ;
#1524 = ORIENTED_EDGE ( 'NONE', *, *, #684, .F. ) ;
#1525 = CARTESIAN_POINT ( 'NONE',  ( 1.100000000000000089, -1.574999999999999734, 1.750000000000000000 ) ) ;
#1526 = DIRECTION ( 'NONE',  ( -0.000000000000000000, -1.000000000000000000, -0.000000000000000000 ) ) ;
#1527 = ORIENTED_EDGE ( 'NONE', *, *, #1826, .F. ) ;
#1528 = MECHANICAL_DESIGN_GEOMETRIC_PRESENTATION_REPRESENTATION (  '', ( #2068 ), #1954 ) ;
#1529 = CARTESIAN_POINT ( 'NONE',  ( -1.309999999999998499, 1.675000000000000266, 0.7600000000000000089 ) ) ;
#1530 = VERTEX_POINT ( 'NONE', #3594 ) ;
#1531 = CYLINDRICAL_SURFACE ( 'NONE', #2059, 0.2000000000000000944 ) ;
#1532 = ORIENTED_EDGE ( 'NONE', *, *, #2599, .T. ) ;
#1533 = VECTOR ( 'NONE', #849, 1000.000000000000000 ) ;
#1534 = FACE_OUTER_BOUND ( 'NONE', #799, .T. ) ;
#1535 = DIRECTION ( 'NONE',  ( 0.000000000000000000, 0.000000000000000000, -1.000000000000000000 ) ) ;
#1536 =( NAMED_UNIT ( * ) PLANE_ANGLE_UNIT ( ) SI_UNIT ( $, .RADIAN. ) );
#1537 = ADVANCED_FACE ( 'NONE', ( #1843 ), #1289, .T. ) ;
#1538 = CYLINDRICAL_SURFACE ( 'NONE', #1846, 0.8000000000000000444 ) ;
#1539 = PRODUCT_DEFINITION_FORMATION_WITH_SPECIFIED_SOURCE ( 'ANY', '', #569, .NOT_KNOWN. ) ;
#1540 = DIRECTION ( 'NONE',  ( -3.942553354492744024E-16, 0.000000000000000000, -1.000000000000000000 ) ) ;
#1541 = EDGE_CURVE ( 'NONE', #235, #1107, #804, .T. ) ;
#1542 = VERTEX_POINT ( 'NONE', #264 ) ;
#1543 = DIRECTION ( 'NONE',  ( 0.000000000000000000, 0.000000000000000000, -1.000000000000000000 ) ) ;
#1544 = FACE_OUTER_BOUND ( 'NONE', #3208, .T. ) ;
#1545 = SURFACE_STYLE_USAGE ( .BOTH. , #2479 ) ;
#1546 = EDGE_CURVE ( 'NONE', #2572, #3499, #3451, .T. ) ;
#1547 = LINE ( 'NONE', #2647, #1901 ) ;
#1548 = VECTOR ( 'NONE', #2685, 1000.000000000000000 ) ;
#1549 = EDGE_CURVE ( 'NONE', #323, #1160, #3428, .T. ) ;
#1550 = ORIENTED_EDGE ( 'NONE', *, *, #2289, .F. ) ;
#1551 = AXIS2_PLACEMENT_3D ( 'NONE', #2863, #1992, #274 ) ;
#1552 = FACE_OUTER_BOUND ( 'NONE', #900, .T. ) ;
#1553 = CARTESIAN_POINT ( 'NONE',  ( 1.309999999999998943, 1.675000000000000266, -0.7600000000000000089 ) ) ;
#1554 = DIRECTION ( 'NONE',  ( -0.000000000000000000, -0.000000000000000000, 1.000000000000000000 ) ) ;
#1555 = AXIS2_PLACEMENT_3D ( 'NONE', #1951, #3091, #2824 ) ;
#1556 = DIRECTION ( 'NONE',  ( -0.000000000000000000, -1.000000000000000000, -0.000000000000000000 ) ) ;
#1557 = PLANE ( 'NONE',  #1378 ) ;
#1558 = LINE ( 'NONE', #2711, #2716 ) ;
#1559 = DIRECTION ( 'NONE',  ( -1.156482317317871922E-15, 0.000000000000000000, -1.000000000000000000 ) ) ;
#1560 = MECHANICAL_DESIGN_GEOMETRIC_PRESENTATION_REPRESENTATION (  '', ( #539 ), #1255 ) ;
#1561 =( NAMED_UNIT ( * ) SI_UNIT ( $, .STERADIAN. ) SOLID_ANGLE_UNIT ( ) );
#1562 = UNCERTAINTY_MEASURE_WITH_UNIT (LENGTH_MEASURE( 1.000000000000000082E-05 ), #2037, 'distance_accuracy_value', 'NONE');
#1563 = PLANE ( 'NONE',  #1094 ) ;
#1564 =( NAMED_UNIT ( * ) PLANE_ANGLE_UNIT ( ) SI_UNIT ( $, .RADIAN. ) );
#1565 = ORIENTED_EDGE ( 'NONE', *, *, #1078, .F. ) ;
#1566 = DIRECTION ( 'NONE',  ( 0.000000000000000000, 1.000000000000000000, -0.000000000000000000 ) ) ;
#1567 = FILL_AREA_STYLE ('',( #3108 ) ) ;
#1568 = SURFACE_STYLE_FILL_AREA ( #177 ) ;
#1569 = DIRECTION ( 'NONE',  ( 0.5000000000000013323, -0.8660254037844378194, 0.000000000000000000 ) ) ;
#1570 = STYLED_ITEM ( 'NONE', ( #135 ), #2034 ) ;
#1571 = LINE ( 'NONE', #1887, #1792 ) ;
#1572 = CIRCLE ( 'NONE', #2836, 0.1999999999999998723 ) ;
#1573 = ADVANCED_FACE ( 'NONE', ( #2870 ), #2524, .T. ) ;
#1574 = CARTESIAN_POINT ( 'NONE',  ( 0.000000000000000000, -1.824999999999999734, 1.550000000000000488 ) ) ;
#1575 = VERTEX_POINT ( 'NONE', #3088 ) ;
#1576 = CARTESIAN_POINT ( 'NONE',  ( -2.990876319390644245, 2.042158971504967280, 0.7909645772321367563 ) ) ;
#1577 = PRESENTATION_LAYER_ASSIGNMENT (  '', '', ( #3675 ) ) ;
#1578 = CARTESIAN_POINT ( 'NONE',  ( 0.000000000000000000, 0.000000000000000000, -1.750000000000000000 ) ) ;
#1579 = CARTESIAN_POINT ( 'NONE',  ( 0.000000000000000000, -1.574999999999999734, 0.5000000000000000000 ) ) ;
#1580 = DIRECTION ( 'NONE',  ( -0.000000000000000000, -1.000000000000000000, -0.000000000000000000 ) ) ;
#1581 = DIRECTION ( 'NONE',  ( 0.000000000000000000, 1.000000000000000000, 0.000000000000000000 ) ) ;
#1582 = SURFACE_STYLE_FILL_AREA ( #2469 ) ;
#1583 = SURFACE_STYLE_USAGE ( .BOTH. , #2119 ) ;
#1584 = EDGE_CURVE ( 'NONE', #3166, #3011, #3372, .T. ) ;
#1585 = DIRECTION ( 'NONE',  ( 0.000000000000000000, 0.000000000000000000, 1.000000000000000000 ) ) ;
#1586 = VERTEX_POINT ( 'NONE', #2562 ) ;
#1587 = STYLED_ITEM ( 'NONE', ( #3548 ), #309 ) ;
#1588 = VECTOR ( 'NONE', #1744, 1000.000000000000000 ) ;
#1589 = DIRECTION ( 'NONE',  ( 0.000000000000000000, 1.000000000000000000, 0.000000000000000000 ) ) ;
#1590 = PRESENTATION_STYLE_ASSIGNMENT (( #1380 ) ) ;
#1591 = ADVANCED_FACE ( 'NONE', ( #1388 ), #3135, .F. ) ;
#1592 = STYLED_ITEM ( 'NONE', ( #3462 ), #722 ) ;
#1593 = AXIS2_PLACEMENT_3D ( 'NONE', #2186, #3329, #736 ) ;
#1594 = FILL_AREA_STYLE ('',( #2234 ) ) ;
#1595 = ORIENTED_EDGE ( 'NONE', *, *, #884, .T. ) ;
#1596 = LINE ( 'NONE', #767, #2003 ) ;
#1597 = DIRECTION ( 'NONE',  ( -0.000000000000000000, -1.000000000000000000, -0.000000000000000000 ) ) ;
#1598 = AXIS2_PLACEMENT_3D ( 'NONE', #917, #3020, #2787 ) ;
#1599 = MECHANICAL_DESIGN_GEOMETRIC_PRESENTATION_REPRESENTATION (  '', ( #3198 ), #3389 ) ;
#1600 = ADVANCED_FACE ( 'NONE', ( #3711 ), #3731, .F. ) ;
#1601 = CARTESIAN_POINT ( 'NONE',  ( -1.509999999999999787, 1.575000000000000178, -0.5599999999999986100 ) ) ;
#1602 = PRESENTATION_LAYER_ASSIGNMENT (  '', '', ( #2439 ) ) ;
#1603 = UNCERTAINTY_MEASURE_WITH_UNIT (LENGTH_MEASURE( 1.000000000000000082E-05 ), #2728, 'distance_accuracy_value', 'NONE');
#1604 = DIRECTION ( 'NONE',  ( -0.000000000000000000, -1.000000000000000000, -0.000000000000000000 ) ) ;
#1605 = FACE_OUTER_BOUND ( 'NONE', #3528, .T. ) ;
#1606 = FACE_OUTER_BOUND ( 'NONE', #2314, .T. ) ;
#1607 = CIRCLE ( 'NONE', #1124, 0.2000000000000000944 ) ;
#1608 = STYLED_ITEM ( 'NONE', ( #2009 ), #1657 ) ;
#1609 = DIRECTION ( 'NONE',  ( -0.000000000000000000, -1.000000000000000000, -0.000000000000000000 ) ) ;
#1610 = DIRECTION ( 'NONE',  ( 0.000000000000000000, 0.000000000000000000, 1.000000000000000000 ) ) ;
#1611 = VERTEX_POINT ( 'NONE', #1464 ) ;
#1612 = PLANE ( 'NONE',  #881 ) ;
#1613 = CARTESIAN_POINT ( 'NONE',  ( 3.383493649053891605, -0.9250000000000001554, 0.5000000000000000000 ) ) ;
#1614 = DIRECTION ( 'NONE',  ( -0.8660254037844382635, -0.5000000000000004441, 0.000000000000000000 ) ) ;
#1615 = DIRECTION ( 'NONE',  ( 1.000000000000000000, 0.000000000000000000, 0.000000000000000000 ) ) ;
#1616 = ORIENTED_EDGE ( 'NONE', *, *, #2021, .T. ) ;
#1617 = EDGE_CURVE ( 'NONE', #2481, #3483, #2859, .T. ) ;
#1618 = CARTESIAN_POINT ( 'NONE',  ( 2.900000000000000799, -1.574999999999999956, -0.5000000000000000000 ) ) ;
#1619 = EDGE_LOOP ( 'NONE', ( #3347, #267, #3274, #2774 ) ) ;
#1620 = DIRECTION ( 'NONE',  ( -0.000000000000000000, -1.000000000000000000, -0.000000000000000000 ) ) ;
#1621 = DIRECTION ( 'NONE',  ( 0.000000000000000000, 0.000000000000000000, -1.000000000000000000 ) ) ;
#1622 = CLOSED_SHELL ( 'NONE', ( #2992, #792, #105, #142, #534, #3688, #321, #556, #1600, #940, #468, #2666, #673, #1828, #2702, #663, #3465, #1897, #486, #2251, #589, #1428 ) ) ;
#1623 = AXIS2_PLACEMENT_3D ( 'NONE', #1574, #1009, #2722 ) ;
#1624 = SURFACE_STYLE_USAGE ( .BOTH. , #3660 ) ;
#1625 =( LENGTH_UNIT ( ) NAMED_UNIT ( * ) SI_UNIT ( .MILLI., .METRE. ) );
#1626 =( NAMED_UNIT ( * ) PLANE_ANGLE_UNIT ( ) SI_UNIT ( $, .RADIAN. ) );
#1627 = EDGE_CURVE ( 'NONE', #1053, #3499, #3436, .T. ) ;
#1628 = CARTESIAN_POINT ( 'NONE',  ( 2.799999999999999378, -1.574999999999999734, -0.9999999999999991118 ) ) ;
#1629 = SURFACE_STYLE_FILL_AREA ( #3603 ) ;
#1630 = VERTEX_POINT ( 'NONE', #34 ) ;
#1631 = CARTESIAN_POINT ( 'NONE',  ( 2.839042174416910314, 2.175000000000000711, -0.6207836489532914115 ) ) ;
#1632 =( LENGTH_UNIT ( ) NAMED_UNIT ( * ) SI_UNIT ( .MILLI., .METRE. ) );
#1633 = PLANE ( 'NONE',  #70 ) ;
#1634 = VERTEX_POINT ( 'NONE', #1152 ) ;
#1635 = EDGE_LOOP ( 'NONE', ( #2344, #3173, #1029, #3431 ) ) ;
#1636 = DIRECTION ( 'NONE',  ( 1.000000000000000000, 0.000000000000000000, 0.000000000000000000 ) ) ;
#1637 = VERTEX_POINT ( 'NONE', #1766 ) ;
#1638 = CARTESIAN_POINT ( 'NONE',  ( -2.882816779930096107, 2.163985600393095066, 0.6741607757413323743 ) ) ;
#1639 =( NAMED_UNIT ( * ) PLANE_ANGLE_UNIT ( ) SI_UNIT ( $, .RADIAN. ) );
#1640 = CIRCLE ( 'NONE', #2046, 0.2000000000000000944 ) ;
#1641 = PLANE ( 'NONE',  #841 ) ;
#1642 = DIRECTION ( 'NONE',  ( 1.000000000000000000, 0.000000000000000000, 0.000000000000000000 ) ) ;
#1643 = FACE_OUTER_BOUND ( 'NONE', #3435, .T. ) ;
#1644 = ORIENTED_EDGE ( 'NONE', *, *, #2803, .T. ) ;
#1645 = CARTESIAN_POINT ( 'NONE',  ( -1.499999999999999556, 2.475000000000000089, 0.5499999999999984901 ) ) ;
#1646 = EDGE_CURVE ( 'NONE', #2925, #23, #2445, .T. ) ;
#1647 = CARTESIAN_POINT ( 'NONE',  ( 1.949999999999999956, -1.574999999999999734, -0.9999999999999995559 ) ) ;
#1648 = LINE ( 'NONE', #1672, #3651 ) ;
#1649 = ORIENTED_EDGE ( 'NONE', *, *, #156, .T. ) ;
#1650 = LINE ( 'NONE', #2798, #2630 ) ;
#1651 = CARTESIAN_POINT ( 'NONE',  ( 1.300000000000000266, 2.274999999999999911, 0.5499999999999999334 ) ) ;
#1652 = COLOUR_RGB ( '',0.7294117647058823151, 0.3568627450980392246, 0.02352941176470588203 ) ;
#1653 = CARTESIAN_POINT ( 'NONE',  ( 5.102127870520026898E-16, -1.824999999999999734, -1.000000000000000666 ) ) ;
#1654 = ORIENTED_EDGE ( 'NONE', *, *, #999, .F. ) ;
#1655 = DIRECTION ( 'NONE',  ( 3.942553354492744024E-16, 0.000000000000000000, -1.000000000000000000 ) ) ;
#1656 = DIRECTION ( 'NONE',  ( 3.942553354492744024E-16, 0.000000000000000000, -1.000000000000000000 ) ) ;
#1657 = ADVANCED_FACE ( 'NONE', ( #2358 ), #1737, .T. ) ;
#1658 = VECTOR ( 'NONE', #3295, 1000.000000000000000 ) ;
#1659 = CARTESIAN_POINT ( 'NONE',  ( 0.000000000000000000, -1.574999999999999734, 1.750000000000000000 ) ) ;
#1660 = AXIS2_PLACEMENT_3D ( 'NONE', #447, #1902, #190 ) ;
#1661 = AXIS2_PLACEMENT_3D ( 'NONE', #1005, #2129, #2092 ) ;
#1662 = PRESENTATION_STYLE_ASSIGNMENT (( #1039 ) ) ;
#1663 =( GEOMETRIC_REPRESENTATION_CONTEXT ( 3 ) GLOBAL_UNCERTAINTY_ASSIGNED_CONTEXT ( ( #2690 ) ) GLOBAL_UNIT_ASSIGNED_CONTEXT ( ( #3659, #1092, #2219 ) ) REPRESENTATION_CONTEXT ( 'NONE', 'WORKASPACE' ) );
#1664 = VECTOR ( 'NONE', #866, 1000.000000000000000 ) ;
#1665 =( LENGTH_UNIT ( ) NAMED_UNIT ( * ) SI_UNIT ( .MILLI., .METRE. ) );
#1666 = EDGE_LOOP ( 'NONE', ( #687, #593, #1481, #2492, #3538, #2651, #1248, #1397, #3576, #1486, #3194, #1342 ) ) ;
#1667 = LINE ( 'NONE', #1417, #1931 ) ;
#1668 = AXIS2_PLACEMENT_3D ( 'NONE', #2703, #1214, #334 ) ;
#1669 = LINE ( 'NONE', #3199, #2892 ) ;
#1670 = FILL_AREA_STYLE_COLOUR ( '', #3502 ) ;
#1671 = COLOUR_RGB ( '',0.7294117647058823151, 0.3568627450980392246, 0.02352941176470588203 ) ;
#1672 = CARTESIAN_POINT ( 'NONE',  ( 2.999999999999999556, 1.975000000000000089, 0.8000000000000000444 ) ) ;
#1673 = EDGE_CURVE ( 'NONE', #2851, #2516, #2932, .T. ) ;
#1674 = EDGE_LOOP ( 'NONE', ( #2635, #2896, #1132, #248 ) ) ;
#1675 = FILL_AREA_STYLE ('',( #523 ) ) ;
#1676 = PRESENTATION_STYLE_ASSIGNMENT (( #524 ) ) ;
#1677 = DIRECTION ( 'NONE',  ( 6.505213034913027393E-15, 0.000000000000000000, 1.000000000000000000 ) ) ;
#1678 = ORIENTED_EDGE ( 'NONE', *, *, #2005, .T. ) ;
#1679 = EDGE_CURVE ( 'NONE', #2985, #1732, #271, .T. ) ;
#1680 = SURFACE_STYLE_FILL_AREA ( #826 ) ;
#1681 = DIRECTION ( 'NONE',  ( 0.000000000000000000, 0.000000000000000000, -1.000000000000000000 ) ) ;
#1682 = UNCERTAINTY_MEASURE_WITH_UNIT (LENGTH_MEASURE( 1.000000000000000082E-05 ), #405, 'distance_accuracy_value', 'NONE');
#1683 = EDGE_CURVE ( 'NONE', #3242, #1699, #1507, .T. ) ;
#1684 = DIRECTION ( 'NONE',  ( 0.000000000000000000, -0.000000000000000000, 1.000000000000000000 ) ) ;
#1685 = ORIENTED_EDGE ( 'NONE', *, *, #3297, .F. ) ;
#1686 = DIRECTION ( 'NONE',  ( -0.000000000000000000, -0.000000000000000000, -1.000000000000000000 ) ) ;
#1687 = LINE ( 'NONE', #845, #2737 ) ;
#1688 = STYLED_ITEM ( 'NONE', ( #2353 ), #3128 ) ;
#1689 = ORIENTED_EDGE ( 'NONE', *, *, #1966, .T. ) ;
#1690 = STYLED_ITEM ( 'NONE', ( #974 ), #2907 ) ;
#1691 = DIRECTION ( 'NONE',  ( -0.000000000000000000, -1.000000000000000000, -0.000000000000000000 ) ) ;
#1692 = SURFACE_STYLE_USAGE ( .BOTH. , #2556 ) ;
#1693 =( NAMED_UNIT ( * ) PLANE_ANGLE_UNIT ( ) SI_UNIT ( $, .RADIAN. ) );
#1694 = EDGE_LOOP ( 'NONE', ( #1401, #1524, #3700, #919 ) ) ;
#1695 = FILL_AREA_STYLE ('',( #579 ) ) ;
#1696 = ORIENTED_EDGE ( 'NONE', *, *, #2372, .T. ) ;
#1697 = DIRECTION ( 'NONE',  ( 1.000000000000000000, 0.000000000000000000, 0.000000000000000000 ) ) ;
#1698 = CYLINDRICAL_SURFACE ( 'NONE', #580, 0.2000000000000000389 ) ;
#1699 = VERTEX_POINT ( 'NONE', #997 ) ;
#1700 = CARTESIAN_POINT ( 'NONE',  ( 3.600000000000001421, -1.050000000000000044, -0.5000000000000000000 ) ) ;
#1701 =( GEOMETRIC_REPRESENTATION_CONTEXT ( 3 ) GLOBAL_UNCERTAINTY_ASSIGNED_CONTEXT ( ( #1517 ) ) GLOBAL_UNIT_ASSIGNED_CONTEXT ( ( #518, #2243, #3096 ) ) REPRESENTATION_CONTEXT ( 'NONE', 'WORKASPACE' ) );
#1702 = CARTESIAN_POINT ( 'NONE',  ( -1.299999999999999600, 2.475000000000000089, -0.5499999999999987121 ) ) ;
#1703 = VERTEX_POINT ( 'NONE', #2673 ) ;
#1704 = DIRECTION ( 'NONE',  ( 1.000000000000000000, -0.000000000000000000, 0.000000000000000000 ) ) ;
#1705 = CARTESIAN_POINT ( 'NONE',  ( -2.833012701892219987, -1.824999999999999956, 0.5000000000000000000 ) ) ;
#1706 = EDGE_LOOP ( 'NONE', ( #3650, #386, #48, #2889, #2834, #1287, #2004, #353 ) ) ;
#1707 = CARTESIAN_POINT ( 'NONE',  ( 1.309999999999998943, 1.575000000000000178, 0.7600000000000000089 ) ) ;
#1708 = ORIENTED_EDGE ( 'NONE', *, *, #1627, .T. ) ;
#1709 = FILL_AREA_STYLE ('',( #2036 ) ) ;
#1710 = EDGE_CURVE ( 'NONE', #195, #3381, #730, .T. ) ;
#1711 = UNCERTAINTY_MEASURE_WITH_UNIT (LENGTH_MEASURE( 1.000000000000000082E-05 ), #2867, 'distance_accuracy_value', 'NONE');
#1712 = DIRECTION ( 'NONE',  ( 0.000000000000000000, 1.000000000000000000, -0.000000000000000000 ) ) ;
#1713 = VERTEX_POINT ( 'NONE', #3529 ) ;
#1714 = VECTOR ( 'NONE', #2960, 1000.000000000000000 ) ;
#1715 = CARTESIAN_POINT ( 'NONE',  ( 2.799999999999999378, -1.824999999999999734, 1.000000000000000666 ) ) ;
#1716 = ORIENTED_EDGE ( 'NONE', *, *, #2218, .T. ) ;
#1717 = CARTESIAN_POINT ( 'NONE',  ( -1.299999999999998268, 2.475000000000000089, -0.7500000000000001110 ) ) ;
#1718 =( GEOMETRIC_REPRESENTATION_CONTEXT ( 3 ) GLOBAL_UNCERTAINTY_ASSIGNED_CONTEXT ( ( #2238 ) ) GLOBAL_UNIT_ASSIGNED_CONTEXT ( ( #2362, #3550, #2453 ) ) REPRESENTATION_CONTEXT ( 'NONE', 'WORKASPACE' ) );
#1719 = ADVANCED_FACE ( 'NONE', ( #2981 ), #1021, .F. ) ;
#1720 = SURFACE_SIDE_STYLE ('',( #3669 ) ) ;
#1721 =( LENGTH_UNIT ( ) NAMED_UNIT ( * ) SI_UNIT ( .MILLI., .METRE. ) );
#1722 = LINE ( 'NONE', #1381, #2930 ) ;
#1723 = AXIS2_PLACEMENT_3D ( 'NONE', #3618, #2136, #1031 ) ;
#1724 = EDGE_LOOP ( 'NONE', ( #54, #2189, #2307, #1762 ) ) ;
#1725 =( NAMED_UNIT ( * ) SI_UNIT ( $, .STERADIAN. ) SOLID_ANGLE_UNIT ( ) );
#1726 = PRESENTATION_LAYER_ASSIGNMENT (  '', '', ( #528 ) ) ;
#1727 = FILL_AREA_STYLE_COLOUR ( '', #2118 ) ;
#1728 = VERTEX_POINT ( 'NONE', #3545 ) ;
#1729 = LINE ( 'NONE', #2309, #1057 ) ;
#1730 = DIRECTION ( 'NONE',  ( 0.000000000000000000, 1.000000000000000000, 0.000000000000000000 ) ) ;
#1731 = PRESENTATION_STYLE_ASSIGNMENT (( #3176 ) ) ;
#1732 = VERTEX_POINT ( 'NONE', #3303 ) ;
#1733 = LINE ( 'NONE', #813, #2902 ) ;
#1734 = DIRECTION ( 'NONE',  ( -0.000000000000000000, -1.000000000000000000, -0.000000000000000000 ) ) ;
#1735 = ORIENTED_EDGE ( 'NONE', *, *, #1679, .T. ) ;
#1736 = ORIENTED_EDGE ( 'NONE', *, *, #3306, .F. ) ;
#1737 = CYLINDRICAL_SURFACE ( 'NONE', #2745, 0.2000000000000000944 ) ;
#1738 = CLOSED_SHELL ( 'NONE', ( #2212, #1873, #1364, #1347, #303, #360, #1657, #1591, #3505, #3658, #2503, #208, #1203, #3346, #1886, #212, #1853, #1936 ) ) ;
#1739 = VECTOR ( 'NONE', #3314, 1000.000000000000000 ) ;
#1740 = CARTESIAN_POINT ( 'NONE',  ( -2.799999999999999378, -1.574999999999999734, 0.000000000000000000 ) ) ;
#1741 = FACE_OUTER_BOUND ( 'NONE', #549, .T. ) ;
#1742 = VERTEX_POINT ( 'NONE', #1806 ) ;
#1743 = LINE ( 'NONE', #630, #989 ) ;
#1744 = DIRECTION ( 'NONE',  ( 1.000000000000000000, 0.000000000000000000, 0.000000000000000000 ) ) ;
#1745 = ORIENTED_EDGE ( 'NONE', *, *, #2594, .T. ) ;
#1746 = DIRECTION ( 'NONE',  ( 0.000000000000000000, 1.000000000000000000, -0.000000000000000000 ) ) ;
#1747 = LINE ( 'NONE', #1459, #2983 ) ;
#1748 = ORIENTED_EDGE ( 'NONE', *, *, #64, .F. ) ;
#1749 = LINE ( 'NONE', #16, #510 ) ;
#1750 = ADVANCED_FACE ( 'NONE', ( #3258 ), #1538, .T. ) ;
#1751 = VERTEX_POINT ( 'NONE', #978 ) ;
#1752 = DIRECTION ( 'NONE',  ( 0.000000000000000000, 0.000000000000000000, 1.000000000000000000 ) ) ;
#1753 = CIRCLE ( 'NONE', #3004, 0.8000000000000000444 ) ;
#1754 = VECTOR ( 'NONE', #2284, 1000.000000000000000 ) ;
#1755 = LINE ( 'NONE', #1191, #3157 ) ;
#1756 = VERTEX_POINT ( 'NONE', #1256 ) ;
#1757 = DIRECTION ( 'NONE',  ( 0.000000000000000000, 0.000000000000000000, -1.000000000000000000 ) ) ;
#1758 = DIRECTION ( 'NONE',  ( -0.000000000000000000, -1.000000000000000000, 0.000000000000000000 ) ) ;
#1759 = ORIENTED_EDGE ( 'NONE', *, *, #2917, .F. ) ;
#1760 = SURFACE_STYLE_FILL_AREA ( #582 ) ;
#1761 = LINE ( 'NONE', #2403, #2010 ) ;
#1762 = ORIENTED_EDGE ( 'NONE', *, *, #2990, .T. ) ;
#1763 = CARTESIAN_POINT ( 'NONE',  ( -2.799999999999999378, -1.824999999999999734, 0.000000000000000000 ) ) ;
#1764 = VECTOR ( 'NONE', #2976, 1000.000000000000000 ) ;
#1765 = ORIENTED_EDGE ( 'NONE', *, *, #526, .T. ) ;
#1766 = CARTESIAN_POINT ( 'NONE',  ( 3.000000000000000444, 1.675000000000000266, 1.549999999999999822 ) ) ;
#1767 = MECHANICAL_DESIGN_GEOMETRIC_PRESENTATION_REPRESENTATION (  '', ( #3623 ), #1115 ) ;
#1768 = LINE ( 'NONE', #1465, #104 ) ;
#1769 = DIRECTION ( 'NONE',  ( 0.8660254037844382635, -0.5000000000000004441, 0.000000000000000000 ) ) ;
#1770 = CARTESIAN_POINT ( 'NONE',  ( 1.949999999999999956, -1.824999999999999734, -0.9999999999999995559 ) ) ;
#1771 = PRESENTATION_LAYER_ASSIGNMENT (  '', '', ( #376 ) ) ;
#1772 = PRESENTATION_LAYER_ASSIGNMENT (  '', '', ( #635 ) ) ;
#1773 = VERTEX_POINT ( 'NONE', #702 ) ;
#1774 = CARTESIAN_POINT ( 'NONE',  ( 2.799999999999999378, -1.574999999999999734, 1.000000000000000666 ) ) ;
#1775 = COLOUR_RGB ( '',0.7294117647058823151, 0.3568627450980392246, 0.02352941176470588203 ) ;
#1776 =( NAMED_UNIT ( * ) SI_UNIT ( $, .STERADIAN. ) SOLID_ANGLE_UNIT ( ) );
#1777 = VECTOR ( 'NONE', #3657, 1000.000000000000000 ) ;
#1778 = ORIENTED_EDGE ( 'NONE', *, *, #1646, .F. ) ;
#1779 = CYLINDRICAL_SURFACE ( 'NONE', #10, 0.2000000000000000944 ) ;
#1780 = CARTESIAN_POINT ( 'NONE',  ( -1.299999999999999600, 2.475000000000000089, 0.5499999999999999334 ) ) ;
#1781 = EDGE_CURVE ( 'NONE', #419, #2572, #362, .T. ) ;
#1782 = DIRECTION ( 'NONE',  ( 0.000000000000000000, 0.000000000000000000, 1.000000000000000000 ) ) ;
#1783 = ORIENTED_EDGE ( 'NONE', *, *, #1855, .F. ) ;
#1784 = LINE ( 'NONE', #2424, #253 ) ;
#1785 = CARTESIAN_POINT ( 'NONE',  ( 1.300000000000000266, 2.475000000000000089, -0.5500000000000001554 ) ) ;
#1786 = SURFACE_STYLE_FILL_AREA ( #2656 ) ;
#1787 = ORIENTED_EDGE ( 'NONE', *, *, #1157, .T. ) ;
#1788 = SURFACE_STYLE_USAGE ( .BOTH. , #1188 ) ;
#1789 = DIRECTION ( 'NONE',  ( 1.000000000000000000, 0.000000000000000000, 0.000000000000000000 ) ) ;
#1790 = ORIENTED_EDGE ( 'NONE', *, *, #2574, .T. ) ;
#1791 = DIRECTION ( 'NONE',  ( 0.000000000000000000, 0.000000000000000000, 1.000000000000000000 ) ) ;
#1792 = VECTOR ( 'NONE', #2760, 1000.000000000000000 ) ;
#1793 = MECHANICAL_DESIGN_GEOMETRIC_PRESENTATION_REPRESENTATION (  '', ( #1139 ), #952 ) ;
#1794 = CARTESIAN_POINT ( 'NONE',  ( -1.299999999999999600, 2.475000000000000089, -0.5500000000000001554 ) ) ;
#1795 =( LENGTH_UNIT ( ) NAMED_UNIT ( * ) SI_UNIT ( .MILLI., .METRE. ) );
#1796 = EDGE_LOOP ( 'NONE', ( #2265, #3710, #2683, #3163 ) ) ;
#1797 = SURFACE_STYLE_USAGE ( .BOTH. , #655 ) ;
#1798 = VECTOR ( 'NONE', #2393, 1000.000000000000000 ) ;
#1799 = DIRECTION ( 'NONE',  ( -1.000000000000000000, -0.000000000000000000, -0.000000000000000000 ) ) ;
#1800 = ORIENTED_EDGE ( 'NONE', *, *, #2550, .T. ) ;
#1801 = DIRECTION ( 'NONE',  ( -0.000000000000000000, -1.000000000000000000, -0.000000000000000000 ) ) ;
#1802 = ORIENTED_EDGE ( 'NONE', *, *, #3664, .T. ) ;
#1803 = EDGE_CURVE ( 'NONE', #2667, #1630, #2144, .T. ) ;
#1804 = EDGE_CURVE ( 'NONE', #1220, #323, #1904, .T. ) ;
#1805 = ORIENTED_EDGE ( 'NONE', *, *, #882, .T. ) ;
#1806 = CARTESIAN_POINT ( 'NONE',  ( 1.299999999999999156, 2.274999999999999911, -0.7500000000000002220 ) ) ;
#1807 =( LENGTH_UNIT ( ) NAMED_UNIT ( * ) SI_UNIT ( .MILLI., .METRE. ) );
#1808 = EDGE_CURVE ( 'NONE', #94, #3171, #2201, .T. ) ;
#1809 = SURFACE_STYLE_USAGE ( .BOTH. , #2965 ) ;
#1810 = VECTOR ( 'NONE', #2051, 1000.000000000000000 ) ;
#1811 = ORIENTED_EDGE ( 'NONE', *, *, #2771, .T. ) ;
#1812 = CARTESIAN_POINT ( 'NONE',  ( 1.300000000000000266, 2.475000000000000089, -0.5500000000000001554 ) ) ;
#1813 =( NAMED_UNIT ( * ) SI_UNIT ( $, .STERADIAN. ) SOLID_ANGLE_UNIT ( ) );
#1814 = PRESENTATION_LAYER_ASSIGNMENT (  '', '', ( #1330 ) ) ;
#1815 = LINE ( 'NONE', #368, #1285 ) ;
#1816 = ORIENTED_EDGE ( 'NONE', *, *, #3313, .F. ) ;
#1817 = FACE_OUTER_BOUND ( 'NONE', #1064, .T. ) ;
#1818 = SURFACE_STYLE_USAGE ( .BOTH. , #674 ) ;
#1819 = EDGE_CURVE ( 'NONE', #1949, #2925, #2511, .T. ) ;
#1820 = FILL_AREA_STYLE ('',( #3231 ) ) ;
#1821 = VERTEX_POINT ( 'NONE', #1114 ) ;
#1822 = CARTESIAN_POINT ( 'NONE',  ( 2.900000000000000799, -1.574999999999999956, 0.5000000000000000000 ) ) ;
#1823 = ORIENTED_EDGE ( 'NONE', *, *, #64, .T. ) ;
#1824 = DIRECTION ( 'NONE',  ( 0.000000000000000000, 1.000000000000000000, -0.000000000000000000 ) ) ;
#1825 = PLANE ( 'NONE',  #2096 ) ;
#1826 = EDGE_CURVE ( 'NONE', #562, #3031, #2137, .T. ) ;
#1827 = LINE ( 'NONE', #3581, #1512 ) ;
#1828 = ADVANCED_FACE ( 'NONE', ( #810 ), #1955, .F. ) ;
#1829 = PLANE ( 'NONE',  #568 ) ;
#1830 = ORIENTED_EDGE ( 'NONE', *, *, #186, .T. ) ;
#1831 = EDGE_CURVE ( 'NONE', #29, #1756, #1755, .T. ) ;
#1832 = VECTOR ( 'NONE', #793, 1000.000000000000000 ) ;
#1833 = VECTOR ( 'NONE', #780, 1000.000000000000114 ) ;
#1834 = SURFACE_STYLE_USAGE ( .BOTH. , #2364 ) ;
#1835 = ORIENTED_EDGE ( 'NONE', *, *, #3644, .F. ) ;
#1836 = STYLED_ITEM ( 'NONE', ( #3121 ), #1049 ) ;
#1837 = DIRECTION ( 'NONE',  ( -1.000000000000000000, 0.000000000000000000, 0.000000000000000000 ) ) ;
#1838 = DIRECTION ( 'NONE',  ( -0.000000000000000000, -1.000000000000000000, -0.000000000000000000 ) ) ;
#1839 = MECHANICAL_DESIGN_GEOMETRIC_PRESENTATION_REPRESENTATION (  '', ( #2439 ), #1718 ) ;
#1840 = DIRECTION ( 'NONE',  ( -0.000000000000000000, -0.000000000000000000, -1.000000000000000000 ) ) ;
#1841 = ORIENTED_EDGE ( 'NONE', *, *, #3192, .T. ) ;
#1842 = CARTESIAN_POINT ( 'NONE',  ( -3.000000000000000444, -1.574999999999999734, 0.5000000000000000000 ) ) ;
#1843 = FACE_OUTER_BOUND ( 'NONE', #2249, .T. ) ;
#1844 = ORIENTED_EDGE ( 'NONE', *, *, #2363, .F. ) ;
#1845 = VECTOR ( 'NONE', #2604, 1000.000000000000000 ) ;
#1846 = AXIS2_PLACEMENT_3D ( 'NONE', #2374, #3508, #109 ) ;
#1847 = CARTESIAN_POINT ( 'NONE',  ( -1.299999999999999600, 2.475000000000000089, -0.5500000000000001554 ) ) ;
#1848 = SURFACE_SIDE_STYLE ('',( #1786 ) ) ;
#1849 = PRESENTATION_STYLE_ASSIGNMENT (( #683 ) ) ;
#1850 =( LENGTH_UNIT ( ) NAMED_UNIT ( * ) SI_UNIT ( .MILLI., .METRE. ) );
#1851 = ORIENTED_EDGE ( 'NONE', *, *, #2781, .T. ) ;
#1852 = SURFACE_SIDE_STYLE ('',( #2474 ) ) ;
#1853 = ADVANCED_FACE ( 'NONE', ( #149 ), #2698, .T. ) ;
#1854 = PRESENTATION_STYLE_ASSIGNMENT (( #1545 ) ) ;
#1855 = EDGE_CURVE ( 'NONE', #1362, #3294, #2179, .T. ) ;
#1856 = VECTOR ( 'NONE', #1323, 1000.000000000000000 ) ;
#1857 = VERTEX_POINT ( 'NONE', #1885 ) ;
#1858 = COLOUR_RGB ( '',0.2509803921568627416, 0.2509803921568627416, 0.2509803921568627416 ) ;
#1859 = LINE ( 'NONE', #1496, #3022 ) ;
#1860 = UNCERTAINTY_MEASURE_WITH_UNIT (LENGTH_MEASURE( 1.000000000000000082E-05 ), #1807, 'distance_accuracy_value', 'NONE');
#1861 = SURFACE_SIDE_STYLE ('',( #1272 ) ) ;
#1862 = DIRECTION ( 'NONE',  ( 7.047314121155775666E-15, 0.000000000000000000, -1.000000000000000000 ) ) ;
#1863 = CARTESIAN_POINT ( 'NONE',  ( 1.310000000000000497, 1.675000000000000266, 0.5600000000000000533 ) ) ;
#1864 = EDGE_CURVE ( 'NONE', #1337, #885, #2953, .T. ) ;
#1865 = CARTESIAN_POINT ( 'NONE',  ( -1.949999999999999512, -1.824999999999999734, 0.000000000000000000 ) ) ;
#1866 = DIRECTION ( 'NONE',  ( -0.000000000000000000, 1.000000000000000000, -0.000000000000000000 ) ) ;
#1867 = EDGE_CURVE ( 'NONE', #892, #546, #155, .T. ) ;
#1868 = CARTESIAN_POINT ( 'NONE',  ( 1.300000000000000266, 2.475000000000000089, 0.5499999999999999334 ) ) ;
#1869 = ORIENTED_EDGE ( 'NONE', *, *, #2225, .F. ) ;
#1870 = DIRECTION ( 'NONE',  ( 0.000000000000000000, -0.000000000000000000, 1.000000000000000000 ) ) ;
#1871 = CARTESIAN_POINT ( 'NONE',  ( 2.800000000000000266, 1.675000000000000266, -1.749999999999999778 ) ) ;
#1872 = CARTESIAN_POINT ( 'NONE',  ( 2.800000000000000266, 1.575000000000000178, -1.749999999999999778 ) ) ;
#1873 = ADVANCED_FACE ( 'NONE', ( #2087 ), #1612, .F. ) ;
#1874 = VECTOR ( 'NONE', #1556, 1000.000000000000000 ) ;
#1875 = ORIENTED_EDGE ( 'NONE', *, *, #1027, .F. ) ;
#1876 = DIRECTION ( 'NONE',  ( -0.5000000000000014433, 0.8660254037844379305, 0.000000000000000000 ) ) ;
#1877 = PRESENTATION_STYLE_ASSIGNMENT (( #3296 ) ) ;
#1878 = FILL_AREA_STYLE_COLOUR ( '', #1775 ) ;
#1879 = EDGE_CURVE ( 'NONE', #1634, #297, #1033, .T. ) ;
#1880 =( NAMED_UNIT ( * ) PLANE_ANGLE_UNIT ( ) SI_UNIT ( $, .RADIAN. ) );
#1881 = FILL_AREA_STYLE_COLOUR ( '', #791 ) ;
#1882 =( NAMED_UNIT ( * ) SI_UNIT ( $, .STERADIAN. ) SOLID_ANGLE_UNIT ( ) );
#1883 = FACE_OUTER_BOUND ( 'NONE', #73, .T. ) ;
#1884 = ORIENTED_EDGE ( 'NONE', *, *, #2490, .F. ) ;
#1885 = CARTESIAN_POINT ( 'NONE',  ( 1.299999999999999156, 2.274999999999999911, 0.7499999999999998890 ) ) ;
#1886 = ADVANCED_FACE ( 'NONE', ( #3690 ), #3362, .T. ) ;
#1887 = CARTESIAN_POINT ( 'NONE',  ( -3.000000000000000444, 1.675000000000000266, -0.7999999999999997113 ) ) ;
#1888 = AXIS2_PLACEMENT_3D ( 'NONE', #3359, #2315, #1185 ) ;
#1889 = DIRECTION ( 'NONE',  ( -1.000000000000000000, 0.000000000000000000, -0.000000000000000000 ) ) ;
#1890 = PRESENTATION_LAYER_ASSIGNMENT (  '', '', ( #3259 ) ) ;
#1891 =( NAMED_UNIT ( * ) PLANE_ANGLE_UNIT ( ) SI_UNIT ( $, .RADIAN. ) );
#1892 = ORIENTED_EDGE ( 'NONE', *, *, #3268, .T. ) ;
#1893 = CARTESIAN_POINT ( 'NONE',  ( -2.799999999999999378, 1.675000000000000266, -1.550000000000000266 ) ) ;
#1894 = VECTOR ( 'NONE', #1097, 1000.000000000000000 ) ;
#1895 = CARTESIAN_POINT ( 'NONE',  ( -1.299999999999999600, 2.475000000000000089, -0.5500000000000001554 ) ) ;
#1896 = UNCERTAINTY_MEASURE_WITH_UNIT (LENGTH_MEASURE( 1.000000000000000082E-05 ), #1632, 'distance_accuracy_value', 'NONE');
#1897 = ADVANCED_FACE ( 'NONE', ( #533 ), #2206, .T. ) ;
#1898 = PRESENTATION_STYLE_ASSIGNMENT (( #1624 ) ) ;
#1899 = FILL_AREA_STYLE ('',( #2979 ) ) ;
#1900 = SURFACE_STYLE_USAGE ( .BOTH. , #750 ) ;
#1901 = VECTOR ( 'NONE', #45, 1000.000000000000000 ) ;
#1902 = DIRECTION ( 'NONE',  ( 0.000000000000000000, 0.000000000000000000, -1.000000000000000000 ) ) ;
#1903 = EDGE_CURVE ( 'NONE', #1192, #2327, #3667, .T. ) ;
#1904 = LINE ( 'NONE', #1060, #77 ) ;
#1905 = DIRECTION ( 'NONE',  ( 5.782411586589355667E-16, 0.000000000000000000, 1.000000000000000000 ) ) ;
#1906 = PRODUCT_CONTEXT ( 'NONE', #1015, 'mechanical' ) ;
#1907 = CARTESIAN_POINT ( 'NONE',  ( -1.499999999999999556, 1.675000000000000266, -0.5499999999999987121 ) ) ;
#1908 = ORIENTED_EDGE ( 'NONE', *, *, #330, .T. ) ;
#1909 = PRESENTATION_STYLE_ASSIGNMENT (( #758 ) ) ;
#1910 = CARTESIAN_POINT ( 'NONE',  ( -2.799999999999999378, -1.574999999999999734, 1.550000000000000044 ) ) ;
#1911 = LINE ( 'NONE', #3045, #2376 ) ;
#1912 = FILL_AREA_STYLE_COLOUR ( '', #1858 ) ;
#1913 = ORIENTED_EDGE ( 'NONE', *, *, #1679, .F. ) ;
#1914 = DIRECTION ( 'NONE',  ( 0.000000000000000000, -1.000000000000000000, 0.000000000000000000 ) ) ;
#1915 = ORIENTED_EDGE ( 'NONE', *, *, #2192, .T. ) ;
#1916 = CARTESIAN_POINT ( 'NONE',  ( -3.000000000000000444, 2.009347441987640703, 0.8000000000000000444 ) ) ;
#1917 = DIRECTION ( 'NONE',  ( 2.551063935260010491E-16, 0.000000000000000000, 1.000000000000000000 ) ) ;
#1918 = LINE ( 'NONE', #3683, #614 ) ;
#1919 = SURFACE_SIDE_STYLE ('',( #1582 ) ) ;
#1920 = PRESENTATION_LAYER_ASSIGNMENT (  '', '', ( #3293 ) ) ;
#1921 = FILL_AREA_STYLE ('',( #2732 ) ) ;
#1922 = FACE_OUTER_BOUND ( 'NONE', #2442, .T. ) ;
#1923 = DIRECTION ( 'NONE',  ( -1.000000000000000000, 0.000000000000000000, 0.000000000000000000 ) ) ;
#1924 = VERTEX_POINT ( 'NONE', #3646 ) ;
#1925 = EDGE_CURVE ( 'NONE', #1187, #1713, #1667, .T. ) ;
#1926 =( NAMED_UNIT ( * ) PLANE_ANGLE_UNIT ( ) SI_UNIT ( $, .RADIAN. ) );
#1927 = DIRECTION ( 'NONE',  ( 0.000000000000000000, 1.000000000000000000, -0.000000000000000000 ) ) ;
#1928 = CARTESIAN_POINT ( 'NONE',  ( -3.000000000000000444, 1.675000000000000266, 0.7999999999999999334 ) ) ;
#1929 = VERTEX_POINT ( 'NONE', #831 ) ;
#1930 = DIRECTION ( 'NONE',  ( 0.000000000000000000, -0.000000000000000000, -1.000000000000000000 ) ) ;
#1931 = VECTOR ( 'NONE', #3077, 1000.000000000000000 ) ;
#1932 = LINE ( 'NONE', #3066, #2525 ) ;
#1933 = ORIENTED_EDGE ( 'NONE', *, *, #3452, .F. ) ;
#1934 = DIRECTION ( 'NONE',  ( -1.156482317317871922E-15, 0.000000000000000000, -1.000000000000000000 ) ) ;
#1935 = DIRECTION ( 'NONE',  ( 1.000000000000000000, 0.000000000000000000, 3.942553354492744024E-16 ) ) ;
#1936 = ADVANCED_FACE ( 'NONE', ( #2775 ), #3631, .T. ) ;
#1937 = CARTESIAN_POINT ( 'NONE',  ( -2.961913519143119178, 2.096359493723076284, -0.7611074106059722011 ) ) ;
#1938 = LINE ( 'NONE', #1865, #2127 ) ;
#1939 = DIRECTION ( 'NONE',  ( -5.782411586589353694E-16, 0.000000000000000000, 1.000000000000000000 ) ) ;
#1940 = EDGE_CURVE ( 'NONE', #2761, #1630, #2029, .T. ) ;
#1941 = DIRECTION ( 'NONE',  ( 0.000000000000000000, 0.000000000000000000, -1.000000000000000000 ) ) ;
#1942 = EDGE_LOOP ( 'NONE', ( #1908, #2664, #3155, #633 ) ) ;
#1943 = EDGE_CURVE ( 'NONE', #163, #1575, #3546, .T. ) ;
#1944 = FILL_AREA_STYLE ('',( #1670 ) ) ;
#1945 = ORIENTED_EDGE ( 'NONE', *, *, #1271, .F. ) ;
#1946 = VECTOR ( 'NONE', #3233, 1000.000000000000000 ) ;
#1947 = SURFACE_STYLE_FILL_AREA ( #800 ) ;
#1948 = LINE ( 'NONE', #3653, #3554 ) ;
#1949 = VERTEX_POINT ( 'NONE', #1242 ) ;
#1950 = DIRECTION ( 'NONE',  ( 1.000000000000000000, 0.000000000000000000, -0.000000000000000000 ) ) ;
#1951 = CARTESIAN_POINT ( 'NONE',  ( -3.000000000000000444, 1.675000000000000266, 0.000000000000000000 ) ) ;
#1952 = EDGE_LOOP ( 'NONE', ( #2900, #3414, #966, #3013 ) ) ;
#1953 = PLANE ( 'NONE',  #2908 ) ;
#1954 =( GEOMETRIC_REPRESENTATION_CONTEXT ( 3 ) GLOBAL_UNCERTAINTY_ASSIGNED_CONTEXT ( ( #2768 ) ) GLOBAL_UNIT_ASSIGNED_CONTEXT ( ( #2291, #843, #1967 ) ) REPRESENTATION_CONTEXT ( 'NONE', 'WORKASPACE' ) );
#1955 = PLANE ( 'NONE',  #322 ) ;
#1956 = VECTOR ( 'NONE', #1326, 1000.000000000000000 ) ;
#1957 = ORIENTED_EDGE ( 'NONE', *, *, #7, .F. ) ;
#1958 = COLOUR_RGB ( '',0.2509803921568627416, 0.2509803921568627416, 0.2509803921568627416 ) ;
#1959 = CARTESIAN_POINT ( 'NONE',  ( -2.799999999999999378, -1.824999999999999734, 0.000000000000000000 ) ) ;
#1960 = CARTESIAN_POINT ( 'NONE',  ( -2.799999999999999378, -1.824999999999999734, -1.550000000000000044 ) ) ;
#1961 =( GEOMETRIC_REPRESENTATION_CONTEXT ( 3 ) GLOBAL_UNCERTAINTY_ASSIGNED_CONTEXT ( ( #2114 ) ) GLOBAL_UNIT_ASSIGNED_CONTEXT ( ( #1087, #2849, #1725 ) ) REPRESENTATION_CONTEXT ( 'NONE', 'WORKASPACE' ) );
#1962 = LINE ( 'NONE', #2593, #3047 ) ;
#1963 = ORIENTED_EDGE ( 'NONE', *, *, #1078, .T. ) ;
#1964 = CARTESIAN_POINT ( 'NONE',  ( 2.833012701892219987, -1.824999999999999956, 0.5000000000000000000 ) ) ;
#1965 = ORIENTED_EDGE ( 'NONE', *, *, #1541, .T. ) ;
#1966 = EDGE_CURVE ( 'NONE', #2743, #163, #3476, .T. ) ;
#1967 =( NAMED_UNIT ( * ) SI_UNIT ( $, .STERADIAN. ) SOLID_ANGLE_UNIT ( ) );
#1968 = ORIENTED_EDGE ( 'NONE', *, *, #876, .T. ) ;
#1969 =( LENGTH_UNIT ( ) NAMED_UNIT ( * ) SI_UNIT ( .MILLI., .METRE. ) );
#1970 = AXIS2_PLACEMENT_3D ( 'NONE', #2074, #2405, #3537 ) ;
#1971 = DIRECTION ( 'NONE',  ( 0.8660254037844382635, -0.5000000000000004441, 0.000000000000000000 ) ) ;
#1972 = VERTEX_POINT ( 'NONE', #382 ) ;
#1973 = CARTESIAN_POINT ( 'NONE',  ( -1.509999999999999787, 1.675000000000000266, 0.5599999999999986100 ) ) ;
#1974 = DIRECTION ( 'NONE',  ( -1.000000000000000000, 0.000000000000000000, 0.000000000000000000 ) ) ;
#1975 = DIRECTION ( 'NONE',  ( -1.000000000000000000, 0.000000000000000000, -5.102127870520022954E-16 ) ) ;
#1976 = EDGE_LOOP ( 'NONE', ( #795, #537, #2319, #2723 ) ) ;
#1977 = ADVANCED_FACE ( 'NONE', ( #2341 ), #2083, .F. ) ;
#1978 = CARTESIAN_POINT ( 'NONE',  ( -1.299999999999999600, 2.274999999999999911, 0.5499999999999999334 ) ) ;
#1979 = CARTESIAN_POINT ( 'NONE',  ( -3.000000000000000444, 1.975000000000000089, 0.000000000000000000 ) ) ;
#1980 = ORIENTED_EDGE ( 'NONE', *, *, #2455, .T. ) ;
#1981 = SURFACE_STYLE_USAGE ( .BOTH. , #2253 ) ;
#1982 =( LENGTH_UNIT ( ) NAMED_UNIT ( * ) SI_UNIT ( .MILLI., .METRE. ) );
#1983 = VECTOR ( 'NONE', #960, 1000.000000000000000 ) ;
#1984 = CARTESIAN_POINT ( 'NONE',  ( -1.299999999999998268, 2.274999999999999911, 0.5499999999999999334 ) ) ;
#1985 = ORIENTED_EDGE ( 'NONE', *, *, #2751, .T. ) ;
#1986 = AXIS2_PLACEMENT_3D ( 'NONE', #2440, #3575, #1008 ) ;
#1987 = DIRECTION ( 'NONE',  ( -0.8660254037844379305, 0.5000000000000014433, 0.000000000000000000 ) ) ;
#1988 = COLOUR_RGB ( '',0.7294117647058823151, 0.3568627450980392246, 0.02352941176470588203 ) ;
#1989 = COLOUR_RGB ( '',0.2509803921568627416, 0.2509803921568627416, 0.2509803921568627416 ) ;
#1990 = ORIENTED_EDGE ( 'NONE', *, *, #3722, .T. ) ;
#1991 = SURFACE_STYLE_FILL_AREA ( #850 ) ;
#1992 = DIRECTION ( 'NONE',  ( 1.000000000000000000, 0.000000000000000000, -5.782411586589355667E-16 ) ) ;
#1993 = ORIENTED_EDGE ( 'NONE', *, *, #3318, .F. ) ;
#1994 = DIRECTION ( 'NONE',  ( -0.5000000000000014433, -0.8660254037844379305, 0.000000000000000000 ) ) ;
#1995 = FILL_AREA_STYLE ('',( #1727 ) ) ;
#1996 = ORIENTED_EDGE ( 'NONE', *, *, #955, .F. ) ;
#1997 =( LENGTH_UNIT ( ) NAMED_UNIT ( * ) SI_UNIT ( .MILLI., .METRE. ) );
#1998 = AXIS2_PLACEMENT_3D ( 'NONE', #2809, #1063, #2204 ) ;
#1999 = UNCERTAINTY_MEASURE_WITH_UNIT (LENGTH_MEASURE( 1.000000000000000082E-05 ), #1331, 'distance_accuracy_value', 'NONE');
#2000 =( NAMED_UNIT ( * ) PLANE_ANGLE_UNIT ( ) SI_UNIT ( $, .RADIAN. ) );
#2001 = EDGE_LOOP ( 'NONE', ( #2522, #79, #1367, #766, #1800, #1616, #2586, #292 ) ) ;
#2002 =( NAMED_UNIT ( * ) SI_UNIT ( $, .STERADIAN. ) SOLID_ANGLE_UNIT ( ) );
#2003 = VECTOR ( 'NONE', #1348, 1000.000000000000000 ) ;
#2004 = ORIENTED_EDGE ( 'NONE', *, *, #3741, .F. ) ;
#2005 = EDGE_CURVE ( 'NONE', #854, #3033, #1768, .T. ) ;
#2006 = AXIS2_PLACEMENT_3D ( 'NONE', #967, #2419, #1923 ) ;
#2007 = VECTOR ( 'NONE', #304, 1000.000000000000000 ) ;
#2008 = ORIENTED_EDGE ( 'NONE', *, *, #3181, .F. ) ;
#2009 = PRESENTATION_STYLE_ASSIGNMENT (( #2300 ) ) ;
#2010 = VECTOR ( 'NONE', #2937, 1000.000000000000114 ) ;
#2011 = LINE ( 'NONE', #1740, #378 ) ;
#2012 = PRESENTATION_STYLE_ASSIGNMENT (( #2398 ) ) ;
#2013 =( GEOMETRIC_REPRESENTATION_CONTEXT ( 3 ) GLOBAL_UNCERTAINTY_ASSIGNED_CONTEXT ( ( #379 ) ) GLOBAL_UNIT_ASSIGNED_CONTEXT ( ( #1982, #2853, #2320 ) ) REPRESENTATION_CONTEXT ( 'NONE', 'WORKASPACE' ) );
#2014 = VERTEX_POINT ( 'NONE', #344 ) ;
#2015 = CARTESIAN_POINT ( 'NONE',  ( -1.299999999999999600, 2.274999999999999911, 0.5499999999999999334 ) ) ;
#2016 = CARTESIAN_POINT ( 'NONE',  ( -3.000000000000000444, -1.574999999999999734, 1.750000000000000000 ) ) ;
#2017 = ADVANCED_FACE ( 'NONE', ( #2062 ), #3204, .T. ) ;
#2018 = PRESENTATION_STYLE_ASSIGNMENT (( #872 ) ) ;
#2019 = ORIENTED_EDGE ( 'NONE', *, *, #2312, .T. ) ;
#2020 = AXIS2_PLACEMENT_3D ( 'NONE', #3490, #2377, #685 ) ;
#2021 = EDGE_CURVE ( 'NONE', #1924, #1090, #1080, .T. ) ;
#2022 = CARTESIAN_POINT ( 'NONE',  ( -1.509999999999999787, 1.675000000000000266, -0.5599999999999986100 ) ) ;
#2023 = ORIENTED_EDGE ( 'NONE', *, *, #816, .T. ) ;
#2024 = DIRECTION ( 'NONE',  ( 0.8660254037844382635, 0.5000000000000004441, 0.000000000000000000 ) ) ;
#2025 = ADVANCED_FACE ( 'NONE', ( #1883 ), #774, .T. ) ;
#2026 = AXIS2_PLACEMENT_3D ( 'NONE', #1984, #2313, #3129 ) ;
#2027 = EDGE_LOOP ( 'NONE', ( #1143, #1420, #461, #144 ) ) ;
#2028 = VECTOR ( 'NONE', #1318, 1000.000000000000000 ) ;
#2029 = LINE ( 'NONE', #1154, #3122 ) ;
#2030 = FACE_BOUND ( 'NONE', #3142, .T. ) ;
#2031 = VERTEX_POINT ( 'NONE', #2471 ) ;
#2032 = CARTESIAN_POINT ( 'NONE',  ( 1.500000000000000444, 1.675000000000000266, -0.5499999999999987121 ) ) ;
#2033 = PRESENTATION_LAYER_ASSIGNMENT (  '', '', ( #1310 ) ) ;
#2034 = ADVANCED_FACE ( 'NONE', ( #2788 ), #1563, .T. ) ;
#2035 = ORIENTED_EDGE ( 'NONE', *, *, #2629, .T. ) ;
#2036 = FILL_AREA_STYLE_COLOUR ( '', #812 ) ;
#2037 =( LENGTH_UNIT ( ) NAMED_UNIT ( * ) SI_UNIT ( .MILLI., .METRE. ) );
#2038 = CARTESIAN_POINT ( 'NONE',  ( 3.383493649053891605, -0.9250000000000001554, 0.5000000000000000000 ) ) ;
#2039 = FILL_AREA_STYLE ('',( #2333 ) ) ;
#2040 = ORIENTED_EDGE ( 'NONE', *, *, #3520, .F. ) ;
#2041 = CARTESIAN_POINT ( 'NONE',  ( -3.954149099653018085E-16, -1.824999999999999734, 1.550000000000000488 ) ) ;
#2042 = EDGE_LOOP ( 'NONE', ( #69, #638, #1324, #1357 ) ) ;
#2043 = VECTOR ( 'NONE', #1905, 1000.000000000000000 ) ;
#2044 = VERTEX_POINT ( 'NONE', #2714 ) ;
#2045 = CARTESIAN_POINT ( 'NONE',  ( 2.882815027584380463, 2.163986454404603688, 0.6741587388250078750 ) ) ;
#2046 = AXIS2_PLACEMENT_3D ( 'NONE', #1651, #2800, #203 ) ;
#2047 = DIRECTION ( 'NONE',  ( -0.000000000000000000, -0.000000000000000000, -1.000000000000000000 ) ) ;
#2048 =( LENGTH_UNIT ( ) NAMED_UNIT ( * ) SI_UNIT ( .MILLI., .METRE. ) );
#2049 = STYLED_ITEM ( 'NONE', ( #1047 ), #2639 ) ;
#2050 = VERTEX_POINT ( 'NONE', #112 ) ;
#2051 = DIRECTION ( 'NONE',  ( 0.000000000000000000, 0.000000000000000000, -1.000000000000000000 ) ) ;
#2052 = ORIENTED_EDGE ( 'NONE', *, *, #1855, .T. ) ;
#2053 = DIRECTION ( 'NONE',  ( 0.000000000000000000, -0.000000000000000000, -1.000000000000000000 ) ) ;
#2054 = EDGE_CURVE ( 'NONE', #2893, #1160, #450, .T. ) ;
#2055 = ORIENTED_EDGE ( 'NONE', *, *, #888, .T. ) ;
#2056 = CARTESIAN_POINT ( 'NONE',  ( 2.999999999999999556, -1.574999999999999956, 0.5000000000000000000 ) ) ;
#2057 = TOROIDAL_SURFACE ( 'NONE', #815, 0.6000000000000000888, 0.2000000000000000111 ) ;
#2058 = FILL_AREA_STYLE ('',( #832 ) ) ;
#2059 = AXIS2_PLACEMENT_3D ( 'NONE', #3214, #2941, #2670 ) ;
#2060 = VERTEX_POINT ( 'NONE', #2752 ) ;
#2061 = AXIS2_PLACEMENT_3D ( 'NONE', #2815, #3311, #1360 ) ;
#2062 = FACE_OUTER_BOUND ( 'NONE', #2954, .T. ) ;
#2063 = LINE ( 'NONE', #705, #3643 ) ;
#2064 = DIRECTION ( 'NONE',  ( -0.000000000000000000, -1.000000000000000000, -0.000000000000000000 ) ) ;
#2065 = MECHANICAL_DESIGN_GEOMETRIC_PRESENTATION_REPRESENTATION (  '', ( #376 ), #133 ) ;
#2066 = ORIENTED_EDGE ( 'NONE', *, *, #2078, .T. ) ;
#2067 = CARTESIAN_POINT ( 'NONE',  ( 2.800000000000000266, 1.675000000000000266, -1.549999999999999822 ) ) ;
#2068 = STYLED_ITEM ( 'NONE', ( #246 ), #1364 ) ;
#2069 = CARTESIAN_POINT ( 'NONE',  ( -2.799999999999999378, -1.574999999999999734, 1.000000000000000000 ) ) ;
#2070 = STYLED_ITEM ( 'NONE', ( #1877 ), #1537 ) ;
#2071 = EDGE_LOOP ( 'NONE', ( #3616, #1237 ) ) ;
#2072 = VECTOR ( 'NONE', #453, 1000.000000000000000 ) ;
#2073 = EDGE_CURVE ( 'NONE', #542, #696, #754, .T. ) ;
#2074 = CARTESIAN_POINT ( 'NONE',  ( 3.037083487540114923, -1.625000000000000222, 0.5000000000000000000 ) ) ;
#2075 = ORIENTED_EDGE ( 'NONE', *, *, #1781, .F. ) ;
#2076 = CYLINDRICAL_SURFACE ( 'NONE', #306, 0.1999999999999999278 ) ;
#2077 = CARTESIAN_POINT ( 'NONE',  ( 1.500000000000000444, 2.274999999999999911, 0.5499999999999984901 ) ) ;
#2078 = EDGE_CURVE ( 'NONE', #1542, #3534, #3002, .T. ) ;
#2079 = DIRECTION ( 'NONE',  ( 5.782411586589355667E-16, 0.000000000000000000, 1.000000000000000000 ) ) ;
#2080 = MECHANICAL_DESIGN_GEOMETRIC_PRESENTATION_REPRESENTATION (  '', ( #3403 ), #2689 ) ;
#2081 = ORIENTED_EDGE ( 'NONE', *, *, #3580, .F. ) ;
#2082 = CARTESIAN_POINT ( 'NONE',  ( -2.551063935260010984E-16, -1.824999999999999734, 1.000000000000000666 ) ) ;
#2083 = PLANE ( 'NONE',  #46 ) ;
#2084 =( NAMED_UNIT ( * ) PLANE_ANGLE_UNIT ( ) SI_UNIT ( $, .RADIAN. ) );
#2085 = ORIENTED_EDGE ( 'NONE', *, *, #973, .F. ) ;
#2086 = CARTESIAN_POINT ( 'NONE',  ( -1.100000000000000089, 0.000000000000000000, 1.750000000000000000 ) ) ;
#2087 = FACE_OUTER_BOUND ( 'NONE', #559, .T. ) ;
#2088 = EDGE_CURVE ( 'NONE', #23, #1929, #1042, .T. ) ;
#2089 = VECTOR ( 'NONE', #392, 1000.000000000000000 ) ;
#2090 = AXIS2_PLACEMENT_3D ( 'NONE', #3273, #2958, #2668 ) ;
#2091 = CARTESIAN_POINT ( 'NONE',  ( -2.800000000000000266, 2.175000000000000266, -0.5656854249492380138 ) ) ;
#2092 = DIRECTION ( 'NONE',  ( -1.000000000000000000, 0.000000000000000000, 0.000000000000000000 ) ) ;
#2093 = VERTEX_POINT ( 'NONE', #1628 ) ;
#2094 = DIRECTION ( 'NONE',  ( 0.000000000000000000, 0.000000000000000000, -1.000000000000000000 ) ) ;
#2095 = EDGE_CURVE ( 'NONE', #3370, #1575, #2772, .T. ) ;
#2096 = AXIS2_PLACEMENT_3D ( 'NONE', #698, #128, #2115 ) ;
#2097 = LINE ( 'NONE', #723, #2875 ) ;
#2098 = ORIENTED_EDGE ( 'NONE', *, *, #3708, .F. ) ;
#2099 = CARTESIAN_POINT ( 'NONE',  ( -2.799999999999999378, -1.824999999999999734, 1.000000000000000000 ) ) ;
#2100 = VERTEX_POINT ( 'NONE', #216 ) ;
#2101 = DIRECTION ( 'NONE',  ( 0.000000000000000000, 0.000000000000000000, 1.000000000000000000 ) ) ;
#2102 = CARTESIAN_POINT ( 'NONE',  ( -1.309999999999998499, 1.675000000000000266, -0.7600000000000000089 ) ) ;
#2103 = DIRECTION ( 'NONE',  ( -2.551063935260009505E-16, 0.000000000000000000, 1.000000000000000000 ) ) ;
#2104 =( GEOMETRIC_REPRESENTATION_CONTEXT ( 3 ) GLOBAL_UNCERTAINTY_ASSIGNED_CONTEXT ( ( #2392 ) ) GLOBAL_UNIT_ASSIGNED_CONTEXT ( ( #2660, #3509, #1521 ) ) REPRESENTATION_CONTEXT ( 'NONE', 'WORKASPACE' ) );
#2105 = ORIENTED_EDGE ( 'NONE', *, *, #2609, .T. ) ;
#2106 = CARTESIAN_POINT ( 'NONE',  ( 0.000000000000000000, -1.324999999999999734, 1.750000000000000000 ) ) ;
#2107 = LINE ( 'NONE', #1794, #1394 ) ;
#2108 = ORIENTED_EDGE ( 'NONE', *, *, #35, .F. ) ;
#2109 = CARTESIAN_POINT ( 'NONE',  ( -2.799999999999999822, 1.675000000000000266, 1.550000000000000044 ) ) ;
#2110 = ORIENTED_EDGE ( 'NONE', *, *, #1232, .F. ) ;
#2111 = LINE ( 'NONE', #2355, #441 ) ;
#2112 = CARTESIAN_POINT ( 'NONE',  ( 2.999999999999999556, 1.575000000000000178, 1.750000000000000000 ) ) ;
#2113 = ORIENTED_EDGE ( 'NONE', *, *, #888, .F. ) ;
#2114 = UNCERTAINTY_MEASURE_WITH_UNIT (LENGTH_MEASURE( 1.000000000000000082E-05 ), #1087, 'distance_accuracy_value', 'NONE');
#2115 = DIRECTION ( 'NONE',  ( 1.000000000000000000, 0.000000000000000000, 0.000000000000000000 ) ) ;
#2116 = DIRECTION ( 'NONE',  ( -1.000000000000000000, 0.000000000000000000, -7.047314121155775666E-15 ) ) ;
#2117 = EDGE_CURVE ( 'NONE', #542, #2327, #3113, .T. ) ;
#2118 = COLOUR_RGB ( '',0.2509803921568627416, 0.2509803921568627416, 0.2509803921568627416 ) ;
#2119 = SURFACE_SIDE_STYLE ('',( #939 ) ) ;
#2120 = CIRCLE ( 'NONE', #1888, 0.2000000000000000944 ) ;
#2121 = EDGE_CURVE ( 'NONE', #3633, #419, #2532, .T. ) ;
#2122 = FILL_AREA_STYLE ('',( #3262 ) ) ;
#2123 = CARTESIAN_POINT ( 'NONE',  ( -1.100000000000000089, 0.000000000000000000, -1.750000000000000000 ) ) ;
#2124 = VECTOR ( 'NONE', #3593, 1000.000000000000000 ) ;
#2125 = ORIENTED_EDGE ( 'NONE', *, *, #3261, .F. ) ;
#2126 =( NAMED_UNIT ( * ) PLANE_ANGLE_UNIT ( ) SI_UNIT ( $, .RADIAN. ) );
#2127 = VECTOR ( 'NONE', #2143, 1000.000000000000000 ) ;
#2128 = CIRCLE ( 'NONE', #131, 0.1999999999999999833 ) ;
#2129 = DIRECTION ( 'NONE',  ( 0.000000000000000000, 0.000000000000000000, -1.000000000000000000 ) ) ;
#2130 = DIRECTION ( 'NONE',  ( 0.000000000000000000, 0.000000000000000000, 1.000000000000000000 ) ) ;
#2131 = COLOUR_RGB ( '',0.2509803921568627416, 0.2509803921568627416, 0.2509803921568627416 ) ;
#2132 = CARTESIAN_POINT ( 'NONE',  ( -1.309999999999998499, 1.675000000000000266, 0.7600000000000000089 ) ) ;
#2133 = MECHANICAL_DESIGN_GEOMETRIC_PRESENTATION_REPRESENTATION (  '', ( #2263 ), #641 ) ;
#2134 = EDGE_LOOP ( 'NONE', ( #672, #598, #347, #3159 ) ) ;
#2135 = DIRECTION ( 'NONE',  ( 0.000000000000000000, 1.000000000000000000, -0.000000000000000000 ) ) ;
#2136 = DIRECTION ( 'NONE',  ( -1.000000000000000000, 0.000000000000000000, 0.000000000000000000 ) ) ;
#2137 = CIRCLE ( 'NONE', #2326, 0.1999999999999996503 ) ;
#2138 = EDGE_CURVE ( 'NONE', #2615, #1186, #2264, .T. ) ;
#2139 = AXIS2_PLACEMENT_3D ( 'NONE', #720, #964, #3007 ) ;
#2140 = LINE ( 'NONE', #1017, #2827 ) ;
#2141 = SURFACE_STYLE_USAGE ( .BOTH. , #994 ) ;
#2142 = LINE ( 'NONE', #3281, #1098 ) ;
#2143 = DIRECTION ( 'NONE',  ( 0.000000000000000000, 0.000000000000000000, -1.000000000000000000 ) ) ;
#2144 = LINE ( 'NONE', #3283, #2202 ) ;
#2145 = EDGE_CURVE ( 'NONE', #616, #3470, #1572, .T. ) ;
#2146 = DIRECTION ( 'NONE',  ( 0.000000000000000000, -1.000000000000000000, 0.000000000000000000 ) ) ;
#2147 = ORIENTED_EDGE ( 'NONE', *, *, #753, .T. ) ;
#2148 = DIRECTION ( 'NONE',  ( 1.000000000000000000, 0.000000000000000000, 0.000000000000000000 ) ) ;
#2149 = ORIENTED_EDGE ( 'NONE', *, *, #2655, .T. ) ;
#2150 = PRESENTATION_LAYER_ASSIGNMENT (  '', '', ( #1139 ) ) ;
#2151 = DIRECTION ( 'NONE',  ( -1.000000000000000000, 0.000000000000000000, 0.000000000000000000 ) ) ;
#2152 = ORIENTED_EDGE ( 'NONE', *, *, #2145, .F. ) ;
#2153 = COLOUR_RGB ( '',0.2509803921568627416, 0.2509803921568627416, 0.2509803921568627416 ) ;
#2154 = LINE ( 'NONE', #2766, #1658 ) ;
#2155 = FACE_OUTER_BOUND ( 'NONE', #693, .T. ) ;
#2156 = CARTESIAN_POINT ( 'NONE',  ( -2.833012701892219987, -1.824999999999999956, -0.5000000000000000000 ) ) ;
#2157 = CARTESIAN_POINT ( 'NONE',  ( -1.310000000000000053, 1.575000000000000178, 0.5600000000000000533 ) ) ;
#2158 =( NAMED_UNIT ( * ) SI_UNIT ( $, .STERADIAN. ) SOLID_ANGLE_UNIT ( ) );
#2159 = UNCERTAINTY_MEASURE_WITH_UNIT (LENGTH_MEASURE( 1.000000000000000082E-05 ), #408, 'distance_accuracy_value', 'NONE');
#2160 = DIRECTION ( 'NONE',  ( 0.000000000000000000, -1.000000000000000000, 0.000000000000000000 ) ) ;
#2161 = DIRECTION ( 'NONE',  ( -0.000000000000000000, 0.000000000000000000, -1.000000000000000000 ) ) ;
#2162 = ORIENTED_EDGE ( 'NONE', *, *, #3472, .T. ) ;
#2163 = DIRECTION ( 'NONE',  ( 0.000000000000000000, 1.000000000000000000, 0.000000000000000000 ) ) ;
#2164 =( LENGTH_UNIT ( ) NAMED_UNIT ( * ) SI_UNIT ( .MILLI., .METRE. ) );
#2165 = VECTOR ( 'NONE', #2494, 1000.000000000000000 ) ;
#2166 = DIRECTION ( 'NONE',  ( -0.000000000000000000, -0.000000000000000000, -1.000000000000000000 ) ) ;
#2167 = STYLED_ITEM ( 'NONE', ( #1909 ), #1936 ) ;
#2168 = CARTESIAN_POINT ( 'NONE',  ( -1.299999999999999600, 1.675000000000000266, 0.5499999999999999334 ) ) ;
#2169 = LINE ( 'NONE', #457, #715 ) ;
#2170 = EDGE_CURVE ( 'NONE', #1160, #1390, #1153, .T. ) ;
#2171 = VECTOR ( 'NONE', #1580, 1000.000000000000000 ) ;
#2172 =( NAMED_UNIT ( * ) PLANE_ANGLE_UNIT ( ) SI_UNIT ( $, .RADIAN. ) );
#2173 = ORIENTED_EDGE ( 'NONE', *, *, #2946, .T. ) ;
#2174 = CYLINDRICAL_SURFACE ( 'NONE', #2674, 0.2000000000000000944 ) ;
#2175 = PRESENTATION_LAYER_ASSIGNMENT (  '', '', ( #241 ) ) ;
#2176 = PRESENTATION_STYLE_ASSIGNMENT (( #3052 ) ) ;
#2177 = CARTESIAN_POINT ( 'NONE',  ( -2.551063935260011477E-16, -1.824999999999999734, -1.000000000000000444 ) ) ;
#2178 = DIRECTION ( 'NONE',  ( -0.000000000000000000, -1.000000000000000000, -0.000000000000000000 ) ) ;
#2179 = LINE ( 'NONE', #1300, #140 ) ;
#2180 = CARTESIAN_POINT ( 'NONE',  ( -3.000000000000000444, 1.675000000000000266, 0.7999999999999999334 ) ) ;
#2181 = VERTEX_POINT ( 'NONE', #2748 ) ;
#2182 = CARTESIAN_POINT ( 'NONE',  ( 3.000000000000000000, 2.009347441987640703, -0.8000000000000000444 ) ) ;
#2183 =( LENGTH_UNIT ( ) NAMED_UNIT ( * ) SI_UNIT ( .MILLI., .METRE. ) );
#2184 = VECTOR ( 'NONE', #31, 1000.000000000000114 ) ;
#2185 = LINE ( 'NONE', #760, #2165 ) ;
#2186 = CARTESIAN_POINT ( 'NONE',  ( -3.037083487540114923, -1.625000000000000222, 0.5000000000000000000 ) ) ;
#2187 = LINE ( 'NONE', #737, #2089 ) ;
#2188 = AXIS2_PLACEMENT_3D ( 'NONE', #2369, #662, #3500 ) ;
#2189 = ORIENTED_EDGE ( 'NONE', *, *, #18, .F. ) ;
#2190 = AXIS2_PLACEMENT_3D ( 'NONE', #3014, #1011, #145 ) ;
#2191 = AXIS2_PLACEMENT_3D ( 'NONE', #2322, #2247, #1974 ) ;
#2192 = EDGE_CURVE ( 'NONE', #3252, #1090, #2998, .T. ) ;
#2193 = CARTESIAN_POINT ( 'NONE',  ( 1.309999999999998943, 1.675000000000000266, 0.7600000000000000089 ) ) ;
#2194 = ORIENTED_EDGE ( 'NONE', *, *, #1683, .F. ) ;
#2195 = DIRECTION ( 'NONE',  ( -0.000000000000000000, 1.000000000000000000, -0.000000000000000000 ) ) ;
#2196 =( GEOMETRIC_REPRESENTATION_CONTEXT ( 3 ) GLOBAL_UNCERTAINTY_ASSIGNED_CONTEXT ( ( #3663 ) ) GLOBAL_UNIT_ASSIGNED_CONTEXT ( ( #3072, #1626, #1882 ) ) REPRESENTATION_CONTEXT ( 'NONE', 'WORKASPACE' ) );
#2197 =( NAMED_UNIT ( * ) PLANE_ANGLE_UNIT ( ) SI_UNIT ( $, .RADIAN. ) );
#2198 = VECTOR ( 'NONE', #2350, 1000.000000000000000 ) ;
#2199 = UNCERTAINTY_MEASURE_WITH_UNIT (LENGTH_MEASURE( 1.000000000000000082E-05 ), #1239, 'distance_accuracy_value', 'NONE');
#2200 = PLANE ( 'NONE',  #1555 ) ;
#2201 = LINE ( 'NONE', #3686, #3093 ) ;
#2202 = VECTOR ( 'NONE', #234, 1000.000000000000000 ) ;
#2203 =( NAMED_UNIT ( * ) SI_UNIT ( $, .STERADIAN. ) SOLID_ANGLE_UNIT ( ) );
#2204 = DIRECTION ( 'NONE',  ( 0.000000000000000000, 0.000000000000000000, -1.000000000000000000 ) ) ;
#2205 = ORIENTED_EDGE ( 'NONE', *, *, #2751, .F. ) ;
#2206 = PLANE ( 'NONE',  #1447 ) ;
#2207 =( GEOMETRIC_REPRESENTATION_CONTEXT ( 3 ) GLOBAL_UNCERTAINTY_ASSIGNED_CONTEXT ( ( #2938 ) ) GLOBAL_UNIT_ASSIGNED_CONTEXT ( ( #1850, #1504, #2694 ) ) REPRESENTATION_CONTEXT ( 'NONE', 'WORKASPACE' ) );
#2208 = CARTESIAN_POINT ( 'NONE',  ( 1.300000000000000266, 1.675000000000000266, 0.5499999999999999334 ) ) ;
#2209 = CARTESIAN_POINT ( 'NONE',  ( -3.600000000000001421, -1.050000000000000044, -0.5000000000000000000 ) ) ;
#2210 = DIRECTION ( 'NONE',  ( 0.000000000000000000, 1.000000000000000000, 0.000000000000000000 ) ) ;
#2211 = VERTEX_POINT ( 'NONE', #2426 ) ;
#2212 = ADVANCED_FACE ( 'NONE', ( #2448 ), #1307, .T. ) ;
#2213 = DIRECTION ( 'NONE',  ( -1.000000000000000000, 0.000000000000000000, 6.505213034913027393E-15 ) ) ;
#2214 = ORIENTED_EDGE ( 'NONE', *, *, #3181, .T. ) ;
#2215 = CARTESIAN_POINT ( 'NONE',  ( -3.000000000000000444, 1.975000000000000089, 0.8000000000000000444 ) ) ;
#2216 =( NAMED_UNIT ( * ) PLANE_ANGLE_UNIT ( ) SI_UNIT ( $, .RADIAN. ) );
#2217 = PRESENTATION_LAYER_ASSIGNMENT (  '', '', ( #601 ) ) ;
#2218 = EDGE_CURVE ( 'NONE', #1164, #2893, #2944, .T. ) ;
#2219 =( NAMED_UNIT ( * ) SI_UNIT ( $, .STERADIAN. ) SOLID_ANGLE_UNIT ( ) );
#2220 = VECTOR ( 'NONE', #3552, 1000.000000000000000 ) ;
#2221 = VECTOR ( 'NONE', #2939, 1000.000000000000000 ) ;
#2222 = CARTESIAN_POINT ( 'NONE',  ( 2.349873922390122161, -1.546059695598515971, 0.5000000000000000000 ) ) ;
#2223 = FILL_AREA_STYLE ('',( #1058 ) ) ;
#2224 = AXIS2_PLACEMENT_3D ( 'NONE', #187, #3053, #788 ) ;
#2225 = EDGE_CURVE ( 'NONE', #3197, #3252, #129, .T. ) ;
#2226 = ORIENTED_EDGE ( 'NONE', *, *, #2842, .F. ) ;
#2227 = SURFACE_SIDE_STYLE ('',( #2536 ) ) ;
#2228 = CYLINDRICAL_SURFACE ( 'NONE', #2663, 0.1999999999999999833 ) ;
#2229 = CARTESIAN_POINT ( 'NONE',  ( 2.799999999999999378, 2.175000000000000266, -0.5656854249492380138 ) ) ;
#2230 = CARTESIAN_POINT ( 'NONE',  ( -2.799999999999999822, 1.675000000000000266, 1.750000000000000000 ) ) ;
#2231 = VERTEX_POINT ( 'NONE', #2156 ) ;
#2232 = CYLINDRICAL_SURFACE ( 'NONE', #2653, 0.1999999999999999833 ) ;
#2233 = EDGE_CURVE ( 'NONE', #1107, #555, #1558, .T. ) ;
#2234 = FILL_AREA_STYLE_COLOUR ( '', #472 ) ;
#2235 = ORIENTED_EDGE ( 'NONE', *, *, #1584, .F. ) ;
#2236 = LINE ( 'NONE', #787, #2316 ) ;
#2237 = AXIS2_PLACEMENT_3D ( 'NONE', #2509, #1133, #213 ) ;
#2238 = UNCERTAINTY_MEASURE_WITH_UNIT (LENGTH_MEASURE( 1.000000000000000082E-05 ), #2362, 'distance_accuracy_value', 'NONE');
#2239 = LINE ( 'NONE', #168, #3165 ) ;
#2240 =( GEOMETRIC_REPRESENTATION_CONTEXT ( 3 ) GLOBAL_UNCERTAINTY_ASSIGNED_CONTEXT ( ( #464 ) ) GLOBAL_UNIT_ASSIGNED_CONTEXT ( ( #117, #1926, #2435 ) ) REPRESENTATION_CONTEXT ( 'NONE', 'WORKASPACE' ) );
#2241 = DIRECTION ( 'NONE',  ( -0.000000000000000000, -1.000000000000000000, -0.000000000000000000 ) ) ;
#2242 = ORIENTED_EDGE ( 'NONE', *, *, #816, .F. ) ;
#2243 =( NAMED_UNIT ( * ) PLANE_ANGLE_UNIT ( ) SI_UNIT ( $, .RADIAN. ) );
#2244 = STYLED_ITEM ( 'NONE', ( #1141 ), #208 ) ;
#2245 = ADVANCED_FACE ( 'NONE', ( #3300 ), #108, .T. ) ;
#2246 = CARTESIAN_POINT ( 'NONE',  ( -2.799999999999999378, -1.824999999999999734, -0.9999999999999997780 ) ) ;
#2247 = DIRECTION ( 'NONE',  ( -0.000000000000000000, -0.000000000000000000, -1.000000000000000000 ) ) ;
#2248 = FACE_OUTER_BOUND ( 'NONE', #2951, .T. ) ;
#2249 = EDGE_LOOP ( 'NONE', ( #2354, #180, #3081, #2839 ) ) ;
#2250 = PRESENTATION_LAYER_ASSIGNMENT (  '', '', ( #3198 ) ) ;
#2251 = ADVANCED_FACE ( 'NONE', ( #738 ), #3614, .T. ) ;
#2252 = ORIENTED_EDGE ( 'NONE', *, *, #2021, .F. ) ;
#2253 = SURFACE_SIDE_STYLE ('',( #293 ) ) ;
#2254 = SURFACE_STYLE_USAGE ( .BOTH. , #1110 ) ;
#2255 =( GEOMETRIC_REPRESENTATION_CONTEXT ( 3 ) GLOBAL_UNCERTAINTY_ASSIGNED_CONTEXT ( ( #1041 ) ) GLOBAL_UNIT_ASSIGNED_CONTEXT ( ( #3410, #1109, #228 ) ) REPRESENTATION_CONTEXT ( 'NONE', 'WORKASPACE' ) );
#2256 = VECTOR ( 'NONE', #1317, 1000.000000000000000 ) ;
#2257 =( LENGTH_UNIT ( ) NAMED_UNIT ( * ) SI_UNIT ( .MILLI., .METRE. ) );
#2258 = VERTEX_POINT ( 'NONE', #161 ) ;
#2259 = COLOUR_RGB ( '',0.7921568627450980005, 0.8196078431372548767, 0.9333333333333333481 ) ;
#2260 =( GEOMETRIC_REPRESENTATION_CONTEXT ( 3 ) GLOBAL_UNCERTAINTY_ASSIGNED_CONTEXT ( ( #657 ) ) GLOBAL_UNIT_ASSIGNED_CONTEXT ( ( #3141, #2347, #1437 ) ) REPRESENTATION_CONTEXT ( 'NONE', 'WORKASPACE' ) );
#2261 = COLOUR_RGB ( '',0.2509803921568627416, 0.2509803921568627416, 0.2509803921568627416 ) ;
#2262 = ADVANCED_FACE ( 'NONE', ( #1343 ), #1321, .T. ) ;
#2263 = STYLED_ITEM ( 'NONE', ( #2956 ), #1457 ) ;
#2264 = LINE ( 'NONE', #829, #2413 ) ;
#2265 = ORIENTED_EDGE ( 'NONE', *, *, #2613, .T. ) ;
#2266 = SURFACE_SIDE_STYLE ('',( #1119 ) ) ;
#2267 = EDGE_CURVE ( 'NONE', #3057, #3031, #181, .T. ) ;
#2268 = DIRECTION ( 'NONE',  ( -0.5000000000000013323, 0.8660254037844378194, 0.000000000000000000 ) ) ;
#2269 = CARTESIAN_POINT ( 'NONE',  ( -1.299999999999999600, 2.274999999999999911, 0.5499999999999999334 ) ) ;
#2270 = CARTESIAN_POINT ( 'NONE',  ( 2.999999999999999556, 0.000000000000000000, 1.750000000000000000 ) ) ;
#2271 = ORIENTED_EDGE ( 'NONE', *, *, #119, .T. ) ;
#2272 = DIRECTION ( 'NONE',  ( 0.5000000000000014433, 0.8660254037844379305, 0.000000000000000000 ) ) ;
#2273 = SURFACE_STYLE_USAGE ( .BOTH. , #2631 ) ;
#2274 = ORIENTED_EDGE ( 'NONE', *, *, #3277, .F. ) ;
#2275 = DIRECTION ( 'NONE',  ( 0.000000000000000000, 0.000000000000000000, -1.000000000000000000 ) ) ;
#2276 = VERTEX_POINT ( 'NONE', #709 ) ;
#2277 = DIRECTION ( 'NONE',  ( 0.000000000000000000, 0.000000000000000000, 1.000000000000000000 ) ) ;
#2278 = AXIS2_PLACEMENT_3D ( 'NONE', #3649, #572, #499 ) ;
#2279 = DIRECTION ( 'NONE',  ( 0.000000000000000000, 1.000000000000000000, 0.000000000000000000 ) ) ;
#2280 = EDGE_CURVE ( 'NONE', #1773, #1220, #1640, .T. ) ;
#2281 = ORIENTED_EDGE ( 'NONE', *, *, #340, .F. ) ;
#2282 = CARTESIAN_POINT ( 'NONE',  ( -3.000000000000000444, 1.675000000000000266, 0.000000000000000000 ) ) ;
#2283 = MECHANICAL_DESIGN_GEOMETRIC_PRESENTATION_REPRESENTATION (  '', ( #1310 ), #3227 ) ;
#2284 = DIRECTION ( 'NONE',  ( -0.000000000000000000, 1.000000000000000000, -0.000000000000000000 ) ) ;
#2285 = PRESENTATION_STYLE_ASSIGNMENT (( #1692 ) ) ;
#2286 = CARTESIAN_POINT ( 'NONE',  ( 3.383493649053891605, -0.9250000000000001554, 0.5000000000000000000 ) ) ;
#2287 = VERTEX_POINT ( 'NONE', #120 ) ;
#2288 = VERTEX_POINT ( 'NONE', #1363 ) ;
#2289 = EDGE_CURVE ( 'NONE', #2258, #3197, #1265, .T. ) ;
#2290 = DIRECTION ( 'NONE',  ( 0.000000000000000000, 0.000000000000000000, 1.000000000000000000 ) ) ;
#2291 =( LENGTH_UNIT ( ) NAMED_UNIT ( * ) SI_UNIT ( .MILLI., .METRE. ) );
#2292 = AXIS2_PLACEMENT_3D ( 'NONE', #2811, #2844, #2493 ) ;
#2293 = CARTESIAN_POINT ( 'NONE',  ( -3.037083487540114923, -1.824999999999999956, 0.5000000000000000000 ) ) ;
#2294 = ORIENTED_EDGE ( 'NONE', *, *, #3292, .F. ) ;
#2295 = LINE ( 'NONE', #2841, #448 ) ;
#2296 = EDGE_LOOP ( 'NONE', ( #1050, #1565, #3350, #2933, #2622, #1913, #2406, #836 ) ) ;
#2297 = CIRCLE ( 'NONE', #2782, 0.8000000000000000444 ) ;
#2298 = PRESENTATION_LAYER_ASSIGNMENT (  '', '', ( #2049 ) ) ;
#2299 = ORIENTED_EDGE ( 'NONE', *, *, #2565, .F. ) ;
#2300 = SURFACE_STYLE_USAGE ( .BOTH. , #920 ) ;
#2301 = DIRECTION ( 'NONE',  ( 7.047314121155775666E-15, 0.000000000000000000, -1.000000000000000000 ) ) ;
#2302 = CARTESIAN_POINT ( 'NONE',  ( -2.799999999999999378, -1.824999999999999734, -1.550000000000000044 ) ) ;
#2303 = ORIENTED_EDGE ( 'NONE', *, *, #150, .T. ) ;
#2304 = PRESENTATION_STYLE_ASSIGNMENT (( #366 ) ) ;
#2305 = CARTESIAN_POINT ( 'NONE',  ( 1.310000000000000497, 1.575000000000000178, 0.5600000000000000533 ) ) ;
#2306 = FACE_OUTER_BOUND ( 'NONE', #1510, .T. ) ;
#2307 = ORIENTED_EDGE ( 'NONE', *, *, #1819, .F. ) ;
#2308 = MECHANICAL_DESIGN_GEOMETRIC_PRESENTATION_REPRESENTATION (  '', ( #2554 ), #58 ) ;
#2309 = CARTESIAN_POINT ( 'NONE',  ( 2.999999999999999556, 1.575000000000000178, 1.750000000000000000 ) ) ;
#2310 = CARTESIAN_POINT ( 'NONE',  ( -1.299999999999998268, 2.475000000000000089, 0.7499999999999998890 ) ) ;
#2311 = UNCERTAINTY_MEASURE_WITH_UNIT (LENGTH_MEASURE( 1.000000000000000082E-05 ), #3222, 'distance_accuracy_value', 'NONE');
#2312 = EDGE_CURVE ( 'NONE', #2060, #923, #540, .T. ) ;
#2313 = DIRECTION ( 'NONE',  ( -1.000000000000000000, 0.000000000000000000, 0.000000000000000000 ) ) ;
#2314 = EDGE_LOOP ( 'NONE', ( #1875, #575, #2147, #830 ) ) ;
#2315 = DIRECTION ( 'NONE',  ( 0.000000000000000000, 1.000000000000000000, -0.000000000000000000 ) ) ;
#2316 = VECTOR ( 'NONE', #2195, 1000.000000000000000 ) ;
#2317 = AXIS2_PLACEMENT_3D ( 'NONE', #2349, #26, #2053 ) ;
#2318 = VECTOR ( 'NONE', #1101, 1000.000000000000000 ) ;
#2319 = ORIENTED_EDGE ( 'NONE', *, *, #2409, .T. ) ;
#2320 =( NAMED_UNIT ( * ) SI_UNIT ( $, .STERADIAN. ) SOLID_ANGLE_UNIT ( ) );
#2321 = COLOUR_RGB ( '',0.7294117647058823151, 0.3568627450980392246, 0.02352941176470588203 ) ;
#2322 = CARTESIAN_POINT ( 'NONE',  ( 3.037083487540114923, -1.625000000000000222, -0.5000000000000000000 ) ) ;
#2323 = STYLED_ITEM ( 'NONE', ( #3578 ), #1472 ) ;
#2324 = EDGE_LOOP ( 'NONE', ( #516, #980, #640, #3501, #1869, #1550, #880, #2108 ) ) ;
#2325 = SURFACE_SIDE_STYLE ('',( #308 ) ) ;
#2326 = AXIS2_PLACEMENT_3D ( 'NONE', #512, #3662, #3377 ) ;
#2327 = VERTEX_POINT ( 'NONE', #1489 ) ;
#2328 = DIRECTION ( 'NONE',  ( -0.000000000000000000, 0.000000000000000000, 1.000000000000000000 ) ) ;
#2330 = EDGE_CURVE ( 'NONE', #934, #1438, #2107, .T. ) ;
#2329 = DIRECTION ( 'NONE',  ( 0.000000000000000000, 0.000000000000000000, -1.000000000000000000 ) ) ;
#2331 = CARTESIAN_POINT ( 'NONE',  ( -1.299999999999999600, 2.475000000000000089, 0.5499999999999999334 ) ) ;
#2332 = LINE ( 'NONE', #2648, #794 ) ;
#2333 = FILL_AREA_STYLE_COLOUR ( '', #2459 ) ;
#2334 = ORIENTED_EDGE ( 'NONE', *, *, #2095, .T. ) ;
#2335 = ADVANCED_FACE ( 'NONE', ( #3269 ), #945, .F. ) ;
#2336 = EDGE_CURVE ( 'NONE', #1362, #1107, #2747, .T. ) ;
#2337 = AXIS2_PLACEMENT_3D ( 'NONE', #3445, #1712, #897 ) ;
#2338 = EDGE_LOOP ( 'NONE', ( #1150, #2959, #160, #1268 ) ) ;
#2339 = CARTESIAN_POINT ( 'NONE',  ( 3.037083487540114923, -1.824999999999999734, 0.5000000000000000000 ) ) ;
#2340 = AXIS2_PLACEMENT_3D ( 'NONE', #3611, #1302, #2458 ) ;
#2341 = FACE_OUTER_BOUND ( 'NONE', #3540, .T. ) ;
#2342 = FILL_AREA_STYLE_COLOUR ( '', #3713 ) ;
#2343 = SPHERICAL_SURFACE ( 'NONE', #299, 0.2000000000000000111 ) ;
#2344 = ORIENTED_EDGE ( 'NONE', *, *, #3418, .T. ) ;
#2345 = SURFACE_SIDE_STYLE ('',( #1193 ) ) ;
#2346 = VECTOR ( 'NONE', #3109, 1000.000000000000000 ) ;
#2347 =( NAMED_UNIT ( * ) PLANE_ANGLE_UNIT ( ) SI_UNIT ( $, .RADIAN. ) );
#2348 = VERTEX_POINT ( 'NONE', #1700 ) ;
#2349 = CARTESIAN_POINT ( 'NONE',  ( 0.000000000000000000, -1.824999999999999734, 0.000000000000000000 ) ) ;
#2350 = DIRECTION ( 'NONE',  ( -0.000000000000000000, -0.000000000000000000, -1.000000000000000000 ) ) ;
#2351 = PRODUCT_DEFINITION ( 'UNKNOWN', '', #1539, #878 ) ;
#2352 = FILL_AREA_STYLE_COLOUR ( '', #680 ) ;
#2353 = PRESENTATION_STYLE_ASSIGNMENT (( #1199 ) ) ;
#2354 = ORIENTED_EDGE ( 'NONE', *, *, #3612, .F. ) ;
#2355 = CARTESIAN_POINT ( 'NONE',  ( -2.551063935260010984E-16, -1.824999999999999734, 1.000000000000000666 ) ) ;
#2356 = MECHANICAL_DESIGN_GEOMETRIC_PRESENTATION_REPRESENTATION (  '', ( #1208 ), #965 ) ;
#2357 = ORIENTED_EDGE ( 'NONE', *, *, #1503, .F. ) ;
#2358 = FACE_OUTER_BOUND ( 'NONE', #227, .T. ) ;
#2359 = AXIS2_PLACEMENT_3D ( 'NONE', #3272, #1914, #417 ) ;
#2360 = CIRCLE ( 'NONE', #494, 0.1999999999999999278 ) ;
#2361 = EDGE_LOOP ( 'NONE', ( #1696, #612, #3696, #1172 ) ) ;
#2362 =( LENGTH_UNIT ( ) NAMED_UNIT ( * ) SI_UNIT ( .MILLI., .METRE. ) );
#2363 = EDGE_CURVE ( 'NONE', #1972, #2031, #3375, .T. ) ;
#2364 = SURFACE_SIDE_STYLE ('',( #60 ) ) ;
#2365 = ORIENTED_EDGE ( 'NONE', *, *, #1546, .T. ) ;
#2366 = ADVANCED_FACE ( 'NONE', ( #1076 ), #249, .T. ) ;
#2367 =( LENGTH_UNIT ( ) NAMED_UNIT ( * ) SI_UNIT ( .MILLI., .METRE. ) );
#2368 = ORIENTED_EDGE ( 'NONE', *, *, #1940, .T. ) ;
#2369 = CARTESIAN_POINT ( 'NONE',  ( 2.800000000000000266, 1.675000000000000266, -1.549999999999999822 ) ) ;
#2370 = VECTOR ( 'NONE', #22, 1000.000000000000000 ) ;
#2371 = LINE ( 'NONE', #339, #52 ) ;
#2372 = EDGE_CURVE ( 'NONE', #1821, #251, #1753, .T. ) ;
#2373 = ORIENTED_EDGE ( 'NONE', *, *, #2138, .T. ) ;
#2374 = CARTESIAN_POINT ( 'NONE',  ( -3.000000000000000444, 2.175000000000000266, 0.000000000000000000 ) ) ;
#2375 = PRESENTATION_LAYER_ASSIGNMENT (  '', '', ( #2563 ) ) ;
#2376 = VECTOR ( 'NONE', #477, 1000.000000000000000 ) ;
#2377 = DIRECTION ( 'NONE',  ( 0.000000000000000000, 1.000000000000000000, 0.000000000000000000 ) ) ;
#2378 = EDGE_CURVE ( 'NONE', #1186, #2348, #1918, .T. ) ;
#2379 = ORIENTED_EDGE ( 'NONE', *, *, #2903, .T. ) ;
#2380 = DIRECTION ( 'NONE',  ( 0.000000000000000000, 0.000000000000000000, 1.000000000000000000 ) ) ;
#2381 = VECTOR ( 'NONE', #3006, 1000.000000000000000 ) ;
#2382 = LINE ( 'NONE', #1247, #925 ) ;
#2383 = AXIS2_PLACEMENT_3D ( 'NONE', #1369, #1935, #1656 ) ;
#2384 = EDGE_LOOP ( 'NONE', ( #3005, #365, #947, #2688 ) ) ;
#2385 = FACE_OUTER_BOUND ( 'NONE', #654, .T. ) ;
#2386 = FACE_OUTER_BOUND ( 'NONE', #3324, .T. ) ;
#2387 = MECHANICAL_DESIGN_GEOMETRIC_PRESENTATION_REPRESENTATION (  '', ( #1608 ), #385 ) ;
#2388 = PLANE ( 'NONE',  #1079 ) ;
#2389 = VERTEX_POINT ( 'NONE', #2826 ) ;
#2390 = FACE_OUTER_BOUND ( 'NONE', #2832, .T. ) ;
#2391 = ORIENTED_EDGE ( 'NONE', *, *, #1283, .T. ) ;
#2392 = UNCERTAINTY_MEASURE_WITH_UNIT (LENGTH_MEASURE( 1.000000000000000082E-05 ), #2660, 'distance_accuracy_value', 'NONE');
#2393 = DIRECTION ( 'NONE',  ( -1.000000000000000000, 0.000000000000000000, 0.000000000000000000 ) ) ;
#2394 = SURFACE_STYLE_USAGE ( .BOTH. , #1848 ) ;
#2395 = ORIENTED_EDGE ( 'NONE', *, *, #2487, .F. ) ;
#2396 = FILL_AREA_STYLE_COLOUR ( '', #1958 ) ;
#2397 = SURFACE_STYLE_USAGE ( .BOTH. , #36 ) ;
#2398 = SURFACE_STYLE_USAGE ( .BOTH. , #2625 ) ;
#2399 = ORIENTED_EDGE ( 'NONE', *, *, #2267, .F. ) ;
#2400 = AXIS2_PLACEMENT_3D ( 'NONE', #2779, #3291, #1068 ) ;
#2401 = COLOUR_RGB ( '',0.2509803921568627416, 0.2509803921568627416, 0.2509803921568627416 ) ;
#2402 = ORIENTED_EDGE ( 'NONE', *, *, #753, .F. ) ;
#2403 = CARTESIAN_POINT ( 'NONE',  ( 3.008215974080633792, -1.574999999999999956, -0.5000000000000000000 ) ) ;
#2404 = COLOUR_RGB ( '',0.2509803921568627416, 0.2509803921568627416, 0.2509803921568627416 ) ;
#2405 = DIRECTION ( 'NONE',  ( -0.000000000000000000, -0.000000000000000000, -1.000000000000000000 ) ) ;
#2406 = ORIENTED_EDGE ( 'NONE', *, *, #3492, .F. ) ;
#2407 = DIRECTION ( 'NONE',  ( 1.000000000000000000, 0.000000000000000000, 0.000000000000000000 ) ) ;
#2408 = ORIENTED_EDGE ( 'NONE', *, *, #618, .F. ) ;
#2409 = EDGE_CURVE ( 'NONE', #802, #2044, #3111, .T. ) ;
#2410 = CARTESIAN_POINT ( 'NONE',  ( 1.100000000000000089, 0.000000000000000000, 1.750000000000000000 ) ) ;
#2411 = PLANE ( 'NONE',  #1130 ) ;
#2412 = FILL_AREA_STYLE ('',( #2430 ) ) ;
#2413 = VECTOR ( 'NONE', #1971, 1000.000000000000227 ) ;
#2414 = ORIENTED_EDGE ( 'NONE', *, *, #1499, .F. ) ;
#2415 = LINE ( 'NONE', #3308, #1176 ) ;
#2416 = VECTOR ( 'NONE', #2166, 1000.000000000000000 ) ;
#2417 = PLANE ( 'NONE',  #2620 ) ;
#2418 = ORIENTED_EDGE ( 'NONE', *, *, #3612, .T. ) ;
#2419 = DIRECTION ( 'NONE',  ( -0.000000000000000000, 0.000000000000000000, -1.000000000000000000 ) ) ;
#2420 = EDGE_CURVE ( 'NONE', #94, #3067, #3558, .T. ) ;
#2421 = UNCERTAINTY_MEASURE_WITH_UNIT (LENGTH_MEASURE( 1.000000000000000082E-05 ), #1795, 'distance_accuracy_value', 'NONE');
#2422 = DIRECTION ( 'NONE',  ( 0.000000000000000000, 0.000000000000000000, 1.000000000000000000 ) ) ;
#2423 = ORIENTED_EDGE ( 'NONE', *, *, #2475, .F. ) ;
#2424 = CARTESIAN_POINT ( 'NONE',  ( 1.100000000000000089, -1.324999999999999734, 1.750000000000000000 ) ) ;
#2425 = CARTESIAN_POINT ( 'NONE',  ( 2.999999999999999556, 1.975000000000000089, -0.8000000000000000444 ) ) ;
#2426 = CARTESIAN_POINT ( 'NONE',  ( 2.400000000000001688, -1.574999999999999734, -0.5000000000000001110 ) ) ;
#2427 = DIRECTION ( 'NONE',  ( 0.5000000000000012212, -0.8660254037844380415, 0.000000000000000000 ) ) ;
#2428 = AXIS2_PLACEMENT_3D ( 'NONE', #2695, #2472, #962 ) ;
#2429 = DIRECTION ( 'NONE',  ( -0.000000000000000000, -1.000000000000000000, -0.000000000000000000 ) ) ;
#2430 = FILL_AREA_STYLE_COLOUR ( '', #3553 ) ;
#2431 = VECTOR ( 'NONE', #1387, 1000.000000000000000 ) ;
#2432 = ORIENTED_EDGE ( 'NONE', *, *, #3070, .F. ) ;
#2433 =( GEOMETRIC_REPRESENTATION_CONTEXT ( 3 ) GLOBAL_UNCERTAINTY_ASSIGNED_CONTEXT ( ( #1181 ) ) GLOBAL_UNIT_ASSIGNED_CONTEXT ( ( #498, #3610, #761 ) ) REPRESENTATION_CONTEXT ( 'NONE', 'WORKASPACE' ) );
#2434 = PRESENTATION_LAYER_ASSIGNMENT (  '', '', ( #3698 ) ) ;
#2435 =( NAMED_UNIT ( * ) SI_UNIT ( $, .STERADIAN. ) SOLID_ANGLE_UNIT ( ) );
#2436 = COLOUR_RGB ( '',0.2509803921568627416, 0.2509803921568627416, 0.2509803921568627416 ) ;
#2437 = CARTESIAN_POINT ( 'NONE',  ( -3.210288568297002154, -1.725000000000000089, 0.5000000000000000000 ) ) ;
#2438 = PLANE ( 'NONE',  #2340 ) ;
#2439 = STYLED_ITEM ( 'NONE', ( #40 ), #1218 ) ;
#2440 = CARTESIAN_POINT ( 'NONE',  ( -1.310000000000000053, 1.675000000000000266, 0.5600000000000000533 ) ) ;
#2441 = DIRECTION ( 'NONE',  ( 0.000000000000000000, 0.000000000000000000, -1.000000000000000000 ) ) ;
#2442 = EDGE_LOOP ( 'NONE', ( #1497, #2205, #3207, #1802 ) ) ;
#2443 = CARTESIAN_POINT ( 'NONE',  ( -3.000000000000000444, -1.574999999999999734, 1.750000000000000000 ) ) ;
#2444 = FILL_AREA_STYLE ('',( #2505 ) ) ;
#2445 = CIRCLE ( 'NONE', #2860, 0.7999999999999998224 ) ;
#2446 = LINE ( 'NONE', #1895, #3200 ) ;
#2447 = AXIS2_PLACEMENT_3D ( 'NONE', #2067, #924, #1791 ) ;
#2448 = FACE_OUTER_BOUND ( 'NONE', #207, .T. ) ;
#2449 = DIRECTION ( 'NONE',  ( -0.000000000000000000, -0.000000000000000000, -1.000000000000000000 ) ) ;
#2450 = EDGE_CURVE ( 'NONE', #2258, #885, #87, .T. ) ;
#2451 = SURFACE_STYLE_FILL_AREA ( #2412 ) ;
#2452 = EDGE_LOOP ( 'NONE', ( #2947, #262, #2920, #3409 ) ) ;
#2453 =( NAMED_UNIT ( * ) SI_UNIT ( $, .STERADIAN. ) SOLID_ANGLE_UNIT ( ) );
#2454 = SURFACE_STYLE_USAGE ( .BOTH. , #2968 ) ;
#2455 = EDGE_CURVE ( 'NONE', #546, #2287, #2709, .T. ) ;
#2456 = FACE_OUTER_BOUND ( 'NONE', #2885, .T. ) ;
#2457 = FACE_OUTER_BOUND ( 'NONE', #2042, .T. ) ;
#2458 = DIRECTION ( 'NONE',  ( 1.000000000000000000, 0.000000000000000000, 2.551063935260010491E-16 ) ) ;
#2459 = COLOUR_RGB ( '',0.2509803921568627416, 0.2509803921568627416, 0.2509803921568627416 ) ;
#2460 = CARTESIAN_POINT ( 'NONE',  ( 0.000000000000000000, -1.824999999999999734, 0.000000000000000000 ) ) ;
#2461 = CARTESIAN_POINT ( 'NONE',  ( 1.300000000000000266, 2.274999999999999911, -0.5500000000000001554 ) ) ;
#2462 = ORIENTED_EDGE ( 'NONE', *, *, #272, .F. ) ;
#2463 = LINE ( 'NONE', #2523, #2124 ) ;
#2464 = SURFACE_SIDE_STYLE ('',( #744 ) ) ;
#2465 = UNCERTAINTY_MEASURE_WITH_UNIT (LENGTH_MEASURE( 1.000000000000000082E-05 ), #1625, 'distance_accuracy_value', 'NONE');
#2466 = STYLED_ITEM ( 'NONE', ( #1898 ), #2984 ) ;
#2467 = LINE ( 'NONE', #3596, #3590 ) ;
#2468 = CARTESIAN_POINT ( 'NONE',  ( -1.309999999999998499, 1.675000000000000266, 0.7600000000000000089 ) ) ;
#2469 = FILL_AREA_STYLE ('',( #2488 ) ) ;
#2470 = UNCERTAINTY_MEASURE_WITH_UNIT (LENGTH_MEASURE( 1.000000000000000082E-05 ), #478, 'distance_accuracy_value', 'NONE');
#2471 = CARTESIAN_POINT ( 'NONE',  ( -1.949999999999999512, -1.574999999999999734, -1.550000000000000044 ) ) ;
#2472 = DIRECTION ( 'NONE',  ( 0.000000000000000000, 1.000000000000000000, 0.000000000000000000 ) ) ;
#2473 = ORIENTED_EDGE ( 'NONE', *, *, #1393, .T. ) ;
#2474 = SURFACE_STYLE_FILL_AREA ( #1315 ) ;
#2475 = EDGE_CURVE ( 'NONE', #1107, #235, #2297, .T. ) ;
#2476 = DIRECTION ( 'NONE',  ( 0.000000000000000000, 0.000000000000000000, 1.000000000000000000 ) ) ;
#2477 = AXIS2_PLACEMENT_3D ( 'NONE', #847, #466, #427 ) ;
#2478 = CARTESIAN_POINT ( 'NONE',  ( 3.037083487540114923, -1.824999999999999734, -0.5000000000000000000 ) ) ;
#2479 = SURFACE_SIDE_STYLE ('',( #1264 ) ) ;
#2480 = EDGE_CURVE ( 'NONE', #3197, #1924, #3424, .T. ) ;
#2481 = VERTEX_POINT ( 'NONE', #3676 ) ;
#2482 = VECTOR ( 'NONE', #855, 1000.000000000000000 ) ;
#2483 = DIRECTION ( 'NONE',  ( 0.000000000000000000, 1.000000000000000000, 0.000000000000000000 ) ) ;
#2484 = VERTEX_POINT ( 'NONE', #1088 ) ;
#2485 = CARTESIAN_POINT ( 'NONE',  ( -2.961914237475443468, 2.096358462665236733, 0.7611081601005814656 ) ) ;
#2486 =( NAMED_UNIT ( * ) SI_UNIT ( $, .STERADIAN. ) SOLID_ANGLE_UNIT ( ) );
#2487 = EDGE_CURVE ( 'NONE', #1090, #29, #851, .T. ) ;
#2488 = FILL_AREA_STYLE_COLOUR ( '', #1468 ) ;
#2489 = VECTOR ( 'NONE', #1522, 1000.000000000000000 ) ;
#2490 = EDGE_CURVE ( 'NONE', #3046, #892, #261, .T. ) ;
#2491 = CARTESIAN_POINT ( 'NONE',  ( 0.000000000000000000, -1.824999999999999734, 0.000000000000000000 ) ) ;
#2492 = ORIENTED_EDGE ( 'NONE', *, *, #1710, .T. ) ;
#2493 = DIRECTION ( 'NONE',  ( 0.000000000000000000, 0.000000000000000000, -1.000000000000000000 ) ) ;
#2494 = DIRECTION ( 'NONE',  ( 1.000000000000000000, 0.000000000000000000, 0.000000000000000000 ) ) ;
#2495 = DIRECTION ( 'NONE',  ( -0.000000000000000000, -1.000000000000000000, -0.000000000000000000 ) ) ;
#2496 = ORIENTED_EDGE ( 'NONE', *, *, #1803, .T. ) ;
#2497 = EDGE_CURVE ( 'NONE', #2288, #3507, #205, .T. ) ;
#2498 = ORIENTED_EDGE ( 'NONE', *, *, #2475, .T. ) ;
#2499 = MECHANICAL_DESIGN_GEOMETRIC_PRESENTATION_REPRESENTATION (  '', ( #3082 ), #2196 ) ;
#2500 = MECHANICAL_DESIGN_GEOMETRIC_PRESENTATION_REPRESENTATION (  '', ( #751 ), #196 ) ;
#2501 = CARTESIAN_POINT ( 'NONE',  ( -2.800000000000000266, 2.175000000000000266, 0.5656854249492380138 ) ) ;
#2502 = ORIENTED_EDGE ( 'NONE', *, *, #2378, .T. ) ;
#2503 = ADVANCED_FACE ( 'NONE', ( #3652 ), #2232, .T. ) ;
#2504 = DIRECTION ( 'NONE',  ( 0.000000000000000000, 0.000000000000000000, -1.000000000000000000 ) ) ;
#2505 = FILL_AREA_STYLE_COLOUR ( '', #3202 ) ;
#2506 = AXIS2_PLACEMENT_3D ( 'NONE', #1445, #3376, #2277 ) ;
#2507 = CIRCLE ( 'NONE', #1668, 0.8000000000000000444 ) ;
#2508 = UNCERTAINTY_MEASURE_WITH_UNIT (LENGTH_MEASURE( 1.000000000000000082E-05 ), #2628, 'distance_accuracy_value', 'NONE');
#2509 = CARTESIAN_POINT ( 'NONE',  ( 2.799999999999999378, 1.975000000000000089, 0.000000000000000000 ) ) ;
#2510 = PRESENTATION_LAYER_ASSIGNMENT (  '', '', ( #935 ) ) ;
#2511 = LINE ( 'NONE', #3357, #211 ) ;
#2512 = COLOUR_RGB ( '',0.2509803921568627416, 0.2509803921568627416, 0.2509803921568627416 ) ;
#2513 = DIRECTION ( 'NONE',  ( 0.000000000000000000, 0.000000000000000000, -1.000000000000000000 ) ) ;
#2514 = PRESENTATION_STYLE_ASSIGNMENT (( #2601 ) ) ;
#2515 = VECTOR ( 'NONE', #1769, 1000.000000000000227 ) ;
#2516 = VERTEX_POINT ( 'NONE', #1518 ) ;
#2517 = DIRECTION ( 'NONE',  ( 0.000000000000000000, 1.000000000000000000, 0.000000000000000000 ) ) ;
#2518 = CARTESIAN_POINT ( 'NONE',  ( 3.210288568297002154, -1.725000000000000089, -0.5000000000000000000 ) ) ;
#2519 = PLANE ( 'NONE',  #1551 ) ;
#2520 = ORIENTED_EDGE ( 'NONE', *, *, #424, .T. ) ;
#2521 = DIRECTION ( 'NONE',  ( -1.000000000000000000, 0.000000000000000000, -5.102127870520022954E-16 ) ) ;
#2522 = ORIENTED_EDGE ( 'NONE', *, *, #3373, .T. ) ;
#2523 = CARTESIAN_POINT ( 'NONE',  ( -2.799999999999999822, 1.575000000000000178, 1.750000000000000000 ) ) ;
#2524 = PLANE ( 'NONE',  #2383 ) ;
#2525 = VECTOR ( 'NONE', #3391, 1000.000000000000000 ) ;
#2526 = SURFACE_STYLE_FILL_AREA ( #1112 ) ;
#2527 = CARTESIAN_POINT ( 'NONE',  ( -3.000000000000001332, 2.009347800022053043, -0.7999999999999999334 ) ) ;
#2528 = CARTESIAN_POINT ( 'NONE',  ( -2.400000000000001243, -1.574999999999999734, 0.5000000000000000000 ) ) ;
#2529 = ADVANCED_FACE ( 'NONE', ( #2945 ), #2749, .T. ) ;
#2530 =( GEOMETRIC_REPRESENTATION_CONTEXT ( 3 ) GLOBAL_UNCERTAINTY_ASSIGNED_CONTEXT ( ( #335 ) ) GLOBAL_UNIT_ASSIGNED_CONTEXT ( ( #2257, #3319, #545 ) ) REPRESENTATION_CONTEXT ( 'NONE', 'WORKASPACE' ) );
#2531 = CIRCLE ( 'NONE', #901, 0.1999999999999999833 ) ;
#2532 = LINE ( 'NONE', #1, #729 ) ;
#2533 =( NAMED_UNIT ( * ) PLANE_ANGLE_UNIT ( ) SI_UNIT ( $, .RADIAN. ) );
#2534 = CARTESIAN_POINT ( 'NONE',  ( -3.000000000000000444, 1.675000000000000266, 0.7999999999999999334 ) ) ;
#2535 = ORIENTED_EDGE ( 'NONE', *, *, #1014, .F. ) ;
#2536 = SURFACE_STYLE_FILL_AREA ( #3607 ) ;
#2537 = DIRECTION ( 'NONE',  ( 0.000000000000000000, 0.000000000000000000, -1.000000000000000000 ) ) ;
#2538 = FACE_OUTER_BOUND ( 'NONE', #3586, .T. ) ;
#2539 = DIRECTION ( 'NONE',  ( -0.000000000000000000, 1.000000000000000000, -0.000000000000000000 ) ) ;
#2540 = ORIENTED_EDGE ( 'NONE', *, *, #652, .F. ) ;
#2541 = VECTOR ( 'NONE', #1375, 1000.000000000000000 ) ;
#2542 = FILL_AREA_STYLE_COLOUR ( '', #1988 ) ;
#2543 = DIRECTION ( 'NONE',  ( -0.000000000000000000, 0.000000000000000000, -1.000000000000000000 ) ) ;
#2544 = ORIENTED_EDGE ( 'NONE', *, *, #2480, .F. ) ;
#2545 = EDGE_CURVE ( 'NONE', #555, #546, #1274, .T. ) ;
#2546 = VECTOR ( 'NONE', #1824, 1000.000000000000000 ) ;
#2547 = LINE ( 'NONE', #3396, #2346 ) ;
#2548 = EDGE_LOOP ( 'NONE', ( #2040, #3516, #1790, #275 ) ) ;
#2549 = VECTOR ( 'NONE', #3504, 1000.000000000000000 ) ;
#2550 = EDGE_CURVE ( 'NONE', #885, #1924, #2360, .T. ) ;
#2551 = CARTESIAN_POINT ( 'NONE',  ( 0.000000000000000000, -1.574999999999999734, -1.750000000000000000 ) ) ;
#2552 = ORIENTED_EDGE ( 'NONE', *, *, #166, .T. ) ;
#2553 = CARTESIAN_POINT ( 'NONE',  ( 1.949999999999999956, -1.824999999999999734, 0.000000000000000000 ) ) ;
#2554 = STYLED_ITEM ( 'NONE', ( #1485 ), #212 ) ;
#2555 = CARTESIAN_POINT ( 'NONE',  ( -2.900000000000000799, -1.574999999999999956, 0.5000000000000000000 ) ) ;
#2556 = SURFACE_SIDE_STYLE ('',( #2846 ) ) ;
#2557 =( LENGTH_UNIT ( ) NAMED_UNIT ( * ) SI_UNIT ( .MILLI., .METRE. ) );
#2558 = AXIS2_PLACEMENT_3D ( 'NONE', #3510, #4, #2950 ) ;
#2559 = ORIENTED_EDGE ( 'NONE', *, *, #1867, .F. ) ;
#2560 = CYLINDRICAL_SURFACE ( 'NONE', #2918, 0.8000000000000000444 ) ;
#2561 = ORIENTED_EDGE ( 'NONE', *, *, #3133, .F. ) ;
#2562 = CARTESIAN_POINT ( 'NONE',  ( -3.008215974080633792, -1.574999999999999956, -0.5000000000000000000 ) ) ;
#2563 = STYLED_ITEM ( 'NONE', ( #294 ), #769 ) ;
#2564 = VECTOR ( 'NONE', #1490, 999.9999999999998863 ) ;
#2565 = EDGE_CURVE ( 'NONE', #3470, #1821, #147, .T. ) ;
#2566 = VERTEX_POINT ( 'NONE', #2102 ) ;
#2567 =( GEOMETRIC_REPRESENTATION_CONTEXT ( 3 ) GLOBAL_UNCERTAINTY_ASSIGNED_CONTEXT ( ( #111 ) ) GLOBAL_UNIT_ASSIGNED_CONTEXT ( ( #1371, #1295, #1020 ) ) REPRESENTATION_CONTEXT ( 'NONE', 'WORKASPACE' ) );
#2568 = CARTESIAN_POINT ( 'NONE',  ( 3.210288568297002154, -1.725000000000000089, 0.5000000000000000000 ) ) ;
#2569 = AXIS2_PLACEMENT_3D ( 'NONE', #2015, #2608, #1757 ) ;
#2570 =( GEOMETRIC_REPRESENTATION_CONTEXT ( 3 ) GLOBAL_UNCERTAINTY_ASSIGNED_CONTEXT ( ( #3017 ) ) GLOBAL_UNIT_ASSIGNED_CONTEXT ( ( #768, #859, #1406 ) ) REPRESENTATION_CONTEXT ( 'NONE', 'WORKASPACE' ) );
#2571 = DIRECTION ( 'NONE',  ( 5.782411586589359611E-16, 0.000000000000000000, -1.000000000000000000 ) ) ;
#2572 = VERTEX_POINT ( 'NONE', #380 ) ;
#2573 = PRESENTATION_LAYER_ASSIGNMENT (  '', '', ( #3511 ) ) ;
#2574 = EDGE_CURVE ( 'NONE', #1751, #542, #1827, .T. ) ;
#2575 = LINE ( 'NONE', #2246, #1754 ) ;
#2576 = DIRECTION ( 'NONE',  ( -0.000000000000000000, -1.000000000000000000, -0.000000000000000000 ) ) ;
#2577 = DIRECTION ( 'NONE',  ( -0.000000000000000000, -0.000000000000000000, 1.000000000000000000 ) ) ;
#2578 = ORIENTED_EDGE ( 'NONE', *, *, #955, .T. ) ;
#2579 = VECTOR ( 'NONE', #921, 1000.000000000000000 ) ;
#2580 = SURFACE_STYLE_FILL_AREA ( #1159 ) ;
#2581 = ORIENTED_EDGE ( 'NONE', *, *, #245, .F. ) ;
#2582 = FILL_AREA_STYLE_COLOUR ( '', #1169 ) ;
#2583 = CARTESIAN_POINT ( 'NONE',  ( 1.500000000000000444, 1.675000000000000266, 0.5499999999999984901 ) ) ;
#2584 = UNCERTAINTY_MEASURE_WITH_UNIT (LENGTH_MEASURE( 1.000000000000000082E-05 ), #42, 'distance_accuracy_value', 'NONE');
#2585 = FACE_OUTER_BOUND ( 'NONE', #1942, .T. ) ;
#2586 = ORIENTED_EDGE ( 'NONE', *, *, #2487, .T. ) ;
#2587 = LINE ( 'NONE', #531, #1290 ) ;
#2588 = ADVANCED_FACE ( 'NONE', ( #1606 ), #2691, .T. ) ;
#2589 = VECTOR ( 'NONE', #2521, 1000.000000000000000 ) ;
#2590 = ORIENTED_EDGE ( 'NONE', *, *, #1232, .T. ) ;
#2591 = CARTESIAN_POINT ( 'NONE',  ( 2.942869877915757382, 2.117238356887137130, 0.7410049223283268205 ) ) ;
#2592 = DIRECTION ( 'NONE',  ( 0.000000000000000000, 0.000000000000000000, -1.000000000000000000 ) ) ;
#2593 = CARTESIAN_POINT ( 'NONE',  ( 0.000000000000000000, -1.574999999999999734, -1.550000000000000044 ) ) ;
#2594 = EDGE_CURVE ( 'NONE', #2566, #3234, #2142, .T. ) ;
#2595 = ORIENTED_EDGE ( 'NONE', *, *, #3729, .F. ) ;
#2596 = DIRECTION ( 'NONE',  ( -0.000000000000000000, -1.000000000000000000, 0.000000000000000000 ) ) ;
#2597 = ORIENTED_EDGE ( 'NONE', *, *, #2887, .T. ) ;
#2598 =( GEOMETRIC_REPRESENTATION_CONTEXT ( 3 ) GLOBAL_UNCERTAINTY_ASSIGNED_CONTEXT ( ( #230 ) ) GLOBAL_UNIT_ASSIGNED_CONTEXT ( ( #2183, #3382, #3343 ) ) REPRESENTATION_CONTEXT ( 'NONE', 'WORKASPACE' ) );
#2599 = EDGE_CURVE ( 'NONE', #3252, #1728, #731, .T. ) ;
#2600 = ORIENTED_EDGE ( 'NONE', *, *, #1263, .F. ) ;
#2601 = SURFACE_STYLE_USAGE ( .BOTH. , #194 ) ;
#2602 = FACE_OUTER_BOUND ( 'NONE', #1282, .T. ) ;
#2603 = ORIENTED_EDGE ( 'NONE', *, *, #502, .F. ) ;
#2604 = DIRECTION ( 'NONE',  ( -0.000000000000000000, -0.000000000000000000, -1.000000000000000000 ) ) ;
#2605 = EDGE_CURVE ( 'NONE', #2060, #802, #130, .T. ) ;
#2606 = LINE ( 'NONE', #592, #2007 ) ;
#2607 = ORIENTED_EDGE ( 'NONE', *, *, #1808, .T. ) ;
#2608 = DIRECTION ( 'NONE',  ( 1.000000000000000000, 0.000000000000000000, 0.000000000000000000 ) ) ;
#2609 = EDGE_CURVE ( 'NONE', #482, #2761, #1389, .T. ) ;
#2610 = ORIENTED_EDGE ( 'NONE', *, *, #2903, .F. ) ;
#2611 = COLOUR_RGB ( '',0.7294117647058823151, 0.3568627450980392246, 0.02352941176470588203 ) ;
#2612 = MECHANICAL_DESIGN_GEOMETRIC_PRESENTATION_REPRESENTATION (  '', ( #370 ), #189 ) ;
#2613 = EDGE_CURVE ( 'NONE', #3507, #2348, #394, .T. ) ;
#2614 = DIRECTION ( 'NONE',  ( -0.000000000000000000, -1.000000000000000000, -0.000000000000000000 ) ) ;
#2615 = VERTEX_POINT ( 'NONE', #2038 ) ;
#2616 = AXIS2_PLACEMENT_3D ( 'NONE', #3617, #3333, #209 ) ;
#2617 = CARTESIAN_POINT ( 'NONE',  ( 2.999999999999999556, 1.675000000000000266, -0.8000000000000000444 ) ) ;
#2618 = EDGE_CURVE ( 'NONE', #1929, #2050, #692, .T. ) ;
#2619 = CIRCLE ( 'NONE', #1660, 0.2000000000000000944 ) ;
#2620 = AXIS2_PLACEMENT_3D ( 'NONE', #414, #982, #2720 ) ;
#2621 = CIRCLE ( 'NONE', #316, 0.8000000000000000444 ) ;
#2622 = ORIENTED_EDGE ( 'NONE', *, *, #2693, .F. ) ;
#2623 = CARTESIAN_POINT ( 'NONE',  ( -1.299999999999998268, 1.675000000000000266, 0.7499999999999998890 ) ) ;
#2624 = CARTESIAN_POINT ( 'NONE',  ( 2.999999999999999556, 0.000000000000000000, 1.750000000000000000 ) ) ;
#2625 = SURFACE_SIDE_STYLE ('',( #288 ) ) ;
#2626 = PRESENTATION_LAYER_ASSIGNMENT (  '', '', ( #1608 ) ) ;
#2627 = ORIENTED_EDGE ( 'NONE', *, *, #2088, .F. ) ;
#2628 =( LENGTH_UNIT ( ) NAMED_UNIT ( * ) SI_UNIT ( .MILLI., .METRE. ) );
#2629 = EDGE_CURVE ( 'NONE', #3114, #1125, #2332, .T. ) ;
#2630 = VECTOR ( 'NONE', #202, 1000.000000000000000 ) ;
#2631 = SURFACE_SIDE_STYLE ('',( #3718 ) ) ;
#2632 = ORIENTED_EDGE ( 'NONE', *, *, #1475, .T. ) ;
#2633 = DIRECTION ( 'NONE',  ( -0.000000000000000000, -0.000000000000000000, -1.000000000000000000 ) ) ;
#2634 = CARTESIAN_POINT ( 'NONE',  ( 2.999999999999999556, 1.975000000000000089, 0.000000000000000000 ) ) ;
#2635 = ORIENTED_EDGE ( 'NONE', *, *, #406, .T. ) ;
#2636 = LINE ( 'NONE', #420, #2184 ) ;
#2637 = EDGE_CURVE ( 'NONE', #3171, #482, #315, .T. ) ;
#2638 = ORIENTED_EDGE ( 'NONE', *, *, #219, .F. ) ;
#2639 = ADVANCED_FACE ( 'NONE', ( #27 ), #1316, .T. ) ;
#2640 = DIRECTION ( 'NONE',  ( 1.000000000000000000, 0.000000000000000000, 0.000000000000000000 ) ) ;
#2641 = ORIENTED_EDGE ( 'NONE', *, *, #166, .F. ) ;
#2642 = FILL_AREA_STYLE_COLOUR ( '', #2261 ) ;
#2643 = COLOUR_RGB ( '',0.2509803921568627416, 0.2509803921568627416, 0.2509803921568627416 ) ;
#2644 = DIRECTION ( 'NONE',  ( 0.000000000000000000, 0.000000000000000000, -1.000000000000000000 ) ) ;
#2645 = ORIENTED_EDGE ( 'NONE', *, *, #458, .F. ) ;
#2646 = CARTESIAN_POINT ( 'NONE',  ( -3.000000000000000444, 1.575000000000000178, 0.000000000000000000 ) ) ;
#2647 = CARTESIAN_POINT ( 'NONE',  ( 2.999999999999999556, 1.575000000000000178, -0.8000000000000000444 ) ) ;
#2648 = CARTESIAN_POINT ( 'NONE',  ( 0.000000000000000000, -1.324999999999999734, -1.750000000000000000 ) ) ;
#2649 = ADVANCED_FACE ( 'NONE', ( #412 ), #3028, .T. ) ;
#2650 = CARTESIAN_POINT ( 'NONE',  ( -1.299999999999999600, 2.274999999999999911, 0.5499999999999999334 ) ) ;
#2651 = ORIENTED_EDGE ( 'NONE', *, *, #697, .T. ) ;
#2652 = LINE ( 'NONE', #1822, #126 ) ;
#2653 = AXIS2_PLACEMENT_3D ( 'NONE', #1978, #3123, #2712 ) ;
#2654 = FACE_OUTER_BOUND ( 'NONE', #1635, .T. ) ;
#2655 = EDGE_CURVE ( 'NONE', #2615, #311, #3647, .T. ) ;
#2656 = FILL_AREA_STYLE ('',( #644 ) ) ;
#2657 = ORIENTED_EDGE ( 'NONE', *, *, #2545, .T. ) ;
#2658 =( NAMED_UNIT ( * ) PLANE_ANGLE_UNIT ( ) SI_UNIT ( $, .RADIAN. ) );
#2659 = STYLED_ITEM ( 'NONE', ( #3280 ), #2245 ) ;
#2660 =( LENGTH_UNIT ( ) NAMED_UNIT ( * ) SI_UNIT ( .MILLI., .METRE. ) );
#2661 = DIRECTION ( 'NONE',  ( 0.000000000000000000, 1.000000000000000000, -0.000000000000000000 ) ) ;
#2662 =( NAMED_UNIT ( * ) SI_UNIT ( $, .STERADIAN. ) SOLID_ANGLE_UNIT ( ) );
#2663 = AXIS2_PLACEMENT_3D ( 'NONE', #1025, #3310, #454 ) ;
#2664 = ORIENTED_EDGE ( 'NONE', *, *, #613, .F. ) ;
#2665 = SURFACE_STYLE_USAGE ( .BOTH. , #2345 ) ;
#2666 = ADVANCED_FACE ( 'NONE', ( #2456 ), #3587, .F. ) ;
#2667 = VERTEX_POINT ( 'NONE', #1338 ) ;
#2668 = DIRECTION ( 'NONE',  ( 6.505213034913027393E-15, 0.000000000000000000, -1.000000000000000000 ) ) ;
#2669 = EDGE_LOOP ( 'NONE', ( #814, #874, #319, #495, #1527, #3124, #123, #2226 ) ) ;
#2670 = DIRECTION ( 'NONE',  ( 0.000000000000000000, 0.000000000000000000, -1.000000000000000000 ) ) ;
#2671 = ORIENTED_EDGE ( 'NONE', *, *, #3562, .F. ) ;
#2672 = ORIENTED_EDGE ( 'NONE', *, *, #2565, .T. ) ;
#2673 = CARTESIAN_POINT ( 'NONE',  ( -1.499999999999999556, 1.675000000000000266, 0.5499999999999984901 ) ) ;
#2674 = AXIS2_PLACEMENT_3D ( 'NONE', #1893, #1620, #2504 ) ;
#2675 = VECTOR ( 'NONE', #2576, 1000.000000000000000 ) ;
#2676 = FILL_AREA_STYLE ('',( #666 ) ) ;
#2677 = VECTOR ( 'NONE', #2449, 1000.000000000000000 ) ;
#2678 = ORIENTED_EDGE ( 'NONE', *, *, #3378, .F. ) ;
#2679 = SURFACE_STYLE_FILL_AREA ( #1567 ) ;
#2680 = STYLED_ITEM ( 'NONE', ( #2176 ), #1347 ) ;
#2681 = EDGE_CURVE ( 'NONE', #3046, #2810, #2185, .T. ) ;
#2682 = PRESENTATION_STYLE_ASSIGNMENT (( #653 ) ) ;
#2683 = ORIENTED_EDGE ( 'NONE', *, *, #1121, .F. ) ;
#2684 = VECTOR ( 'NONE', #1262, 1000.000000000000000 ) ;
#2685 = DIRECTION ( 'NONE',  ( 1.000000000000000000, 0.000000000000000000, 0.000000000000000000 ) ) ;
#2686 = ORIENTED_EDGE ( 'NONE', *, *, #2420, .F. ) ;
#2687 = CARTESIAN_POINT ( 'NONE',  ( -3.000000000000000444, 1.575000000000000178, -1.750000000000000000 ) ) ;
#2688 = ORIENTED_EDGE ( 'NONE', *, *, #684, .T. ) ;
#2689 =( GEOMETRIC_REPRESENTATION_CONTEXT ( 3 ) GLOBAL_UNCERTAINTY_ASSIGNED_CONTEXT ( ( #2311 ) ) GLOBAL_UNIT_ASSIGNED_CONTEXT ( ( #3222, #1243, #961 ) ) REPRESENTATION_CONTEXT ( 'NONE', 'WORKASPACE' ) );
#2690 = UNCERTAINTY_MEASURE_WITH_UNIT (LENGTH_MEASURE( 1.000000000000000082E-05 ), #3659, 'distance_accuracy_value', 'NONE');
#2691 = PLANE ( 'NONE',  #910 ) ;
#2692 = CARTESIAN_POINT ( 'NONE',  ( -1.949999999999998845, -1.574999999999999734, -7.687979041260847740E-16 ) ) ;
#2693 = EDGE_CURVE ( 'NONE', #1732, #323, #1270, .T. ) ;
#2694 =( NAMED_UNIT ( * ) SI_UNIT ( $, .STERADIAN. ) SOLID_ANGLE_UNIT ( ) );
#2695 = CARTESIAN_POINT ( 'NONE',  ( 2.833012701892219987, -1.824999999999999956, 0.5000000000000000000 ) ) ;
#2696 = CIRCLE ( 'NONE', #3286, 0.8000000000000000444 ) ;
#2697 = ORIENTED_EDGE ( 'NONE', *, *, #1297, .F. ) ;
#2698 = SPHERICAL_SURFACE ( 'NONE', #2139, 0.2000000000000000111 ) ;
#2699 = CIRCLE ( 'NONE', #471, 0.8000000000000000444 ) ;
#2700 =( NAMED_UNIT ( * ) SI_UNIT ( $, .STERADIAN. ) SOLID_ANGLE_UNIT ( ) );
#2701 = LINE ( 'NONE', #1048, #2220 ) ;
#2702 = ADVANCED_FACE ( 'NONE', ( #3344 ), #2228, .F. ) ;
#2703 = CARTESIAN_POINT ( 'NONE',  ( 2.999999999999999556, 1.975000000000000089, 0.000000000000000000 ) ) ;
#2704 = CARTESIAN_POINT ( 'NONE',  ( 2.999999999999999556, 0.000000000000000000, -1.750000000000000000 ) ) ;
#2705 = VERTEX_POINT ( 'NONE', #3059 ) ;
#2706 = CARTESIAN_POINT ( 'NONE',  ( -3.008215974080633792, -1.574999999999999956, 0.5000000000000000000 ) ) ;
#2707 = SURFACE_SIDE_STYLE ('',( #1012 ) ) ;
#2708 = ADVANCED_FACE ( 'NONE', ( #497 ), #2758, .F. ) ;
#2709 = LINE ( 'NONE', #106, #3429 ) ;
#2710 =( LENGTH_UNIT ( ) NAMED_UNIT ( * ) SI_UNIT ( .MILLI., .METRE. ) );
#2711 = CARTESIAN_POINT ( 'NONE',  ( -3.000000000000000444, 2.175000000000000266, -0.8000000000000000444 ) ) ;
#2712 = DIRECTION ( 'NONE',  ( 0.000000000000000000, 0.000000000000000000, -1.000000000000000000 ) ) ;
#2713 = COLOUR_RGB ( '',0.2509803921568627416, 0.2509803921568627416, 0.2509803921568627416 ) ;
#2714 = CARTESIAN_POINT ( 'NONE',  ( 1.949999999999998845, -1.824999999999999734, 1.000000000000000666 ) ) ;
#2715 = FILL_AREA_STYLE_COLOUR ( '', #2611 ) ;
#2716 = VECTOR ( 'NONE', #2178, 1000.000000000000000 ) ;
#2717 = ORIENTED_EDGE ( 'NONE', *, *, #250, .T. ) ;
#2718 = DIRECTION ( 'NONE',  ( 0.000000000000000000, 0.000000000000000000, -1.000000000000000000 ) ) ;
#2719 = AXIS2_PLACEMENT_3D ( 'NONE', #3290, #2148, #721 ) ;
#2720 = DIRECTION ( 'NONE',  ( -0.8660254037844380415, 0.5000000000000012212, 0.000000000000000000 ) ) ;
#2721 = CARTESIAN_POINT ( 'NONE',  ( 1.510000000000000231, 1.575000000000000178, 0.5599999999999986100 ) ) ;
#2722 = DIRECTION ( 'NONE',  ( -1.000000000000000000, 0.000000000000000000, 0.000000000000000000 ) ) ;
#2723 = ORIENTED_EDGE ( 'NONE', *, *, #565, .F. ) ;
#2724 = PLANE ( 'NONE',  #2616 ) ;
#2725 = DIRECTION ( 'NONE',  ( -0.000000000000000000, 0.000000000000000000, 1.000000000000000000 ) ) ;
#2726 = PRESENTATION_LAYER_ASSIGNMENT (  '', '', ( #2244 ) ) ;
#2727 = DIRECTION ( 'NONE',  ( -1.000000000000000000, 0.000000000000000000, -3.872150616019658957E-17 ) ) ;
#2728 =( LENGTH_UNIT ( ) NAMED_UNIT ( * ) SI_UNIT ( .MILLI., .METRE. ) );
#2729 = DIRECTION ( 'NONE',  ( 0.000000000000000000, 0.000000000000000000, 1.000000000000000000 ) ) ;
#2730 = FILL_AREA_STYLE ('',( #2396 ) ) ;
#2731 = UNCERTAINTY_MEASURE_WITH_UNIT (LENGTH_MEASURE( 1.000000000000000082E-05 ), #2928, 'distance_accuracy_value', 'NONE');
#2732 = FILL_AREA_STYLE_COLOUR ( '', #3541 ) ;
#2733 = CARTESIAN_POINT ( 'NONE',  ( 2.999999999999999556, 1.575000000000000178, 0.8000000000000000444 ) ) ;
#2734 = ORIENTED_EDGE ( 'NONE', *, *, #3712, .F. ) ;
#2735 = STYLED_ITEM ( 'NONE', ( #1590 ), #3505 ) ;
#2736 = DIRECTION ( 'NONE',  ( 0.000000000000000000, 0.000000000000000000, 1.000000000000000000 ) ) ;
#2737 = VECTOR ( 'NONE', #2241, 1000.000000000000000 ) ;
#2738 = MECHANICAL_DESIGN_GEOMETRIC_PRESENTATION_REPRESENTATION (  '', ( #635 ), #1291 ) ;
#2739 = CARTESIAN_POINT ( 'NONE',  ( -1.299999999999999600, 2.475000000000000089, -0.5500000000000001554 ) ) ;
#2740 = CARTESIAN_POINT ( 'NONE',  ( 2.799999999999999378, -1.574999999999999734, 0.000000000000000000 ) ) ;
#2741 = AXIS2_PLACEMENT_3D ( 'NONE', #2106, #2163, #1870 ) ;
#2742 = MECHANICAL_DESIGN_GEOMETRIC_PRESENTATION_REPRESENTATION (  '', ( #2323 ), #3703 ) ;
#2743 = VERTEX_POINT ( 'NONE', #1910 ) ;
#2744 = CARTESIAN_POINT ( 'NONE',  ( 0.000000000000000000, -1.824999999999999734, 1.000000000000000666 ) ) ;
#2745 = AXIS2_PLACEMENT_3D ( 'NONE', #646, #287, #3417 ) ;
#2746 = DIRECTION ( 'NONE',  ( 1.000000000000000000, 0.000000000000000000, 0.000000000000000000 ) ) ;
#2747 = B_SPLINE_CURVE_WITH_KNOTS ( 'NONE', 3,
 ( #2091, #669, #3661, #3622, #1937, #488, #2527, #3398 ),
 .UNSPECIFIED., .F., .F.,
 ( 4, 2, 2, 4 ),
 ( -2.912960687735132387E-06, 0.0001993809116846628814, 0.0003005278478708617133, 0.0004016747840570605182 ),
 .UNSPECIFIED. ) ;
#2748 = CARTESIAN_POINT ( 'NONE',  ( 1.510000000000000231, 1.675000000000000266, -0.5599999999999986100 ) ) ;
#2749 = PLANE ( 'NONE',  #1396 ) ;
#2750 = CARTESIAN_POINT ( 'NONE',  ( -1.509999999999999787, 1.575000000000000178, 0.5599999999999986100 ) ) ;
#2751 = EDGE_CURVE ( 'NONE', #409, #3370, #2371, .T. ) ;
#2752 = CARTESIAN_POINT ( 'NONE',  ( 2.799999999999999378, -1.824999999999999734, 1.550000000000000488 ) ) ;
#2753 = CARTESIAN_POINT ( 'NONE',  ( 1.949999999999998401, -1.824999999999999734, -7.687979041260845768E-16 ) ) ;
#2754 = ORIENTED_EDGE ( 'NONE', *, *, #595, .T. ) ;
#2755 = CARTESIAN_POINT ( 'NONE',  ( 1.500000000000000444, 2.274999999999999911, 0.5499999999999984901 ) ) ;
#2756 = FILL_AREA_STYLE_COLOUR ( '', #456 ) ;
#2757 = EDGE_CURVE ( 'NONE', #1346, #3166, #2575, .T. ) ;
#2758 = PLANE ( 'NONE',  #357 ) ;
#2759 = CARTESIAN_POINT ( 'NONE',  ( 3.000000000000000444, 1.575000000000000178, 1.549999999999999822 ) ) ;
#2760 = DIRECTION ( 'NONE',  ( -0.000000000000000000, -1.000000000000000000, -0.000000000000000000 ) ) ;
#2761 = VERTEX_POINT ( 'NONE', #3714 ) ;
#2762 = AXIS2_PLACEMENT_3D ( 'NONE', #179, #2210, #2130 ) ;
#2763 = AXIS2_PLACEMENT_3D ( 'NONE', #2461, #2213, #1677 ) ;
#2764 = CARTESIAN_POINT ( 'NONE',  ( -1.299999999999999600, 2.274999999999999911, -0.5500000000000001554 ) ) ;
#2765 = ORIENTED_EDGE ( 'NONE', *, *, #1475, .F. ) ;
#2766 = CARTESIAN_POINT ( 'NONE',  ( 2.833012701892219987, -1.824999999999999956, 0.5000000000000000000 ) ) ;
#2767 = LINE ( 'NONE', #1349, #877 ) ;
#2768 = UNCERTAINTY_MEASURE_WITH_UNIT (LENGTH_MEASURE( 1.000000000000000082E-05 ), #2291, 'distance_accuracy_value', 'NONE');
#2769 = EDGE_CURVE ( 'NONE', #434, #500, #1669, .T. ) ;
#2770 = UNCERTAINTY_MEASURE_WITH_UNIT (LENGTH_MEASURE( 1.000000000000000082E-05 ), #1161, 'distance_accuracy_value', 'NONE');
#2771 = EDGE_CURVE ( 'NONE', #1773, #1164, #643, .T. ) ;
#2772 = LINE ( 'NONE', #172, #422 ) ;
#2773 = LINE ( 'NONE', #1023, #2957 ) ;
#2774 = ORIENTED_EDGE ( 'NONE', *, *, #3741, .T. ) ;
#2775 = FACE_OUTER_BOUND ( 'NONE', #1506, .T. ) ;
#2776 = VECTOR ( 'NONE', #3402, 1000.000000000000000 ) ;
#2777 = AXIS2_PLACEMENT_3D ( 'NONE', #975, #1862, #2116 ) ;
#2778 = LINE ( 'NONE', #178, #631 ) ;
#2779 = CARTESIAN_POINT ( 'NONE',  ( -3.037083487540114923, -1.625000000000000222, 0.5000000000000000000 ) ) ;
#2780 = ORIENTED_EDGE ( 'NONE', *, *, #1263, .T. ) ;
#2781 = EDGE_CURVE ( 'NONE', #1346, #3592, #937, .T. ) ;
#2782 = AXIS2_PLACEMENT_3D ( 'NONE', #713, #2596, #1158 ) ;
#2783 = CARTESIAN_POINT ( 'NONE',  ( 2.999999999999999556, 2.175000000000000266, 0.000000000000000000 ) ) ;
#2784 = ORIENTED_EDGE ( 'NONE', *, *, #1266, .F. ) ;
#2785 = DIRECTION ( 'NONE',  ( -0.000000000000000000, -1.000000000000000000, -0.000000000000000000 ) ) ;
#2786 = CARTESIAN_POINT ( 'NONE',  ( -1.949999999999999512, -1.824999999999999734, -1.550000000000000044 ) ) ;
#2787 = DIRECTION ( 'NONE',  ( 0.000000000000000000, -0.000000000000000000, -1.000000000000000000 ) ) ;
#2788 = FACE_OUTER_BOUND ( 'NONE', #1976, .T. ) ;
#2789 = CARTESIAN_POINT ( 'NONE',  ( -2.799999999999999822, 1.575000000000000178, 1.750000000000000000 ) ) ;
#2790 = LINE ( 'NONE', #1356, #1832 ) ;
#2791 = ORIENTED_EDGE ( 'NONE', *, *, #186, .F. ) ;
#2792 = DIRECTION ( 'NONE',  ( 1.000000000000000000, -0.000000000000000000, 0.000000000000000000 ) ) ;
#2793 = MECHANICAL_DESIGN_GEOMETRIC_PRESENTATION_REPRESENTATION (  '', ( #3253 ), #1051 ) ;
#2794 = DIRECTION ( 'NONE',  ( -3.872150616019658957E-17, 0.000000000000000000, 1.000000000000000000 ) ) ;
#2795 = FILL_AREA_STYLE_COLOUR ( '', #2845 ) ;
#2796 = AXIS2_PLACEMENT_3D ( 'NONE', #462, #439, #1950 ) ;
#2797 = ORIENTED_EDGE ( 'NONE', *, *, #541, .T. ) ;
#2798 = CARTESIAN_POINT ( 'NONE',  ( -2.833012701892219987, -1.824999999999999956, 0.5000000000000000000 ) ) ;
#2799 =( GEOMETRIC_REPRESENTATION_CONTEXT ( 3 ) GLOBAL_UNCERTAINTY_ASSIGNED_CONTEXT ( ( #2770 ) ) GLOBAL_UNIT_ASSIGNED_CONTEXT ( ( #1161, #1179, #3518 ) ) REPRESENTATION_CONTEXT ( 'NONE', 'WORKASPACE' ) );
#2800 = DIRECTION ( 'NONE',  ( -7.047314121155775666E-15, 0.000000000000000000, -1.000000000000000000 ) ) ;
#2801 = SURFACE_STYLE_FILL_AREA ( #1594 ) ;
#2802 = ORIENTED_EDGE ( 'NONE', *, *, #2693, .T. ) ;
#2803 = EDGE_CURVE ( 'NONE', #3025, #3114, #818, .T. ) ;
#2804 = LINE ( 'NONE', #3577, #2854 ) ;
#2805 =( NAMED_UNIT ( * ) SI_UNIT ( $, .STERADIAN. ) SOLID_ANGLE_UNIT ( ) );
#2806 = PRESENTATION_LAYER_ASSIGNMENT (  '', '', ( #1836 ) ) ;
#2807 = DIRECTION ( 'NONE',  ( 0.8660254037844380415, -0.5000000000000011102, 0.000000000000000000 ) ) ;
#2808 = AXIS2_PLACEMENT_3D ( 'NONE', #2822, #1730, #2290 ) ;
#2809 = CARTESIAN_POINT ( 'NONE',  ( 2.800000000000000266, 1.675000000000000266, 1.550000000000000044 ) ) ;
#2810 = VERTEX_POINT ( 'NONE', #1498 ) ;
#2811 = CARTESIAN_POINT ( 'NONE',  ( -1.299999999999999600, 1.675000000000000266, -0.5500000000000001554 ) ) ;
#2812 = CIRCLE ( 'NONE', #2020, 0.6000000000000000888 ) ;
#2813 = EDGE_CURVE ( 'NONE', #8, #1319, #110, .T. ) ;
#2814 = DIRECTION ( 'NONE',  ( 0.000000000000000000, -1.000000000000000000, 0.000000000000000000 ) ) ;
#2815 = CARTESIAN_POINT ( 'NONE',  ( -1.310000000000000053, 1.675000000000000266, -0.5600000000000000533 ) ) ;
#2816 = CARTESIAN_POINT ( 'NONE',  ( -2.799999999999999378, 1.575000000000000178, -1.750000000000000222 ) ) ;
#2817 = ORIENTED_EDGE ( 'NONE', *, *, #458, .T. ) ;
#2818 = SURFACE_STYLE_USAGE ( .BOTH. , #783 ) ;
#2819 = ADVANCED_FACE ( 'NONE', ( #1138 ), #1432, .F. ) ;
#2820 = ORIENTED_EDGE ( 'NONE', *, *, #1541, .F. ) ;
#2821 = FILL_AREA_STYLE ('',( #2582 ) ) ;
#2822 = CARTESIAN_POINT ( 'NONE',  ( 2.800000000000000266, 1.575000000000000178, -1.549999999999999822 ) ) ;
#2823 = PRESENTATION_LAYER_ASSIGNMENT (  '', '', ( #1688 ) ) ;
#2824 = DIRECTION ( 'NONE',  ( 0.000000000000000000, -0.000000000000000000, 1.000000000000000000 ) ) ;
#2825 = ORIENTED_EDGE ( 'NONE', *, *, #1121, .T. ) ;
#2826 = CARTESIAN_POINT ( 'NONE',  ( -2.799999999999999378, -1.574999999999999734, -1.550000000000000044 ) ) ;
#2827 = VECTOR ( 'NONE', #2727, 1000.000000000000000 ) ;
#2828 = ORIENTED_EDGE ( 'NONE', *, *, #1673, .F. ) ;
#2829 =( NAMED_UNIT ( * ) SI_UNIT ( $, .STERADIAN. ) SOLID_ANGLE_UNIT ( ) );
#2830 = FILL_AREA_STYLE_COLOUR ( '', #869 ) ;
#2831 = CARTESIAN_POINT ( 'NONE',  ( -1.949999999999999512, -1.574999999999999734, 1.550000000000000266 ) ) ;
#2832 = EDGE_LOOP ( 'NONE', ( #586, #1409, #3307, #590 ) ) ;
#2833 = CARTESIAN_POINT ( 'NONE',  ( 2.999999999999999556, 1.675000000000000266, 0.8000000000000000444 ) ) ;
#2834 = ORIENTED_EDGE ( 'NONE', *, *, #2490, .T. ) ;
#2835 = LINE ( 'NONE', #1178, #2431 ) ;
#2836 = AXIS2_PLACEMENT_3D ( 'NONE', #3709, #2279, #3132 ) ;
#2837 = SURFACE_STYLE_FILL_AREA ( #1180 ) ;
#2838 = UNCERTAINTY_MEASURE_WITH_UNIT (LENGTH_MEASURE( 1.000000000000000082E-05 ), #395, 'distance_accuracy_value', 'NONE');
#2839 = ORIENTED_EDGE ( 'NONE', *, *, #3172, .T. ) ;
#2840 = COLOUR_RGB ( '',0.2509803921568627416, 0.2509803921568627416, 0.2509803921568627416 ) ;
#2841 = CARTESIAN_POINT ( 'NONE',  ( 2.999999999999999556, 1.675000000000000266, -0.8000000000000000444 ) ) ;
#2842 = EDGE_CURVE ( 'NONE', #1586, #1542, #1122, .T. ) ;
#2843 = ORIENTED_EDGE ( 'NONE', *, *, #2233, .F. ) ;
#2844 = DIRECTION ( 'NONE',  ( 0.000000000000000000, 1.000000000000000000, -0.000000000000000000 ) ) ;
#2845 = COLOUR_RGB ( '',0.7294117647058823151, 0.3568627450980392246, 0.02352941176470588203 ) ;
#2846 = SURFACE_STYLE_FILL_AREA ( #3168 ) ;
#2847 = PLANE ( 'NONE',  #1250 ) ;
#2848 = EDGE_LOOP ( 'NONE', ( #734, #86, #2935, #629 ) ) ;
#2849 =( NAMED_UNIT ( * ) PLANE_ANGLE_UNIT ( ) SI_UNIT ( $, .RADIAN. ) );
#2850 = VECTOR ( 'NONE', #776, 1000.000000000000000 ) ;
#2851 = VERTEX_POINT ( 'NONE', #2927 ) ;
#2852 = FACE_OUTER_BOUND ( 'NONE', #1113, .T. ) ;
#2853 =( NAMED_UNIT ( * ) PLANE_ANGLE_UNIT ( ) SI_UNIT ( $, .RADIAN. ) );
#2854 = VECTOR ( 'NONE', #803, 1000.000000000000000 ) ;
#2855 = PRESENTATION_LAYER_ASSIGNMENT (  '', '', ( #751 ) ) ;
#2856 = LINE ( 'NONE', #266, #153 ) ;
#2857 = ORIENTED_EDGE ( 'NONE', *, *, #1499, .T. ) ;
#2858 = ORIENTED_EDGE ( 'NONE', *, *, #3167, .T. ) ;
#2859 = LINE ( 'NONE', #2339, #1845 ) ;
#2860 = AXIS2_PLACEMENT_3D ( 'NONE', #2282, #567, #2877 ) ;
#2861 = FACE_OUTER_BOUND ( 'NONE', #1952, .T. ) ;
#2862 =( NAMED_UNIT ( * ) PLANE_ANGLE_UNIT ( ) SI_UNIT ( $, .RADIAN. ) );
#2863 = CARTESIAN_POINT ( 'NONE',  ( -3.000000000000000444, 1.675000000000000266, 0.7999999999999999334 ) ) ;
#2864 = ORIENTED_EDGE ( 'NONE', *, *, #367, .F. ) ;
#2865 = FACE_OUTER_BOUND ( 'NONE', #2915, .T. ) ;
#2866 = ADVANCED_FACE ( 'NONE', ( #2654 ), #53, .F. ) ;
#2867 =( LENGTH_UNIT ( ) NAMED_UNIT ( * ) SI_UNIT ( .MILLI., .METRE. ) );
#2868 = ORIENTED_EDGE ( 'NONE', *, *, #2267, .T. ) ;
#2869 = CARTESIAN_POINT ( 'NONE',  ( 1.949999999999999067, -1.574999999999999734, 1.550000000000000488 ) ) ;
#2870 = FACE_OUTER_BOUND ( 'NONE', #1377, .T. ) ;
#2871 = EDGE_LOOP ( 'NONE', ( #2540, #2423, #3092, #1225 ) ) ;
#2872 =( LENGTH_UNIT ( ) NAMED_UNIT ( * ) SI_UNIT ( .MILLI., .METRE. ) );
#2873 = LINE ( 'NONE', #3448, #3569 ) ;
#2874 = ADVANCED_FACE ( 'NONE', ( #2861 ), #3486, .T. ) ;
#2875 = VECTOR ( 'NONE', #101, 1000.000000000000000 ) ;
#2876 = VERTEX_POINT ( 'NONE', #2425 ) ;
#2877 = DIRECTION ( 'NONE',  ( 0.000000000000000000, 0.000000000000000000, 1.000000000000000000 ) ) ;
#2878 = EDGE_CURVE ( 'NONE', #3499, #102, #2140, .T. ) ;
#2879 = PRESENTATION_LAYER_ASSIGNMENT (  '', '', ( #539 ) ) ;
#2880 = DIRECTION ( 'NONE',  ( 0.000000000000000000, 0.000000000000000000, -1.000000000000000000 ) ) ;
#2881 = FILL_AREA_STYLE_COLOUR ( '', #739 ) ;
#2882 = EDGE_LOOP ( 'NONE', ( #1006, #2399, #1748, #3461 ) ) ;
#2883 = CARTESIAN_POINT ( 'NONE',  ( 3.600000000000001421, -1.050000000000000044, 0.5000000000000000000 ) ) ;
#2884 = LINE ( 'NONE', #597, #1588 ) ;
#2885 = EDGE_LOOP ( 'NONE', ( #3467, #645, #2784, #1708 ) ) ;
#2886 = CARTESIAN_POINT ( 'NONE',  ( -1.949999999999999512, -1.824999999999999734, -1.000000000000000000 ) ) ;
#2887 = EDGE_CURVE ( 'NONE', #3271, #1427, #2467, .T. ) ;
#2888 = CARTESIAN_POINT ( 'NONE',  ( -2.800000000000000266, 2.175000000000000266, -0.5656854249492380138 ) ) ;
#2889 = ORIENTED_EDGE ( 'NONE', *, *, #2681, .F. ) ;
#2890 = FILL_AREA_STYLE ('',( #624 ) ) ;
#2891 = AXIS2_PLACEMENT_3D ( 'NONE', #2460, #784, #1930 ) ;
#2892 = VECTOR ( 'NONE', #3404, 1000.000000000000000 ) ;
#2893 = VERTEX_POINT ( 'NONE', #401 ) ;
#2894 = CARTESIAN_POINT ( 'NONE',  ( 2.999999999999999556, 1.675000000000000266, 0.000000000000000000 ) ) ;
#2895 = CARTESIAN_POINT ( 'NONE',  ( -1.299999999999998268, 2.475000000000000089, 0.7500000000000000000 ) ) ;
#2896 = ORIENTED_EDGE ( 'NONE', *, *, #636, .F. ) ;
#2897 = PLANE ( 'NONE',  #2741 ) ;
#2898 = DIRECTION ( 'NONE',  ( -0.000000000000000000, -0.000000000000000000, -1.000000000000000000 ) ) ;
#2899 =( NAMED_UNIT ( * ) PLANE_ANGLE_UNIT ( ) SI_UNIT ( $, .RADIAN. ) );
#2900 = ORIENTED_EDGE ( 'NONE', *, *, #2980, .F. ) ;
#2901 = PRESENTATION_STYLE_ASSIGNMENT (( #1797 ) ) ;
#2902 = VECTOR ( 'NONE', #284, 1000.000000000000000 ) ;
#2903 = EDGE_CURVE ( 'NONE', #482, #2975, #3543, .T. ) ;
#2904 = ORIENTED_EDGE ( 'NONE', *, *, #1864, .F. ) ;
#2905 = PRESENTATION_LAYER_ASSIGNMENT (  '', '', ( #3623 ) ) ;
#2906 = VECTOR ( 'NONE', #3365, 1000.000000000000000 ) ;
#2907 = ADVANCED_FACE ( 'NONE', ( #1605 ), #1825, .F. ) ;
#2908 = AXIS2_PLACEMENT_3D ( 'NONE', #2617, #3112, #269 ) ;
#2909 = STYLED_ITEM ( 'NONE', ( #2682 ), #3346 ) ;
#2910 = VECTOR ( 'NONE', #2986, 1000.000000000000000 ) ;
#2911 = ORIENTED_EDGE ( 'NONE', *, *, #3492, .T. ) ;
#2912 = CARTESIAN_POINT ( 'NONE',  ( 2.999999999999999556, 2.009347800022053043, 0.7999999999999999334 ) ) ;
#2913 = DIRECTION ( 'NONE',  ( -0.000000000000000000, -0.000000000000000000, -1.000000000000000000 ) ) ;
#2914 = VECTOR ( 'NONE', #1520, 1000.000000000000000 ) ;
#2915 = EDGE_LOOP ( 'NONE', ( #2085, #183, #3139, #1841 ) ) ;
#2916 = LINE ( 'NONE', #2086, #134 ) ;
#2917 = EDGE_CURVE ( 'NONE', #1151, #2050, #88, .T. ) ;
#2918 = AXIS2_PLACEMENT_3D ( 'NONE', #3063, #3674, #3717 ) ;
#2919 = DIRECTION ( 'NONE',  ( -1.000000000000000000, 0.000000000000000000, 0.000000000000000000 ) ) ;
#2920 = ORIENTED_EDGE ( 'NONE', *, *, #1903, .T. ) ;
#2921 = DIRECTION ( 'NONE',  ( -0.8660254037844379305, 0.5000000000000014433, 0.000000000000000000 ) ) ;
#2922 = EDGE_CURVE ( 'NONE', #434, #3046, #3238, .T. ) ;
#2923 = SURFACE_SIDE_STYLE ('',( #912 ) ) ;
#2924 = DIRECTION ( 'NONE',  ( 0.000000000000000000, 1.000000000000000000, -0.000000000000000000 ) ) ;
#2925 = VERTEX_POINT ( 'NONE', #2962 ) ;
#2926 = CARTESIAN_POINT ( 'NONE',  ( -2.833012701892219987, -1.824999999999999956, -0.5000000000000000000 ) ) ;
#2927 = CARTESIAN_POINT ( 'NONE',  ( -3.000000000000000444, 1.575000000000000178, 1.750000000000000000 ) ) ;
#2928 =( LENGTH_UNIT ( ) NAMED_UNIT ( * ) SI_UNIT ( .MILLI., .METRE. ) );
#2929 = ADVANCED_FACE ( 'NONE', ( #1534 ), #1557, .T. ) ;
#2930 = VECTOR ( 'NONE', #1975, 1000.000000000000000 ) ;
#2931 = ORIENTED_EDGE ( 'NONE', *, *, #1144, .T. ) ;
#2932 = LINE ( 'NONE', #3, #3640 ) ;
#2933 = ORIENTED_EDGE ( 'NONE', *, *, #1549, .F. ) ;
#2934 = COLOUR_RGB ( '',0.2509803921568627416, 0.2509803921568627416, 0.2509803921568627416 ) ;
#2935 = ORIENTED_EDGE ( 'NONE', *, *, #1925, .T. ) ;
#2936 = PLANE ( 'NONE',  #3626 ) ;
#2937 = DIRECTION ( 'NONE',  ( 0.5000000000000013323, 0.8660254037844378194, 0.000000000000000000 ) ) ;
#2938 = UNCERTAINTY_MEASURE_WITH_UNIT (LENGTH_MEASURE( 1.000000000000000082E-05 ), #1850, 'distance_accuracy_value', 'NONE');
#2939 = DIRECTION ( 'NONE',  ( 0.000000000000000000, 1.000000000000000000, -0.000000000000000000 ) ) ;
#2940 = ORIENTED_EDGE ( 'NONE', *, *, #3353, .F. ) ;
#2941 = DIRECTION ( 'NONE',  ( -0.000000000000000000, -1.000000000000000000, -0.000000000000000000 ) ) ;
#2942 = ORIENTED_EDGE ( 'NONE', *, *, #2450, .T. ) ;
#2943 = COLOUR_RGB ( '',0.7294117647058823151, 0.3568627450980392246, 0.02352941176470588203 ) ;
#2944 = CIRCLE ( 'NONE', #2777, 0.2000000000000000944 ) ;
#2945 = FACE_OUTER_BOUND ( 'NONE', #3158, .T. ) ;
#2946 = EDGE_CURVE ( 'NONE', #2975, #3271, #3621, .T. ) ;
#2947 = ORIENTED_EDGE ( 'NONE', *, *, #2574, .F. ) ;
#2948 = AXIS2_PLACEMENT_3D ( 'NONE', #2305, #3440, #577 ) ;
#2949 = EDGE_CURVE ( 'NONE', #756, #3011, #2547, .T. ) ;
#2950 = DIRECTION ( 'NONE',  ( 0.000000000000000000, 0.000000000000000000, -1.000000000000000000 ) ) ;
#2951 = EDGE_LOOP ( 'NONE', ( #3219, #2242, #1778, #3062 ) ) ;
#2952 = FILL_AREA_STYLE ('',( #943 ) ) ;
#2953 = LINE ( 'NONE', #3551, #2072 ) ;
#2954 = EDGE_LOOP ( 'NONE', ( #300, #2697, #2019, #3613 ) ) ;
#2955 = PLANE ( 'NONE',  #2006 ) ;
#2956 = PRESENTATION_STYLE_ASSIGNMENT (( #1818 ) ) ;
#2957 = VECTOR ( 'NONE', #2161, 1000.000000000000000 ) ;
#2958 = DIRECTION ( 'NONE',  ( 1.000000000000000000, -0.000000000000000000, 6.505213034913027393E-15 ) ) ;
#2959 = ORIENTED_EDGE ( 'NONE', *, *, #3664, .F. ) ;
#2960 = DIRECTION ( 'NONE',  ( -0.000000000000000000, -0.000000000000000000, -1.000000000000000000 ) ) ;
#2961 = EDGE_LOOP ( 'NONE', ( #2035, #689, #1382, #1644 ) ) ;
#2962 = CARTESIAN_POINT ( 'NONE',  ( -3.000000000000000444, 1.675000000000000266, -0.7999999999999997113 ) ) ;
#2963 = VECTOR ( 'NONE', #1614, 1000.000000000000227 ) ;
#2964 = FILL_AREA_STYLE ('',( #21 ) ) ;
#2965 = SURFACE_SIDE_STYLE ('',( #904 ) ) ;
#2966 = LINE ( 'NONE', #1312, #690 ) ;
#2967 = ORIENTED_EDGE ( 'NONE', *, *, #3306, .T. ) ;
#2968 = SURFACE_SIDE_STYLE ('',( #2679 ) ) ;
#2969 = STYLED_ITEM ( 'NONE', ( #2304 ), #1203 ) ;
#2970 = ORIENTED_EDGE ( 'NONE', *, *, #1167, .T. ) ;
#2971 = ADVANCED_FACE ( 'NONE', ( #508 ), #231, .T. ) ;
#2972 = CARTESIAN_POINT ( 'NONE',  ( 3.008215974080633792, -1.574999999999999956, 0.5000000000000000000 ) ) ;
#2973 = STYLED_ITEM ( 'NONE', ( #3563 ), #1719 ) ;
#2974 = FACE_OUTER_BOUND ( 'NONE', #396, .T. ) ;
#2975 = VERTEX_POINT ( 'NONE', #1350 ) ;
#2976 = DIRECTION ( 'NONE',  ( -0.000000000000000000, -1.000000000000000000, -0.000000000000000000 ) ) ;
#2977 = UNCERTAINTY_MEASURE_WITH_UNIT (LENGTH_MEASURE( 1.000000000000000082E-05 ), #484, 'distance_accuracy_value', 'NONE');
#2978 =( NAMED_UNIT ( * ) SI_UNIT ( $, .STERADIAN. ) SOLID_ANGLE_UNIT ( ) );
#2979 = FILL_AREA_STYLE_COLOUR ( '', #3601 ) ;
#2980 = EDGE_CURVE ( 'NONE', #2667, #1125, #487, .T. ) ;
#2981 = FACE_OUTER_BOUND ( 'NONE', #1177, .T. ) ;
#2982 = FACE_OUTER_BOUND ( 'NONE', #625, .T. ) ;
#2983 = VECTOR ( 'NONE', #2614, 1000.000000000000000 ) ;
#2984 = ADVANCED_FACE ( 'NONE', ( #1075, #3681, #771 ), #1641, .F. ) ;
#2985 = VERTEX_POINT ( 'NONE', #3036 ) ;
#2986 = DIRECTION ( 'NONE',  ( -0.000000000000000000, -1.000000000000000000, -0.000000000000000000 ) ) ;
#2987 =( LENGTH_UNIT ( ) NAMED_UNIT ( * ) SI_UNIT ( .MILLI., .METRE. ) );
#2988 = PRESENTATION_STYLE_ASSIGNMENT (( #1834 ) ) ;
#2989 =( NAMED_UNIT ( * ) PLANE_ANGLE_UNIT ( ) SI_UNIT ( $, .RADIAN. ) );
#2990 = EDGE_CURVE ( 'NONE', #1949, #1530, #2239, .T. ) ;
#2991 = MECHANICAL_DESIGN_GEOMETRIC_PRESENTATION_REPRESENTATION (  '', ( #1690 ), #159 ) ;
#2992 = ADVANCED_FACE ( 'NONE', ( #3374, #807 ), #2200, .T. ) ;
#2993 = CYLINDRICAL_SURFACE ( 'NONE', #281, 0.1999999999999996503 ) ;
#2994 = ORIENTED_EDGE ( 'NONE', *, *, #746, .T. ) ;
#2995 = DIRECTION ( 'NONE',  ( 0.000000000000000000, 0.000000000000000000, -1.000000000000000000 ) ) ;
#2996 = FILL_AREA_STYLE_COLOUR ( '', #1471 ) ;
#2997 = SURFACE_STYLE_USAGE ( .BOTH. , #1861 ) ;
#2998 = LINE ( 'NONE', #1018, #2171 ) ;
#2999 = DIRECTION ( 'NONE',  ( -0.000000000000000000, -0.000000000000000000, -1.000000000000000000 ) ) ;
#3000 = CARTESIAN_POINT ( 'NONE',  ( -2.799999999999999822, 1.675000000000000266, 1.750000000000000000 ) ) ;
#3001 = AXIS2_PLACEMENT_3D ( 'NONE', #3567, #3583, #2513 ) ;
#3002 = LINE ( 'NONE', #1311, #1391 ) ;
#3003 = DIRECTION ( 'NONE',  ( -0.000000000000000000, -1.000000000000000000, -0.000000000000000000 ) ) ;
#3004 = AXIS2_PLACEMENT_3D ( 'NONE', #530, #1410, #772 ) ;
#3005 = ORIENTED_EDGE ( 'NONE', *, *, #607, .T. ) ;
#3006 = DIRECTION ( 'NONE',  ( -0.000000000000000000, -1.000000000000000000, -0.000000000000000000 ) ) ;
#3007 = DIRECTION ( 'NONE',  ( 0.000000000000000000, 0.000000000000000000, -1.000000000000000000 ) ) ;
#3008 = VECTOR ( 'NONE', #3246, 999.9999999999998863 ) ;
#3009 = DIRECTION ( 'NONE',  ( 1.000000000000000000, 0.000000000000000000, 3.872150616019658957E-17 ) ) ;
#3010 = DIRECTION ( 'NONE',  ( 0.000000000000000000, -1.000000000000000000, 0.000000000000000000 ) ) ;
#3011 = VERTEX_POINT ( 'NONE', #3430 ) ;
#3012 = ADVANCED_FACE ( 'NONE', ( #3193 ), #957, .T. ) ;
#3013 = ORIENTED_EDGE ( 'NONE', *, *, #475, .T. ) ;
#3014 = CARTESIAN_POINT ( 'NONE',  ( 1.310000000000000497, 1.675000000000000266, 0.5600000000000000533 ) ) ;
#3015 = LINE ( 'NONE', #2112, #1956 ) ;
#3016 = SURFACE_STYLE_FILL_AREA ( #1328 ) ;
#3017 = UNCERTAINTY_MEASURE_WITH_UNIT (LENGTH_MEASURE( 1.000000000000000082E-05 ), #768, 'distance_accuracy_value', 'NONE');
#3018 = EDGE_CURVE ( 'NONE', #3234, #1337, #2531, .T. ) ;
#3019 = CARTESIAN_POINT ( 'NONE',  ( -3.210288568297002154, -1.725000000000000089, 0.5000000000000000000 ) ) ;
#3020 = DIRECTION ( 'NONE',  ( 0.000000000000000000, -1.000000000000000000, 0.000000000000000000 ) ) ;
#3021 = FILL_AREA_STYLE_COLOUR ( '', #2512 ) ;
#3022 = VECTOR ( 'NONE', #2995, 1000.000000000000000 ) ;
#3023 = DIRECTION ( 'NONE',  ( 1.000000000000000000, 0.000000000000000000, -0.000000000000000000 ) ) ;
#3024 = VECTOR ( 'NONE', #3143, 1000.000000000000000 ) ;
#3025 = VERTEX_POINT ( 'NONE', #296 ) ;
#3026 =( GEOMETRIC_REPRESENTATION_CONTEXT ( 3 ) GLOBAL_UNCERTAINTY_ASSIGNED_CONTEXT ( ( #2584 ) ) GLOBAL_UNIT_ASSIGNED_CONTEXT ( ( #42, #632, #1776 ) ) REPRESENTATION_CONTEXT ( 'NONE', 'WORKASPACE' ) );
#3027 = STYLED_ITEM ( 'NONE', ( #2901 ), #775 ) ;
#3028 = PLANE ( 'NONE',  #2719 ) ;
#3029 = CARTESIAN_POINT ( 'NONE',  ( -2.799999999999999378, -1.574999999999999734, 0.000000000000000000 ) ) ;
#3030 = FILL_AREA_STYLE ('',( #1912 ) ) ;
#3031 = VERTEX_POINT ( 'NONE', #282 ) ;
#3032 = MECHANICAL_DESIGN_GEOMETRIC_PRESENTATION_REPRESENTATION (  '', ( #935 ), #265 ) ;
#3033 = VERTEX_POINT ( 'NONE', #3149 ) ;
#3034 = DIRECTION ( 'NONE',  ( -1.000000000000000000, 0.000000000000000000, 0.000000000000000000 ) ) ;
#3035 = EDGE_CURVE ( 'NONE', #8, #297, #3724, .T. ) ;
#3036 = CARTESIAN_POINT ( 'NONE',  ( -1.299999999999998268, 1.675000000000000266, 0.7500000000000000000 ) ) ;
#3037 = PRESENTATION_STYLE_ASSIGNMENT (( #1900 ) ) ;
#3038 = LINE ( 'NONE', #132, #2677 ) ;
#3039 = DIRECTION ( 'NONE',  ( -0.000000000000000000, -1.000000000000000000, -0.000000000000000000 ) ) ;
#3040 = EDGE_CURVE ( 'NONE', #3011, #2031, #1442, .T. ) ;
#3041 = CARTESIAN_POINT ( 'NONE',  ( -3.210288568297002154, -1.725000000000000089, 0.5000000000000000000 ) ) ;
#3042 = ORIENTED_EDGE ( 'NONE', *, *, #1421, .F. ) ;
#3043 = CARTESIAN_POINT ( 'NONE',  ( 2.961914237475443024, 2.096358462665236733, -0.7611081601005814656 ) ) ;
#3044 = DIRECTION ( 'NONE',  ( 1.000000000000000000, 0.000000000000000000, 0.000000000000000000 ) ) ;
#3045 = CARTESIAN_POINT ( 'NONE',  ( 2.799999999999999378, -1.574999999999999734, 0.000000000000000000 ) ) ;
#3046 = VERTEX_POINT ( 'NONE', #1163 ) ;
#3047 = VECTOR ( 'NONE', #3735, 1000.000000000000000 ) ;
#3048 =( GEOMETRIC_REPRESENTATION_CONTEXT ( 3 ) GLOBAL_UNCERTAINTY_ASSIGNED_CONTEXT ( ( #1441 ) ) GLOBAL_UNIT_ASSIGNED_CONTEXT ( ( #2367, #418, #437 ) ) REPRESENTATION_CONTEXT ( 'NONE', 'WORKASPACE' ) );
#3049 = ORIENTED_EDGE ( 'NONE', *, *, #1393, .F. ) ;
#3050 = PLANE ( 'NONE',  #2796 ) ;
#3051 =( NAMED_UNIT ( * ) SI_UNIT ( $, .STERADIAN. ) SOLID_ANGLE_UNIT ( ) );
#3052 = SURFACE_STYLE_USAGE ( .BOTH. , #3595 ) ;
#3053 = DIRECTION ( 'NONE',  ( 0.000000000000000000, 1.000000000000000000, 0.000000000000000000 ) ) ;
#3054 = CARTESIAN_POINT ( 'NONE',  ( 1.949999999999998401, -1.824999999999999734, -7.687979041260845768E-16 ) ) ;
#3055 = UNCERTAINTY_MEASURE_WITH_UNIT (LENGTH_MEASURE( 1.000000000000000082E-05 ), #1190, 'distance_accuracy_value', 'NONE');
#3056 = SURFACE_SIDE_STYLE ('',( #1478 ) ) ;
#3057 = VERTEX_POINT ( 'NONE', #2293 ) ;
#3058 = AXIS2_PLACEMENT_3D ( 'NONE', #3305, #1585, #3023 ) ;
#3059 = CARTESIAN_POINT ( 'NONE',  ( -1.949999999999999289, -1.824999999999999734, 1.000000000000000222 ) ) ;
#3060 = DIRECTION ( 'NONE',  ( 0.000000000000000000, 0.000000000000000000, -1.000000000000000000 ) ) ;
#3061 = CARTESIAN_POINT ( 'NONE',  ( 2.833012701892219987, -1.824999999999999956, -0.5000000000000000000 ) ) ;
#3062 = ORIENTED_EDGE ( 'NONE', *, *, #18, .T. ) ;
#3063 = CARTESIAN_POINT ( 'NONE',  ( 2.999999999999999556, 2.175000000000000266, 0.000000000000000000 ) ) ;
#3064 = MECHANICAL_DESIGN_GEOMETRIC_PRESENTATION_REPRESENTATION (  '', ( #2049 ), #3241 ) ;
#3065 = DIRECTION ( 'NONE',  ( 0.000000000000000000, 0.000000000000000000, -1.000000000000000000 ) ) ;
#3066 = CARTESIAN_POINT ( 'NONE',  ( 1.309999999999998943, 1.675000000000000266, -0.7600000000000000089 ) ) ;
#3067 = VERTEX_POINT ( 'NONE', #602 ) ;
#3068 = CARTESIAN_POINT ( 'NONE',  ( -2.839042174416911202, 2.175000000000000711, 0.6207836489532914115 ) ) ;
#3069 = DIRECTION ( 'NONE',  ( 1.000000000000000000, 0.000000000000000000, -2.551063935260010491E-16 ) ) ;
#3070 = EDGE_CURVE ( 'NONE', #1260, #1438, #3527, .T. ) ;
#3071 =( NAMED_UNIT ( * ) PLANE_ANGLE_UNIT ( ) SI_UNIT ( $, .RADIAN. ) );
#3072 =( LENGTH_UNIT ( ) NAMED_UNIT ( * ) SI_UNIT ( .MILLI., .METRE. ) );
#3073 = EDGE_CURVE ( 'NONE', #3294, #1362, #777, .T. ) ;
#3074 = COLOUR_RGB ( '',0.7921568627450980005, 0.8196078431372548767, 0.9333333333333333481 ) ;
#3075 = SURFACE_STYLE_FILL_AREA ( #514 ) ;
#3076 = ORIENTED_EDGE ( 'NONE', *, *, #2121, .F. ) ;
#3077 = DIRECTION ( 'NONE',  ( -1.000000000000000000, 0.000000000000000000, 0.000000000000000000 ) ) ;
#3078 = VECTOR ( 'NONE', #933, 1000.000000000000000 ) ;
#3079 = PRESENTATION_STYLE_ASSIGNMENT (( #1219 ) ) ;
#3080 = SURFACE_STYLE_FILL_AREA ( #1944 ) ;
#3081 = ORIENTED_EDGE ( 'NONE', *, *, #2117, .T. ) ;
#3082 = STYLED_ITEM ( 'NONE', ( #148 ), #870 ) ;
#3083 = MECHANICAL_DESIGN_GEOMETRIC_PRESENTATION_REPRESENTATION (  '', ( #2735 ), #2433 ) ;
#3084 = SURFACE_SIDE_STYLE ('',( #1947 ) ) ;
#3085 = AXIS2_PLACEMENT_3D ( 'NONE', #410, #1566, #2718 ) ;
#3086 = ORIENTED_EDGE ( 'NONE', *, *, #3520, .T. ) ;
#3087 = FACE_OUTER_BOUND ( 'NONE', #1386, .T. ) ;
#3088 = CARTESIAN_POINT ( 'NONE',  ( -1.949999999999999289, -1.574999999999999734, 1.000000000000000222 ) ) ;
#3089 = EDGE_CURVE ( 'NONE', #3101, #1337, #2856, .T. ) ;
#3090 = COLOUR_RGB ( '',0.2509803921568627416, 0.2509803921568627416, 0.2509803921568627416 ) ;
#3091 = DIRECTION ( 'NONE',  ( 0.000000000000000000, 1.000000000000000000, 0.000000000000000000 ) ) ;
#3092 = ORIENTED_EDGE ( 'NONE', *, *, #2336, .F. ) ;
#3093 = VECTOR ( 'NONE', #1642, 1000.000000000000000 ) ;
#3094 = VECTOR ( 'NONE', #594, 1000.000000000000000 ) ;
#3095 = ORIENTED_EDGE ( 'NONE', *, *, #1617, .F. ) ;
#3096 =( NAMED_UNIT ( * ) SI_UNIT ( $, .STERADIAN. ) SOLID_ANGLE_UNIT ( ) );
#3097 = CARTESIAN_POINT ( 'NONE',  ( -1.299999999999999600, 2.274999999999999911, -0.5500000000000001554 ) ) ;
#3098 = DIRECTION ( 'NONE',  ( -1.000000000000000000, 0.000000000000000000, 0.000000000000000000 ) ) ;
#3099 = CARTESIAN_POINT ( 'NONE',  ( 3.954149099653017592E-16, -1.574999999999999734, -1.550000000000000044 ) ) ;
#3100 = SURFACE_STYLE_USAGE ( .BOTH. , #1400 ) ;
#3101 = VERTEX_POINT ( 'NONE', #2022 ) ;
#3102 =( NAMED_UNIT ( * ) SI_UNIT ( $, .STERADIAN. ) SOLID_ANGLE_UNIT ( ) );
#3103 = LINE ( 'NONE', #1071, #221 ) ;
#3104 = VERTEX_POINT ( 'NONE', #1494 ) ;
#3105 = EDGE_CURVE ( 'NONE', #1742, #1390, #1747, .T. ) ;
#3106 =( NAMED_UNIT ( * ) SI_UNIT ( $, .STERADIAN. ) SOLID_ANGLE_UNIT ( ) );
#3107 = AXIS2_PLACEMENT_3D ( 'NONE', #481, #2543, #1106 ) ;
#3108 = FILL_AREA_STYLE_COLOUR ( '', #3335 ) ;
#3109 = DIRECTION ( 'NONE',  ( -0.000000000000000000, 1.000000000000000000, -0.000000000000000000 ) ) ;
#3110 = VERTEX_POINT ( 'NONE', #3705 ) ;
#3111 = LINE ( 'NONE', #3054, #3670 ) ;
#3112 = DIRECTION ( 'NONE',  ( -1.000000000000000000, 0.000000000000000000, -5.782411586589359611E-16 ) ) ;
#3113 = LINE ( 'NONE', #1448, #2541 ) ;
#3114 = VERTEX_POINT ( 'NONE', #1426 ) ;
#3115 = FILL_AREA_STYLE ('',( #550 ) ) ;
#3116 =( NAMED_UNIT ( * ) SI_UNIT ( $, .STERADIAN. ) SOLID_ANGLE_UNIT ( ) );
#3117 = FACE_OUTER_BOUND ( 'NONE', #1706, .T. ) ;
#3118 = FACE_OUTER_BOUND ( 'NONE', #452, .T. ) ;
#3119 = VECTOR ( 'NONE', #1257, 1000.000000000000000 ) ;
#3120 = ORIENTED_EDGE ( 'NONE', *, *, #1808, .F. ) ;
#3121 = PRESENTATION_STYLE_ASSIGNMENT (( #2818 ) ) ;
#3122 = VECTOR ( 'NONE', #2047, 1000.000000000000000 ) ;
#3123 = DIRECTION ( 'NONE',  ( 1.000000000000000000, 0.000000000000000000, 0.000000000000000000 ) ) ;
#3124 = ORIENTED_EDGE ( 'NONE', *, *, #578, .T. ) ;
#3125 =( LENGTH_UNIT ( ) NAMED_UNIT ( * ) SI_UNIT ( .MILLI., .METRE. ) );
#3126 = AXIS2_PLACEMENT_3D ( 'NONE', #1246, #413, #1569 ) ;
#3127 = UNCERTAINTY_MEASURE_WITH_UNIT (LENGTH_MEASURE( 1.000000000000000082E-05 ), #143, 'distance_accuracy_value', 'NONE');
#3128 = ADVANCED_FACE ( 'NONE', ( #2585 ), #14, .F. ) ;
#3129 = DIRECTION ( 'NONE',  ( 0.000000000000000000, 0.000000000000000000, 1.000000000000000000 ) ) ;
#3130 = ORIENTED_EDGE ( 'NONE', *, *, #3297, .T. ) ;
#3131 =( GEOMETRIC_REPRESENTATION_CONTEXT ( 3 ) GLOBAL_UNCERTAINTY_ASSIGNED_CONTEXT ( ( #3317 ) ) GLOBAL_UNIT_ASSIGNED_CONTEXT ( ( #1105, #3390, #3102 ) ) REPRESENTATION_CONTEXT ( 'NONE', 'WORKASPACE' ) );
#3132 = DIRECTION ( 'NONE',  ( 0.000000000000000000, 0.000000000000000000, 1.000000000000000000 ) ) ;
#3133 = EDGE_CURVE ( 'NONE', #1630, #2287, #122, .T. ) ;
#3134 = EDGE_LOOP ( 'NONE', ( #43, #2402, #2931, #2868 ) ) ;
#3135 = PLANE ( 'NONE',  #583 ) ;
#3136 = SURFACE_SIDE_STYLE ('',( #1991 ) ) ;
#3137 = PLANE ( 'NONE',  #446 ) ;
#3138 = CARTESIAN_POINT ( 'NONE',  ( 1.100000000000000089, -1.574999999999999734, 1.750000000000000000 ) ) ;
#3139 = ORIENTED_EDGE ( 'NONE', *, *, #3378, .T. ) ;
#3140 = VECTOR ( 'NONE', #1655, 1000.000000000000000 ) ;
#3141 =( LENGTH_UNIT ( ) NAMED_UNIT ( * ) SI_UNIT ( .MILLI., .METRE. ) );
#3142 = EDGE_LOOP ( 'NONE', ( #1689, #908, #138, #1835 ) ) ;
#3143 = DIRECTION ( 'NONE',  ( -0.000000000000000000, -0.000000000000000000, -1.000000000000000000 ) ) ;
#3145 = ADVANCED_FACE ( 'NONE', ( #2974 ), #2993, .T. ) ;
#3144 = FILL_AREA_STYLE_COLOUR ( '', #1238 ) ;
#3146 = PRESENTATION_LAYER_ASSIGNMENT (  '', '', ( #3027 ) ) ;
#3147 = FILL_AREA_STYLE_COLOUR ( '', #3506 ) ;
#3148 = AXIS2_PLACEMENT_3D ( 'NONE', #2269, #2301, #3383 ) ;
#3149 = CARTESIAN_POINT ( 'NONE',  ( 3.008215974080633792, -1.574999999999999956, -0.5000000000000000000 ) ) ;
#3150 = EDGE_LOOP ( 'NONE', ( #2252, #2544, #6, #1915 ) ) ;
#3151 = MECHANICAL_DESIGN_GEOMETRIC_PRESENTATION_REPRESENTATION (  '', ( #3698 ), #2567 ) ;
#3152 = FACE_OUTER_BOUND ( 'NONE', #3638, .T. ) ;
#3153 = EDGE_CURVE ( 'NONE', #1929, #195, #3218, .T. ) ;
#3154 = VECTOR ( 'NONE', #51, 1000.000000000000000 ) ;
#3155 = ORIENTED_EDGE ( 'NONE', *, *, #2605, .F. ) ;
#3156 =( LENGTH_UNIT ( ) NAMED_UNIT ( * ) SI_UNIT ( .MILLI., .METRE. ) );
#3157 = VECTOR ( 'NONE', #3302, 1000.000000000000000 ) ;
#3158 = EDGE_LOOP ( 'NONE', ( #3367, #1099, #3512, #2055 ) ) ;
#3159 = ORIENTED_EDGE ( 'NONE', *, *, #896, .F. ) ;
#3160 = DIRECTION ( 'NONE',  ( 0.000000000000000000, 0.000000000000000000, -1.000000000000000000 ) ) ;
#3161 =( LENGTH_UNIT ( ) NAMED_UNIT ( * ) SI_UNIT ( .MILLI., .METRE. ) );
#3162 = ORIENTED_EDGE ( 'NONE', *, *, #2769, .F. ) ;
#3163 = ORIENTED_EDGE ( 'NONE', *, *, #2497, .T. ) ;
#3164 = PRESENTATION_LAYER_ASSIGNMENT (  '', '', ( #3288 ) ) ;
#3165 = VECTOR ( 'NONE', #1056, 1000.000000000000000 ) ;
#3166 = VERTEX_POINT ( 'NONE', #47 ) ;
#3167 = EDGE_CURVE ( 'NONE', #2288, #2481, #89, .T. ) ;
#3168 = FILL_AREA_STYLE ('',( #852 ) ) ;
#3169 =( NAMED_UNIT ( * ) PLANE_ANGLE_UNIT ( ) SI_UNIT ( $, .RADIAN. ) );
#3170 = DIRECTION ( 'NONE',  ( 5.782411586589354681E-16, 0.000000000000000000, -1.000000000000000000 ) ) ;
#3171 = VERTEX_POINT ( 'NONE', #1286 ) ;
#3172 = EDGE_CURVE ( 'NONE', #2327, #2484, #2097, .T. ) ;
#3173 = ORIENTED_EDGE ( 'NONE', *, *, #156, .F. ) ;
#3174 = VECTOR ( 'NONE', #1609, 1000.000000000000000 ) ;
#3175 = CARTESIAN_POINT ( 'NONE',  ( -3.000000000000000000, 1.675000000000000266, 1.550000000000000266 ) ) ;
#3176 = SURFACE_STYLE_USAGE ( .BOTH. , #913 ) ;
#3177 = ORIENTED_EDGE ( 'NONE', *, *, #2618, .F. ) ;
#3178 = PRESENTATION_LAYER_ASSIGNMENT (  '', '', ( #3604 ) ) ;
#3179 = ORIENTED_EDGE ( 'NONE', *, *, #2878, .F. ) ;
#3180 = VECTOR ( 'NONE', #3444, 1000.000000000000000 ) ;
#3181 = EDGE_CURVE ( 'NONE', #1260, #2100, #596, .T. ) ;
#3182 = EDGE_LOOP ( 'NONE', ( #2600, #3042, #2194, #2595 ) ) ;
#3183 = CARTESIAN_POINT ( 'NONE',  ( 2.990876132025567458, 2.042159635354791281, 0.7909643930615627427 ) ) ;
#3184 = CARTESIAN_POINT ( 'NONE',  ( -1.100000000000000089, -1.574999999999999734, 1.750000000000000000 ) ) ;
#3185 = DIRECTION ( 'NONE',  ( 0.000000000000000000, 0.000000000000000000, -1.000000000000000000 ) ) ;
#3186 = ORIENTED_EDGE ( 'NONE', *, *, #697, .F. ) ;
#3187 = FILL_AREA_STYLE_COLOUR ( '', #2436 ) ;
#3188 = ORIENTED_EDGE ( 'NONE', *, *, #595, .F. ) ;
#3189 = AXIS2_PLACEMENT_3D ( 'NONE', #1868, #3003, #1259 ) ;
#3190 = PRESENTATION_LAYER_ASSIGNMENT (  '', '', ( #2909 ) ) ;
#3191 =( GEOMETRIC_REPRESENTATION_CONTEXT ( 3 ) GLOBAL_UNCERTAINTY_ASSIGNED_CONTEXT ( ( #3358 ) ) GLOBAL_UNIT_ASSIGNED_CONTEXT ( ( #3584, #451, #686 ) ) REPRESENTATION_CONTEXT ( 'NONE', 'WORKASPACE' ) );
#3192 = EDGE_CURVE ( 'NONE', #605, #270, #2696, .T. ) ;
#3193 = FACE_OUTER_BOUND ( 'NONE', #3182, .T. ) ;
#3194 = ORIENTED_EDGE ( 'NONE', *, *, #367, .T. ) ;
#3195 = DIRECTION ( 'NONE',  ( 0.000000000000000000, 0.000000000000000000, -1.000000000000000000 ) ) ;
#3196 = AXIS2_PLACEMENT_3D ( 'NONE', #3742, #1128, #560 ) ;
#3197 = VERTEX_POINT ( 'NONE', #1529 ) ;
#3198 = STYLED_ITEM ( 'NONE', ( #3480 ), #3326 ) ;
#3199 = CARTESIAN_POINT ( 'NONE',  ( -2.900000000000000799, -1.574999999999999956, 0.5000000000000000000 ) ) ;
#3200 = VECTOR ( 'NONE', #1013, 1000.000000000000000 ) ;
#3201 = EDGE_LOOP ( 'NONE', ( #332, #61, #1449 ) ) ;
#3202 = COLOUR_RGB ( '',0.2509803921568627416, 0.2509803921568627416, 0.2509803921568627416 ) ;
#3203 = EDGE_CURVE ( 'NONE', #1519, #2566, #659, .T. ) ;
#3204 = PLANE ( 'NONE',  #3001 ) ;
#3205 = LINE ( 'NONE', #1258, #389 ) ;
#3206 = VECTOR ( 'NONE', #2429, 1000.000000000000000 ) ;
#3207 = ORIENTED_EDGE ( 'NONE', *, *, #233, .F. ) ;
#3208 = EDGE_LOOP ( 'NONE', ( #3224, #1205, #972, #857 ) ) ;
#3209 = SURFACE_STYLE_FILL_AREA ( #1197 ) ;
#3210 = DIRECTION ( 'NONE',  ( 0.000000000000000000, 0.000000000000000000, -1.000000000000000000 ) ) ;
#3211 = EDGE_CURVE ( 'NONE', #529, #3110, #352, .T. ) ;
#3212 = DIRECTION ( 'NONE',  ( 0.000000000000000000, 0.000000000000000000, 1.000000000000000000 ) ) ;
#3213 = VERTEX_POINT ( 'NONE', #3521 ) ;
#3214 = CARTESIAN_POINT ( 'NONE',  ( -2.799999999999999822, 1.675000000000000266, 1.550000000000000044 ) ) ;
#3215 = B_SPLINE_CURVE_WITH_KNOTS ( 'NONE', 3,
 ( #3606, #2182, #757, #3043, #981, #474, #1631, #1261 ),
 .UNSPECIFIED., .F., .F.,
 ( 4, 2, 2, 4 ),
 ( 0.000000000000000000, 0.0001012925316159612592, 0.0002025850632319225184, 0.0004051701264638450368 ),
 .UNSPECIFIED. ) ;
#3216 = CARTESIAN_POINT ( 'NONE',  ( -3.000000000000000444, -1.574999999999999734, 1.750000000000000000 ) ) ;
#3217 = AXIS2_PLACEMENT_3D ( 'NONE', #835, #3672, #1085 ) ;
#3218 = CIRCLE ( 'NONE', #30, 0.2000000000000000944 ) ;
#3219 = ORIENTED_EDGE ( 'NONE', *, *, #3533, .T. ) ;
#3220 =( NAMED_UNIT ( * ) PLANE_ANGLE_UNIT ( ) SI_UNIT ( $, .RADIAN. ) );
#3221 = DIRECTION ( 'NONE',  ( 0.000000000000000000, 0.000000000000000000, 1.000000000000000000 ) ) ;
#3222 =( LENGTH_UNIT ( ) NAMED_UNIT ( * ) SI_UNIT ( .MILLI., .METRE. ) );
#3223 = CARTESIAN_POINT ( 'NONE',  ( 1.300000000000000266, 2.274999999999999911, 0.5499999999999999334 ) ) ;
#3224 = ORIENTED_EDGE ( 'NONE', *, *, #2946, .F. ) ;
#3225 =( NAMED_UNIT ( * ) PLANE_ANGLE_UNIT ( ) SI_UNIT ( $, .RADIAN. ) );
#3226 = EDGE_CURVE ( 'NONE', #1773, #1857, #1488, .T. ) ;
#3227 =( GEOMETRIC_REPRESENTATION_CONTEXT ( 3 ) GLOBAL_UNCERTAINTY_ASSIGNED_CONTEXT ( ( #544 ) ) GLOBAL_UNIT_ASSIGNED_CONTEXT ( ( #3161, #2000, #637 ) ) REPRESENTATION_CONTEXT ( 'NONE', 'WORKASPACE' ) );
#3228 = DIRECTION ( 'NONE',  ( 0.000000000000000000, 0.000000000000000000, 1.000000000000000000 ) ) ;
#3229 = ORIENTED_EDGE ( 'NONE', *, *, #2054, .F. ) ;
#3230 = FILL_AREA_STYLE ('',( #948 ) ) ;
#3231 = FILL_AREA_STYLE_COLOUR ( '', #2401 ) ;
#3232 = ORIENTED_EDGE ( 'NONE', *, *, #3712, .T. ) ;
#3233 = DIRECTION ( 'NONE',  ( -0.000000000000000000, -1.000000000000000000, -0.000000000000000000 ) ) ;
#3234 = VERTEX_POINT ( 'NONE', #66 ) ;
#3235 = PRESENTATION_LAYER_ASSIGNMENT (  '', '', ( #2167 ) ) ;
#3236 = VECTOR ( 'NONE', #3320, 1000.000000000000000 ) ;
#3237 = CARTESIAN_POINT ( 'NONE',  ( 1.100000000000000089, 0.000000000000000000, 1.750000000000000000 ) ) ;
#3238 = LINE ( 'NONE', #3216, #3532 ) ;
#3239 = DIRECTION ( 'NONE',  ( -1.000000000000000000, 0.000000000000000000, 0.000000000000000000 ) ) ;
#3240 = ADVANCED_FACE ( 'NONE', ( #968 ), #2388, .T. ) ;
#3241 =( GEOMETRIC_REPRESENTATION_CONTEXT ( 3 ) GLOBAL_UNCERTAINTY_ASSIGNED_CONTEXT ( ( #1896 ) ) GLOBAL_UNIT_ASSIGNED_CONTEXT ( ( #1632, #3364, #1083 ) ) REPRESENTATION_CONTEXT ( 'NONE', 'WORKASPACE' ) );
#3242 = VERTEX_POINT ( 'NONE', #1052 ) ;
#3243 = CARTESIAN_POINT ( 'NONE',  ( -1.100000000000000089, 0.000000000000000000, 1.750000000000000000 ) ) ;
#3244 = ORIENTED_EDGE ( 'NONE', *, *, #2138, .F. ) ;
#3245 = DIRECTION ( 'NONE',  ( -0.000000000000000000, -1.000000000000000000, -0.000000000000000000 ) ) ;
#3246 = DIRECTION ( 'NONE',  ( 0.5000000000000014433, 0.8660254037844379305, 0.000000000000000000 ) ) ;
#3247 = MECHANICAL_DESIGN_GEOMETRIC_PRESENTATION_REPRESENTATION (  '', ( #1341 ), #1461 ) ;
#3248 = EDGE_CURVE ( 'NONE', #297, #1703, #3615, .T. ) ;
#3249 = CARTESIAN_POINT ( 'NONE',  ( -1.309999999999998499, 1.675000000000000266, -0.7600000000000000089 ) ) ;
#3250 = ORIENTED_EDGE ( 'NONE', *, *, #1804, .F. ) ;
#3251 = CARTESIAN_POINT ( 'NONE',  ( 1.949999999999998401, -1.574999999999999734, -7.687979041260845768E-16 ) ) ;
#3252 = VERTEX_POINT ( 'NONE', #2193 ) ;
#3253 = STYLED_ITEM ( 'NONE', ( #217 ), #351 ) ;
#3254 = SURFACE_STYLE_USAGE ( .BOTH. , #359 ) ;
#3255 = VECTOR ( 'NONE', #1876, 999.9999999999998863 ) ;
#3256 = ADVANCED_FACE ( 'NONE', ( #1366 ), #460, .T. ) ;
#3257 = PRESENTATION_STYLE_ASSIGNMENT (( #445 ) ) ;
#3258 = FACE_OUTER_BOUND ( 'NONE', #525, .T. ) ;
#3259 = STYLED_ITEM ( 'NONE', ( #2988 ), #3363 ) ;
#3260 =( GEOMETRIC_REPRESENTATION_CONTEXT ( 3 ) GLOBAL_UNCERTAINTY_ASSIGNED_CONTEXT ( ( #2508 ) ) GLOBAL_UNIT_ASSIGNED_CONTEXT ( ( #2628, #3225, #651 ) ) REPRESENTATION_CONTEXT ( 'NONE', 'WORKASPACE' ) );
#3261 = EDGE_CURVE ( 'NONE', #1519, #1611, #1932, .T. ) ;
#3262 = FILL_AREA_STYLE_COLOUR ( '', #2713 ) ;
#3263 = LINE ( 'NONE', #383, #2515 ) ;
#3264 = DIRECTION ( 'NONE',  ( -0.000000000000000000, 1.000000000000000000, -0.000000000000000000 ) ) ;
#3265 = EDGE_LOOP ( 'NONE', ( #983, #1127, #1495, #1299 ) ) ;
#3266 = DIRECTION ( 'NONE',  ( -1.000000000000000000, 0.000000000000000000, -3.872150616019658957E-17 ) ) ;
#3267 = PRESENTATION_LAYER_ASSIGNMENT (  '', '', ( #2969 ) ) ;
#3268 = EDGE_CURVE ( 'NONE', #2211, #2761, #503, .T. ) ;
#3269 = FACE_OUTER_BOUND ( 'NONE', #963, .T. ) ;
#3270 = VECTOR ( 'NONE', #3069, 1000.000000000000000 ) ;
#3271 = VERTEX_POINT ( 'NONE', #1964 ) ;
#3272 = CARTESIAN_POINT ( 'NONE',  ( -2.833012701892219987, -1.824999999999999956, 0.5000000000000000000 ) ) ;
#3273 = CARTESIAN_POINT ( 'NONE',  ( 1.300000000000000266, 2.274999999999999911, 0.5499999999999999334 ) ) ;
#3274 = ORIENTED_EDGE ( 'NONE', *, *, #1195, .F. ) ;
#3275 = LINE ( 'NONE', #2926, #3078 ) ;
#3276 = SURFACE_STYLE_USAGE ( .BOTH. , #2464 ) ;
#3277 = EDGE_CURVE ( 'NONE', #1319, #934, #1373, .T. ) ;
#3278 = UNCERTAINTY_MEASURE_WITH_UNIT (LENGTH_MEASURE( 1.000000000000000082E-05 ), #2987, 'distance_accuracy_value', 'NONE');
#3279 = FILL_AREA_STYLE_COLOUR ( '', #2643 ) ;
#3280 = PRESENTATION_STYLE_ASSIGNMENT (( #2141 ) ) ;
#3281 = CARTESIAN_POINT ( 'NONE',  ( -1.309999999999998499, 1.675000000000000266, -0.7600000000000000089 ) ) ;
#3282 = CARTESIAN_POINT ( 'NONE',  ( 2.799999999999999378, -1.824999999999999734, 0.000000000000000000 ) ) ;
#3283 = CARTESIAN_POINT ( 'NONE',  ( 0.000000000000000000, -1.574999999999999734, -1.750000000000000000 ) ) ;
#3284 = SURFACE_STYLE_USAGE ( .BOTH. , #1298 ) ;
#3285 = PLANE ( 'NONE',  #2428 ) ;
#3286 = AXIS2_PLACEMENT_3D ( 'NONE', #3498, #675, #3212 ) ;
#3287 = ORIENTED_EDGE ( 'NONE', *, *, #3261, .T. ) ;
#3288 = STYLED_ITEM ( 'NONE', ( #1854 ), #78 ) ;
#3289 = AXIS2_PLACEMENT_3D ( 'NONE', #255, #1418, #273 ) ;
#3290 = CARTESIAN_POINT ( 'NONE',  ( -1.949999999999999512, -1.824999999999999734, 0.000000000000000000 ) ) ;
#3291 = DIRECTION ( 'NONE',  ( 0.000000000000000000, 0.000000000000000000, 1.000000000000000000 ) ) ;
#3292 = EDGE_CURVE ( 'NONE', #3213, #163, #162, .T. ) ;
#3293 = STYLED_ITEM ( 'NONE', ( #426 ), #2929 ) ;
#3294 = VERTEX_POINT ( 'NONE', #2501 ) ;
#3295 = DIRECTION ( 'NONE',  ( 1.000000000000000000, 0.000000000000000000, 0.000000000000000000 ) ) ;
#3296 = SURFACE_STYLE_USAGE ( .BOTH. , #2707 ) ;
#3297 = EDGE_CURVE ( 'NONE', #1728, #29, #3103, .T. ) ;
#3298 = PLANE ( 'NONE',  #1174 ) ;
#3299 = DIRECTION ( 'NONE',  ( -0.000000000000000000, -0.000000000000000000, -1.000000000000000000 ) ) ;
#3300 = FACE_OUTER_BOUND ( 'NONE', #3654, .T. ) ;
#3301 = FILL_AREA_STYLE ('',( #773 ) ) ;
#3302 = DIRECTION ( 'NONE',  ( 0.000000000000000000, 0.000000000000000000, -1.000000000000000000 ) ) ;
#3303 = CARTESIAN_POINT ( 'NONE',  ( 1.299999999999999156, 1.675000000000000266, 0.7499999999999998890 ) ) ;
#3304 = AXIS2_PLACEMENT_3D ( 'NONE', #3733, #3098, #3455 ) ;
#3305 = CARTESIAN_POINT ( 'NONE',  ( -3.037083487540114923, -1.625000000000000222, 0.5000000000000000000 ) ) ;
#3306 = EDGE_CURVE ( 'NONE', #1164, #1742, #1016, .T. ) ;
#3307 = ORIENTED_EDGE ( 'NONE', *, *, #2289, .T. ) ;
#3308 = CARTESIAN_POINT ( 'NONE',  ( 2.800000000000000266, 1.675000000000000266, -1.749999999999999778 ) ) ;
#3309 =( NAMED_UNIT ( * ) PLANE_ANGLE_UNIT ( ) SI_UNIT ( $, .RADIAN. ) );
#3310 = DIRECTION ( 'NONE',  ( -0.000000000000000000, -1.000000000000000000, -0.000000000000000000 ) ) ;
#3311 = DIRECTION ( 'NONE',  ( -0.000000000000000000, -1.000000000000000000, -0.000000000000000000 ) ) ;
#3312 = ORIENTED_EDGE ( 'NONE', *, *, #3413, .F. ) ;
#3313 = EDGE_CURVE ( 'NONE', #1751, #1192, #785, .T. ) ;
#3314 = DIRECTION ( 'NONE',  ( -0.000000000000000000, -0.000000000000000000, 1.000000000000000000 ) ) ;
#3315 = EDGE_LOOP ( 'NONE', ( #2610, #3387, #3120, #1787, #2496, #1216, #504, #2462 ) ) ;
#3316 = FACE_OUTER_BOUND ( 'NONE', #1460, .T. ) ;
#3317 = UNCERTAINTY_MEASURE_WITH_UNIT (LENGTH_MEASURE( 1.000000000000000082E-05 ), #1105, 'distance_accuracy_value', 'NONE');
#3318 = EDGE_CURVE ( 'NONE', #2211, #1427, #1948, .T. ) ;
#3319 =( NAMED_UNIT ( * ) PLANE_ANGLE_UNIT ( ) SI_UNIT ( $, .RADIAN. ) );
#3320 = DIRECTION ( 'NONE',  ( 1.000000000000000000, 0.000000000000000000, 0.000000000000000000 ) ) ;
#3321 = PRESENTATION_LAYER_ASSIGNMENT (  '', '', ( #3253 ) ) ;
#3322 =( NAMED_UNIT ( * ) SI_UNIT ( $, .STERADIAN. ) SOLID_ANGLE_UNIT ( ) );
#3323 = PRESENTATION_STYLE_ASSIGNMENT (( #1044 ) ) ;
#3324 = EDGE_LOOP ( 'NONE', ( #914, #1965, #1211, #2657, #2559, #1884, #954, #1196, #2520, #3474 ) ) ;
#3325 = FILL_AREA_STYLE_COLOUR ( '', #726 ) ;
#3326 = MANIFOLD_SOLID_BREP ( 'Fillet1', #3348 ) ;
#3327 = MECHANICAL_DESIGN_GEOMETRIC_PRESENTATION_REPRESENTATION (  '', ( #3027 ), #1233 ) ;
#3328 = CARTESIAN_POINT ( 'NONE',  ( -3.037083487540114923, -1.625000000000000222, -0.5000000000000000000 ) ) ;
#3329 = DIRECTION ( 'NONE',  ( -0.000000000000000000, -0.000000000000000000, -1.000000000000000000 ) ) ;
#3330 = ORIENTED_EDGE ( 'NONE', *, *, #3373, .F. ) ;
#3331 = VERTEX_POINT ( 'NONE', #2833 ) ;
#3332 = ORIENTED_EDGE ( 'NONE', *, *, #3340, .F. ) ;
#3333 = DIRECTION ( 'NONE',  ( -0.000000000000000000, 0.000000000000000000, -1.000000000000000000 ) ) ;
#3334 = CARTESIAN_POINT ( 'NONE',  ( 1.300000000000000266, 2.274999999999999911, -0.5500000000000001554 ) ) ;
#3335 = COLOUR_RGB ( '',0.7294117647058823151, 0.3568627450980392246, 0.02352941176470588203 ) ;
#3336 =( NAMED_UNIT ( * ) SI_UNIT ( $, .STERADIAN. ) SOLID_ANGLE_UNIT ( ) );
#3337 = ADVANCED_FACE ( 'NONE', ( #3699 ), #2057, .T. ) ;
#3338 = MANIFOLD_SOLID_BREP ( 'Boss-Extrude4', #1622 ) ;
#3339 = SURFACE_SIDE_STYLE ('',( #1352 ) ) ;
#3340 = EDGE_CURVE ( 'NONE', #3592, #1972, #2884, .T. ) ;
#3341 = DIRECTION ( 'NONE',  ( 1.000000000000000000, 0.000000000000000000, 0.000000000000000000 ) ) ;
#3342 = ORIENTED_EDGE ( 'NONE', *, *, #1879, .T. ) ;
#3343 =( NAMED_UNIT ( * ) SI_UNIT ( $, .STERADIAN. ) SOLID_ANGLE_UNIT ( ) );
#3344 = FACE_OUTER_BOUND ( 'NONE', #342, .T. ) ;
#3345 = FACE_OUTER_BOUND ( 'NONE', #2338, .T. ) ;
#3346 = ADVANCED_FACE ( 'NONE', ( #2306 ), #97, .T. ) ;
#3347 = ORIENTED_EDGE ( 'NONE', *, *, #3708, .T. ) ;
#3348 = CLOSED_SHELL ( 'NONE', ( #2984, #2639, #2874, #1977, #1457, #3536, #3363, #1218, #722, #1309, #1049, #3240, #1750, #864, #1573, #78, #351, #1719, #254, #2649, #2929, #2866, #2907, #2245, #918, #765, #1472, #1537, #775, #2017, #3128, #309, #3256, #2034, #2588, #2025, #2708, #2819, #2335, #1032, #2529, #3517, #2262, #3388, #2971, #682, #811, #136, #1395, #277, #3145, #1043, #3337, #769, #3012, #2366 ) ) ;
#3349 = DIRECTION ( 'NONE',  ( 0.000000000000000000, -0.000000000000000000, 1.000000000000000000 ) ) ;
#3350 = ORIENTED_EDGE ( 'NONE', *, *, #2170, .F. ) ;
#3351 = LINE ( 'NONE', #1074, #1413 ) ;
#3353 = EDGE_CURVE ( 'NONE', #865, #114, #2382, .T. ) ;
#3352 = SURFACE_SIDE_STYLE ('',( #1680 ) ) ;
#3354 = CARTESIAN_POINT ( 'NONE',  ( -2.799999999999999378, -1.824999999999999734, -0.9999999999999997780 ) ) ;
#3355 =( GEOMETRIC_REPRESENTATION_CONTEXT ( 3 ) GLOBAL_UNCERTAINTY_ASSIGNED_CONTEXT ( ( #1999 ) ) GLOBAL_UNIT_ASSIGNED_CONTEXT ( ( #1331, #747, #247 ) ) REPRESENTATION_CONTEXT ( 'NONE', 'WORKASPACE' ) );
#3356 = CARTESIAN_POINT ( 'NONE',  ( -1.299999999999998268, 2.475000000000000089, -0.7500000000000001110 ) ) ;
#3357 = CARTESIAN_POINT ( 'NONE',  ( -3.000000000000000000, 1.675000000000000266, -1.550000000000000266 ) ) ;
#3358 = UNCERTAINTY_MEASURE_WITH_UNIT (LENGTH_MEASURE( 1.000000000000000082E-05 ), #3584, 'distance_accuracy_value', 'NONE');
#3359 = CARTESIAN_POINT ( 'NONE',  ( -2.799999999999999378, 1.675000000000000266, -1.550000000000000266 ) ) ;
#3360 = LINE ( 'NONE', #2534, #1894 ) ;
#3361 = ORIENTED_EDGE ( 'NONE', *, *, #3582, .F. ) ;
#3362 = CYLINDRICAL_SURFACE ( 'NONE', #846, 0.2000000000000000944 ) ;
#3363 = ADVANCED_FACE ( 'NONE', ( #688 ), #946, .F. ) ;
#3364 =( NAMED_UNIT ( * ) PLANE_ANGLE_UNIT ( ) SI_UNIT ( $, .RADIAN. ) );
#3365 = DIRECTION ( 'NONE',  ( 1.000000000000000000, 0.000000000000000000, 0.000000000000000000 ) ) ;
#3366 = DIRECTION ( 'NONE',  ( 1.000000000000000000, 0.000000000000000000, 0.000000000000000000 ) ) ;
#3367 = ORIENTED_EDGE ( 'NONE', *, *, #578, .F. ) ;
#3368 = VECTOR ( 'NONE', #2592, 1000.000000000000000 ) ;
#3369 = SURFACE_SIDE_STYLE ('',( #2801 ) ) ;
#3370 = VERTEX_POINT ( 'NONE', #2069 ) ;
#3371 = CARTESIAN_POINT ( 'NONE',  ( 2.999999999999999556, 1.575000000000000178, -0.8000000000000000444 ) ) ;
#3372 = LINE ( 'NONE', #229, #3270 ) ;
#3373 = EDGE_CURVE ( 'NONE', #1756, #1611, #2128, .T. ) ;
#3374 = FACE_OUTER_BOUND ( 'NONE', #1666, .T. ) ;
#3375 = LINE ( 'NONE', #2786, #1451 ) ;
#3376 = DIRECTION ( 'NONE',  ( 0.000000000000000000, 1.000000000000000000, 0.000000000000000000 ) ) ;
#3377 = DIRECTION ( 'NONE',  ( 1.000000000000000000, 0.000000000000000000, 0.000000000000000000 ) ) ;
#3378 = EDGE_CURVE ( 'NONE', #2876, #605, #1815, .T. ) ;
#3379 = MECHANICAL_DESIGN_GEOMETRIC_PRESENTATION_REPRESENTATION (  '', ( #563 ), #1111 ) ;
#3380 = CARTESIAN_POINT ( 'NONE',  ( 1.500000000000000444, 2.475000000000000089, 0.5499999999999984901 ) ) ;
#3381 = VERTEX_POINT ( 'NONE', #391 ) ;
#3382 =( NAMED_UNIT ( * ) PLANE_ANGLE_UNIT ( ) SI_UNIT ( $, .RADIAN. ) );
#3383 = DIRECTION ( 'NONE',  ( -1.000000000000000000, 0.000000000000000000, -7.047314121155775666E-15 ) ) ;
#3384 = CARTESIAN_POINT ( 'NONE',  ( -2.551063935260011477E-16, -1.824999999999999734, -1.000000000000000444 ) ) ;
#3385 = VECTOR ( 'NONE', #1091, 1000.000000000000000 ) ;
#3386 = CIRCLE ( 'NONE', #310, 0.7999999999999998224 ) ;
#3387 = ORIENTED_EDGE ( 'NONE', *, *, #2637, .F. ) ;
#3388 = ADVANCED_FACE ( 'NONE', ( #1544 ), #2417, .F. ) ;
#3389 =( GEOMETRIC_REPRESENTATION_CONTEXT ( 3 ) GLOBAL_UNCERTAINTY_ASSIGNED_CONTEXT ( ( #3704 ) ) GLOBAL_UNIT_ASSIGNED_CONTEXT ( ( #856, #2899, #3425 ) ) REPRESENTATION_CONTEXT ( 'NONE', 'WORKASPACE' ) );
#3390 =( NAMED_UNIT ( * ) PLANE_ANGLE_UNIT ( ) SI_UNIT ( $, .RADIAN. ) );
#3391 = DIRECTION ( 'NONE',  ( -0.000000000000000000, -1.000000000000000000, -0.000000000000000000 ) ) ;
#3392 = ORIENTED_EDGE ( 'NONE', *, *, #2280, .T. ) ;
#3393 = PRESENTATION_STYLE_ASSIGNMENT (( #2254 ) ) ;
#3394 = AXIS2_PLACEMENT_3D ( 'NONE', #1146, #280, #210 ) ;
#3395 = UNCERTAINTY_MEASURE_WITH_UNIT (LENGTH_MEASURE( 1.000000000000000082E-05 ), #2164, 'distance_accuracy_value', 'NONE');
#3396 = CARTESIAN_POINT ( 'NONE',  ( -1.949999999999999512, -1.824999999999999734, -1.000000000000000000 ) ) ;
#3397 = ORIENTED_EDGE ( 'NONE', *, *, #2842, .T. ) ;
#3398 = CARTESIAN_POINT ( 'NONE',  ( -3.000000000000000444, 1.975000000000000089, -0.8000000000000000444 ) ) ;
#3399 = MECHANICAL_DESIGN_GEOMETRIC_PRESENTATION_REPRESENTATION (  '', ( #642 ), #762 ) ;
#3400 = VECTOR ( 'NONE', #2272, 999.9999999999998863 ) ;
#3401 = ORIENTED_EDGE ( 'NONE', *, *, #2372, .F. ) ;
#3402 = DIRECTION ( 'NONE',  ( 0.000000000000000000, 0.000000000000000000, -1.000000000000000000 ) ) ;
#3403 = STYLED_ITEM ( 'NONE', ( #37 ), #167 ) ;
#3404 = DIRECTION ( 'NONE',  ( -1.000000000000000000, 0.000000000000000000, 0.000000000000000000 ) ) ;
#3405 = SURFACE_STYLE_USAGE ( .BOTH. , #1399 ) ;
#3406 =( NAMED_UNIT ( * ) SI_UNIT ( $, .STERADIAN. ) SOLID_ANGLE_UNIT ( ) );
#3407 = ORIENTED_EDGE ( 'NONE', *, *, #2922, .T. ) ;
#3408 = CARTESIAN_POINT ( 'NONE',  ( 1.100000000000000089, -1.324999999999999734, -1.750000000000000000 ) ) ;
#3409 = ORIENTED_EDGE ( 'NONE', *, *, #2117, .F. ) ;
#3410 =( LENGTH_UNIT ( ) NAMED_UNIT ( * ) SI_UNIT ( .MILLI., .METRE. ) );
#3411 = CIRCLE ( 'NONE', #1376, 0.1999999999999999833 ) ;
#3412 = VECTOR ( 'NONE', #1799, 1000.000000000000000 ) ;
#3413 = EDGE_CURVE ( 'NONE', #848, #3635, #118, .T. ) ;
#3414 = ORIENTED_EDGE ( 'NONE', *, *, #1157, .F. ) ;
#3415 = FACE_OUTER_BOUND ( 'NONE', #218, .T. ) ;
#3416 = VERTEX_POINT ( 'NONE', #2229 ) ;
#3417 = DIRECTION ( 'NONE',  ( 0.000000000000000000, 0.000000000000000000, -1.000000000000000000 ) ) ;
#3418 = EDGE_CURVE ( 'NONE', #3166, #2389, #520, .T. ) ;
#3419 = DIRECTION ( 'NONE',  ( -0.000000000000000000, 1.000000000000000000, -0.000000000000000000 ) ) ;
#3420 = DIRECTION ( 'NONE',  ( 0.000000000000000000, 1.000000000000000000, -0.000000000000000000 ) ) ;
#3421 = ORIENTED_EDGE ( 'NONE', *, *, #1925, .F. ) ;
#3422 =( GEOMETRIC_REPRESENTATION_CONTEXT ( 3 ) GLOBAL_UNCERTAINTY_ASSIGNED_CONTEXT ( ( #2465 ) ) GLOBAL_UNIT_ASSIGNED_CONTEXT ( ( #1625, #99, #141 ) ) REPRESENTATION_CONTEXT ( 'NONE', 'WORKASPACE' ) );
#3423 = EDGE_CURVE ( 'NONE', #2810, #2231, #1026, .T. ) ;
#3424 = LINE ( 'NONE', #1422, #174 ) ;
#3425 =( NAMED_UNIT ( * ) SI_UNIT ( $, .STERADIAN. ) SOLID_ANGLE_UNIT ( ) );
#3426 = ORIENTED_EDGE ( 'NONE', *, *, #317, .T. ) ;
#3427 = SURFACE_STYLE_USAGE ( .BOTH. , #858 ) ;
#3428 = LINE ( 'NONE', #2583, #75 ) ;
#3429 = VECTOR ( 'NONE', #991, 1000.000000000000000 ) ;
#3430 = CARTESIAN_POINT ( 'NONE',  ( -1.949999999999999512, -1.574999999999999734, -1.000000000000000222 ) ) ;
#3431 = ORIENTED_EDGE ( 'NONE', *, *, #2757, .T. ) ;
#3432 = VECTOR ( 'NONE', #2898, 1000.000000000000000 ) ;
#3433 = CARTESIAN_POINT ( 'NONE',  ( -3.383493649053891605, -0.9250000000000001554, 0.5000000000000000000 ) ) ;
#3434 =( GEOMETRIC_REPRESENTATION_CONTEXT ( 3 ) GLOBAL_UNCERTAINTY_ASSIGNED_CONTEXT ( ( #432 ) ) GLOBAL_UNIT_ASSIGNED_CONTEXT ( ( #2557, #1693, #3406 ) ) REPRESENTATION_CONTEXT ( 'NONE', 'WORKASPACE' ) );
#3435 = EDGE_LOOP ( 'NONE', ( #3229, #3679, #786, #1156 ) ) ;
#3436 = LINE ( 'NONE', #3488, #1664 ) ;
#3437 = PRESENTATION_LAYER_ASSIGNMENT (  '', '', ( #1341 ) ) ;
#3438 = DIRECTION ( 'NONE',  ( 0.000000000000000000, 1.000000000000000000, -0.000000000000000000 ) ) ;
#3439 = EDGE_LOOP ( 'NONE', ( #1416, #3095, #3188, #2597 ) ) ;
#3440 = DIRECTION ( 'NONE',  ( 0.000000000000000000, 1.000000000000000000, 0.000000000000000000 ) ) ;
#3441 = ORIENTED_EDGE ( 'NONE', *, *, #442, .T. ) ;
#3442 = SURFACE_SIDE_STYLE ('',( #2837 ) ) ;
#3443 = PRESENTATION_LAYER_ASSIGNMENT (  '', '', ( #1351 ) ) ;
#3444 = DIRECTION ( 'NONE',  ( -1.000000000000000000, 0.000000000000000000, 0.000000000000000000 ) ) ;
#3445 = CARTESIAN_POINT ( 'NONE',  ( -3.000000000000000444, 2.175000000000000266, 0.000000000000000000 ) ) ;
#3446 = ORIENTED_EDGE ( 'NONE', *, *, #2170, .T. ) ;
#3447 = LINE ( 'NONE', #2041, #2850 ) ;
#3448 = CARTESIAN_POINT ( 'NONE',  ( -2.400000000000001243, -1.574999999999999734, 1.750000000000000000 ) ) ;
#3449 = ORIENTED_EDGE ( 'NONE', *, *, #3340, .T. ) ;
#3450 = AXIS2_PLACEMENT_3D ( 'NONE', #2972, #2921, #3464 ) ;
#3451 = CIRCLE ( 'NONE', #2808, 0.1999999999999998723 ) ;
#3452 = EDGE_CURVE ( 'NONE', #2276, #3635, #3671, .T. ) ;
#3453 = ORIENTED_EDGE ( 'NONE', *, *, #1546, .F. ) ;
#3454 = CARTESIAN_POINT ( 'NONE',  ( 2.799999999999999378, 2.175000000000000266, 0.5656854249492380138 ) ) ;
#3455 = DIRECTION ( 'NONE',  ( 0.000000000000000000, 0.000000000000000000, 1.000000000000000000 ) ) ;
#3456 = LINE ( 'NONE', #2895, #2675 ) ;
#3457 = CARTESIAN_POINT ( 'NONE',  ( 2.799999999999999378, -1.824999999999999734, 1.000000000000000666 ) ) ;
#3458 = VERTEX_POINT ( 'NONE', #1647 ) ;
#3459 = FILL_AREA_STYLE ('',( #2642 ) ) ;
#3460 = SURFACE_SIDE_STYLE ('',( #242 ) ) ;
#3461 = ORIENTED_EDGE ( 'NONE', *, *, #3525, .T. ) ;
#3462 = PRESENTATION_STYLE_ASSIGNMENT (( #3427 ) ) ;
#3463 = SURFACE_STYLE_USAGE ( .BOTH. , #333 ) ;
#3464 = DIRECTION ( 'NONE',  ( -0.5000000000000013323, -0.8660254037844378194, 0.000000000000000000 ) ) ;
#3465 = ADVANCED_FACE ( 'NONE', ( #2457 ), #1084, .F. ) ;
#3466 = FILL_AREA_STYLE_COLOUR ( '', #2934 ) ;
#3467 = ORIENTED_EDGE ( 'NONE', *, *, #2878, .T. ) ;
#3468 = AXIS2_PLACEMENT_3D ( 'NONE', #2764, #182, #1345 ) ;
#3469 = CARTESIAN_POINT ( 'NONE',  ( 1.500000000000000444, 1.675000000000000266, 0.5499999999999984901 ) ) ;
#3470 = VERTEX_POINT ( 'NONE', #2759 ) ;
#3471 = MECHANICAL_DESIGN_GEOMETRIC_PRESENTATION_REPRESENTATION (  '', ( #3288 ), #226 ) ;
#3472 = EDGE_CURVE ( 'NONE', #2851, #3104, #3648, .T. ) ;
#3473 = PRESENTATION_LAYER_ASSIGNMENT (  '', '', ( #1690 ) ) ;
#3474 = ORIENTED_EDGE ( 'NONE', *, *, #1673, .T. ) ;
#3475 = VECTOR ( 'NONE', #28, 1000.000000000000000 ) ;
#3476 = LINE ( 'NONE', #3489, #3119 ) ;
#3477 = CARTESIAN_POINT ( 'NONE',  ( 2.900000000000000799, -1.574999999999999956, -0.5000000000000000000 ) ) ;
#3478 = CARTESIAN_POINT ( 'NONE',  ( 2.999999999999999556, 1.675000000000000266, 0.8000000000000000444 ) ) ;
#3479 = ORIENTED_EDGE ( 'NONE', *, *, #607, .F. ) ;
#3480 = PRESENTATION_STYLE_ASSIGNMENT (( #291 ) ) ;
#3481 = ORIENTED_EDGE ( 'NONE', *, *, #973, .T. ) ;
#3482 = FILL_AREA_STYLE ('',( #2352 ) ) ;
#3483 = VERTEX_POINT ( 'NONE', #2478 ) ;
#3484 = LINE ( 'NONE', #2706, #1714 ) ;
#3485 = AXIS2_PLACEMENT_3D ( 'NONE', #3097, #1691, #916 ) ;
#3486 = PLANE ( 'NONE',  #3728 ) ;
#3487 = ORIENTED_EDGE ( 'NONE', *, *, #3211, .T. ) ;
#3488 = CARTESIAN_POINT ( 'NONE',  ( 2.800000000000000266, 1.675000000000000266, -1.749999999999999778 ) ) ;
#3489 = CARTESIAN_POINT ( 'NONE',  ( -3.954149099653018085E-16, -1.574999999999999734, 1.550000000000000488 ) ) ;
#3490 = CARTESIAN_POINT ( 'NONE',  ( 2.999999999999999556, 2.175000000000000266, 0.000000000000000000 ) ) ;
#3491 = EDGE_LOOP ( 'NONE', ( #2432, #1996, #1142, #676 ) ) ;
#3492 = EDGE_CURVE ( 'NONE', #1703, #2985, #574, .T. ) ;
#3493 = SURFACE_SIDE_STYLE ('',( #1281 ) ) ;
#3494 = ORIENTED_EDGE ( 'NONE', *, *, #2769, .T. ) ;
#3495 = VECTOR ( 'NONE', #3185, 1000.000000000000000 ) ;
#3496 = FACE_OUTER_BOUND ( 'NONE', #2452, .T. ) ;
#3497 = CARTESIAN_POINT ( 'NONE',  ( -3.383493649053891605, -0.9250000000000001554, 0.5000000000000000000 ) ) ;
#3498 = CARTESIAN_POINT ( 'NONE',  ( 2.999999999999999556, 1.575000000000000178, 0.000000000000000000 ) ) ;
#3499 = VERTEX_POINT ( 'NONE', #1872 ) ;
#3500 = DIRECTION ( 'NONE',  ( 0.000000000000000000, 0.000000000000000000, -1.000000000000000000 ) ) ;
#3501 = ORIENTED_EDGE ( 'NONE', *, *, #2599, .F. ) ;
#3502 = COLOUR_RGB ( '',0.7294117647058823151, 0.3568627450980392246, 0.02352941176470588203 ) ;
#3503 = UNCERTAINTY_MEASURE_WITH_UNIT (LENGTH_MEASURE( 1.000000000000000082E-05 ), #430, 'distance_accuracy_value', 'NONE');
#3504 = DIRECTION ( 'NONE',  ( -0.000000000000000000, -0.000000000000000000, -1.000000000000000000 ) ) ;
#3505 = ADVANCED_FACE ( 'NONE', ( #2538 ), #1633, .F. ) ;
#3506 = COLOUR_RGB ( '',0.7294117647058823151, 0.3568627450980392246, 0.02352941176470588203 ) ;
#3507 = VERTEX_POINT ( 'NONE', #2518 ) ;
#3508 = DIRECTION ( 'NONE',  ( -0.000000000000000000, -1.000000000000000000, -0.000000000000000000 ) ) ;
#3509 =( NAMED_UNIT ( * ) PLANE_ANGLE_UNIT ( ) SI_UNIT ( $, .RADIAN. ) );
#3510 = CARTESIAN_POINT ( 'NONE',  ( 1.300000000000000266, 2.274999999999999911, -0.5500000000000001554 ) ) ;
#3511 = STYLED_ITEM ( 'NONE', ( #1245 ), #1873 ) ;
#3512 = ORIENTED_EDGE ( 'NONE', *, *, #3413, .T. ) ;
#3513 = FACE_OUTER_BOUND ( 'NONE', #1435, .T. ) ;
#3514 = CARTESIAN_POINT ( 'NONE',  ( 2.999999999999999556, -1.574999999999999734, 1.750000000000000000 ) ) ;
#3515 = FILL_AREA_STYLE ('',( #3187 ) ) ;
#3516 = ORIENTED_EDGE ( 'NONE', *, *, #740, .F. ) ;
#3517 = ADVANCED_FACE ( 'NONE', ( #797 ), #139, .T. ) ;
#3518 =( NAMED_UNIT ( * ) SI_UNIT ( $, .STERADIAN. ) SOLID_ANGLE_UNIT ( ) );
#3519 = PLANE ( 'NONE',  #1723 ) ;
#3520 = EDGE_CURVE ( 'NONE', #2093, #696, #1911, .T. ) ;
#3521 = CARTESIAN_POINT ( 'NONE',  ( -1.949999999999999512, -1.824999999999999734, 1.550000000000000266 ) ) ;
#3522 = ORIENTED_EDGE ( 'NONE', *, *, #388, .T. ) ;
#3523 = CARTESIAN_POINT ( 'NONE',  ( -1.310000000000000053, 1.675000000000000266, 0.5600000000000000533 ) ) ;
#3524 = ORIENTED_EDGE ( 'NONE', *, *, #3692, .T. ) ;
#3525 = EDGE_CURVE ( 'NONE', #848, #562, #2778, .T. ) ;
#3526 =( NAMED_UNIT ( * ) PLANE_ANGLE_UNIT ( ) SI_UNIT ( $, .RADIAN. ) );
#3527 = CIRCLE ( 'NONE', #2026, 0.1999999999999999833 ) ;
#3528 = EDGE_LOOP ( 'NONE', ( #2271, #1844, #3332, #1649 ) ) ;
#3529 = CARTESIAN_POINT ( 'NONE',  ( 1.949999999999998845, -1.574999999999999734, 1.000000000000000666 ) ) ;
#3530 = SURFACE_SIDE_STYLE ('',( #1223 ) ) ;
#3531 = EDGE_LOOP ( 'NONE', ( #3407, #1244, #902, #3162 ) ) ;
#3532 = VECTOR ( 'NONE', #681, 1000.000000000000000 ) ;
#3533 = EDGE_CURVE ( 'NONE', #82, #1151, #3386, .T. ) ;
#3534 = VERTEX_POINT ( 'NONE', #2209 ) ;
#3535 = PLANE ( 'NONE',  #3450 ) ;
#3536 = ADVANCED_FACE ( 'NONE', ( #819, #2030, #3117 ), #3137, .F. ) ;
#3537 = DIRECTION ( 'NONE',  ( -1.000000000000000000, 0.000000000000000000, 0.000000000000000000 ) ) ;
#3538 = ORIENTED_EDGE ( 'NONE', *, *, #1014, .T. ) ;
#3539 = LINE ( 'NONE', #3251, #984 ) ;
#3540 = EDGE_LOOP ( 'NONE', ( #2678, #1830, #3481, #2357, #2641, #719, #2105, #2368, #175, #1500 ) ) ;
#3541 = COLOUR_RGB ( '',0.2509803921568627416, 0.2509803921568627416, 0.2509803921568627416 ) ;
#3542 =( GEOMETRIC_REPRESENTATION_CONTEXT ( 3 ) GLOBAL_UNCERTAINTY_ASSIGNED_CONTEXT ( ( #1034 ) ) GLOBAL_UNIT_ASSIGNED_CONTEXT ( ( #1969, #3071, #509 ) ) REPRESENTATION_CONTEXT ( 'NONE', 'WORKASPACE' ) );
#3543 = LINE ( 'NONE', #1579, #1798 ) ;
#3544 =( NAMED_UNIT ( * ) SI_UNIT ( $, .STERADIAN. ) SOLID_ANGLE_UNIT ( ) );
#3545 = CARTESIAN_POINT ( 'NONE',  ( 1.510000000000000453, 1.675000000000000266, 0.5599999999999986100 ) ) ;
#3546 = LINE ( 'NONE', #2692, #1983 ) ;
#3547 = DIRECTION ( 'NONE',  ( -1.000000000000000000, 0.000000000000000000, 3.872150616019658341E-17 ) ) ;
#3548 = PRESENTATION_STYLE_ASSIGNMENT (( #3568 ) ) ;
#3549 = ORIENTED_EDGE ( 'NONE', *, *, #2980, .T. ) ;
#3550 =( NAMED_UNIT ( * ) PLANE_ANGLE_UNIT ( ) SI_UNIT ( $, .RADIAN. ) );
#3551 = CARTESIAN_POINT ( 'NONE',  ( -1.509999999999999787, 1.575000000000000178, 0.5599999999999986100 ) ) ;
#3552 = DIRECTION ( 'NONE',  ( 1.000000000000000000, 0.000000000000000000, 0.000000000000000000 ) ) ;
#3553 = COLOUR_RGB ( '',0.2509803921568627416, 0.2509803921568627416, 0.2509803921568627416 ) ;
#3554 = VECTOR ( 'NONE', #3591, 1000.000000000000114 ) ;
#3555 = ORIENTED_EDGE ( 'NONE', *, *, #12, .F. ) ;
#3556 = CARTESIAN_POINT ( 'NONE',  ( -3.000000000000000444, 2.175000000000000266, 0.8000000000000000444 ) ) ;
#3557 = AXIS2_PLACEMENT_3D ( 'NONE', #1763, #3341, #1941 ) ;
#3558 = LINE ( 'NONE', #3237, #2546 ) ;
#3559 = FILL_AREA_STYLE_COLOUR ( '', #2404 ) ;
#3560 = SURFACE_STYLE_FILL_AREA ( #1273 ) ;
#3561 = CARTESIAN_POINT ( 'NONE',  ( -2.349873922390122161, -1.546059695598515971, 0.5000000000000000000 ) ) ;
#3562 = EDGE_CURVE ( 'NONE', #3507, #3483, #1059, .T. ) ;
#3563 = PRESENTATION_STYLE_ASSIGNMENT (( #1583 ) ) ;
#3564 = CIRCLE ( 'NONE', #3148, 0.2000000000000000944 ) ;
#3565 =( GEOMETRIC_REPRESENTATION_CONTEXT ( 3 ) GLOBAL_UNCERTAINTY_ASSIGNED_CONTEXT ( ( #146 ) ) GLOBAL_UNIT_ASSIGNED_CONTEXT ( ( #3641, #2197, #3336 ) ) REPRESENTATION_CONTEXT ( 'NONE', 'WORKASPACE' ) );
#3566 = EDGE_CURVE ( 'NONE', #1260, #2985, #3456, .T. ) ;
#3567 = CARTESIAN_POINT ( 'NONE',  ( 2.799999999999999378, -1.824999999999999734, 0.000000000000000000 ) ) ;
#3568 = SURFACE_STYLE_USAGE ( .BOTH. , #1335 ) ;
#3569 = VECTOR ( 'NONE', #3744, 1000.000000000000000 ) ;
#3570 = EDGE_LOOP ( 'NONE', ( #2904, #1477, #2970, #2942 ) ) ;
#3571 = COLOUR_RGB ( '',0.2509803921568627416, 0.2509803921568627416, 0.2509803921568627416 ) ;
#3572 =( NAMED_UNIT ( * ) PLANE_ANGLE_UNIT ( ) SI_UNIT ( $, .RADIAN. ) );
#3573 =( NAMED_UNIT ( * ) SI_UNIT ( $, .STERADIAN. ) SOLID_ANGLE_UNIT ( ) );
#3574 = CIRCLE ( 'NONE', #2447, 0.1999999999999998723 ) ;
#3575 = DIRECTION ( 'NONE',  ( 0.000000000000000000, 1.000000000000000000, -0.000000000000000000 ) ) ;
#3576 = ORIENTED_EDGE ( 'NONE', *, *, #1162, .T. ) ;
#3577 = CARTESIAN_POINT ( 'NONE',  ( 1.299999999999999156, 2.475000000000000089, 0.7499999999999998890 ) ) ;
#3578 = PRESENTATION_STYLE_ASSIGNMENT (( #3276 ) ) ;
#3579 = FILL_AREA_STYLE ('',( #2996 ) ) ;
#3580 = EDGE_CURVE ( 'NONE', #2100, #1438, #3564, .T. ) ;
#3581 = CARTESIAN_POINT ( 'NONE',  ( 2.799999999999999378, -1.824999999999999734, 0.000000000000000000 ) ) ;
#3582 = EDGE_CURVE ( 'NONE', #1611, #3234, #2606, .T. ) ;
#3583 = DIRECTION ( 'NONE',  ( 1.000000000000000000, 0.000000000000000000, 0.000000000000000000 ) ) ;
#3584 =( LENGTH_UNIT ( ) NAMED_UNIT ( * ) SI_UNIT ( .MILLI., .METRE. ) );
#3585 = VECTOR ( 'NONE', #1636, 1000.000000000000000 ) ;
#3586 = EDGE_LOOP ( 'NONE', ( #1811, #839, #3706, #898 ) ) ;
#3587 = PLANE ( 'NONE',  #41 ) ;
#3588 = CARTESIAN_POINT ( 'NONE',  ( -3.383493649053891605, -0.9250000000000001554, 0.5000000000000000000 ) ) ;
#3589 = CARTESIAN_POINT ( 'NONE',  ( -3.000000000000000444, 1.575000000000000178, -0.7999999999999997113 ) ) ;
#3590 = VECTOR ( 'NONE', #3299, 1000.000000000000000 ) ;
#3591 = DIRECTION ( 'NONE',  ( 0.8660254037844380415, -0.5000000000000011102, 0.000000000000000000 ) ) ;
#3592 = VERTEX_POINT ( 'NONE', #1960 ) ;
#3593 = DIRECTION ( 'NONE',  ( 1.000000000000000000, 0.000000000000000000, -3.872150616019658341E-17 ) ) ;
#3594 = CARTESIAN_POINT ( 'NONE',  ( -3.000000000000000000, 1.575000000000000178, -1.550000000000000266 ) ) ;
#3595 = SURFACE_SIDE_STYLE ('',( #3016 ) ) ;
#3596 = CARTESIAN_POINT ( 'NONE',  ( 2.833012701892219987, -1.824999999999999956, 0.5000000000000000000 ) ) ;
#3597 = SURFACE_STYLE_FILL_AREA ( #1899 ) ;
#3598 = DIRECTION ( 'NONE',  ( 0.5000000000000014433, -0.8660254037844379305, 0.000000000000000000 ) ) ;
#3599 = MECHANICAL_DESIGN_GEOMETRIC_PRESENTATION_REPRESENTATION (  '', ( #1502 ), #2104 ) ;
#3600 = SURFACE_STYLE_USAGE ( .BOTH. , #3339 ) ;
#3601 = COLOUR_RGB ( '',0.7294117647058823151, 0.3568627450980392246, 0.02352941176470588203 ) ;
#3602 = DIRECTION ( 'NONE',  ( -0.8660254037844382635, -0.5000000000000004441, 0.000000000000000000 ) ) ;
#3603 = FILL_AREA_STYLE ('',( #2715 ) ) ;
#3604 = STYLED_ITEM ( 'NONE', ( #3037 ), #2366 ) ;
#3605 = ORIENTED_EDGE ( 'NONE', *, *, #100, .F. ) ;
#3606 = CARTESIAN_POINT ( 'NONE',  ( 2.999999999999999556, 1.975000000000000089, -0.8000000000000000444 ) ) ;
#3607 = FILL_AREA_STYLE ('',( #3325 ) ) ;
#3608 = VECTOR ( 'NONE', #2268, 1000.000000000000114 ) ;
#3609 = DIRECTION ( 'NONE',  ( 1.000000000000000000, 0.000000000000000000, -0.000000000000000000 ) ) ;
#3610 =( NAMED_UNIT ( * ) PLANE_ANGLE_UNIT ( ) SI_UNIT ( $, .RADIAN. ) );
#3611 = CARTESIAN_POINT ( 'NONE',  ( -3.954149099653018085E-16, -1.824999999999999734, 1.550000000000000488 ) ) ;
#3612 = EDGE_CURVE ( 'NONE', #696, #2484, #889, .T. ) ;
#3613 = ORIENTED_EDGE ( 'NONE', *, *, #219, .T. ) ;
#3614 = PLANE ( 'NONE',  #425 ) ;
#3615 = LINE ( 'NONE', #3678, #1739 ) ;
#3616 = ORIENTED_EDGE ( 'NONE', *, *, #3729, .T. ) ;
#3617 = CARTESIAN_POINT ( 'NONE',  ( 3.037083487540114923, -1.625000000000000222, 0.5000000000000000000 ) ) ;
#3618 = CARTESIAN_POINT ( 'NONE',  ( -3.000000000000000444, 0.000000000000000000, 1.750000000000000000 ) ) ;
#3619 = SURFACE_SIDE_STYLE ('',( #485 ) ) ;
#3620 = PRESENTATION_LAYER_ASSIGNMENT (  '', '', ( #563 ) ) ;
#3621 = LINE ( 'NONE', #2222, #341 ) ;
#3622 = CARTESIAN_POINT ( 'NONE',  ( -2.942869877915757382, 2.117238356887137130, -0.7410049223283268205 ) ) ;
#3623 = STYLED_ITEM ( 'NONE', ( #527 ), #765 ) ;
#3624 = CARTESIAN_POINT ( 'NONE',  ( 0.000000000000000000, -1.824999999999999734, 0.000000000000000000 ) ) ;
#3625 = CARTESIAN_POINT ( 'NONE',  ( -1.100000000000000089, -1.574999999999999734, -1.750000000000000000 ) ) ;
#3626 = AXIS2_PLACEMENT_3D ( 'NONE', #2646, #348, #1511 ) ;
#3627 = ORIENTED_EDGE ( 'NONE', *, *, #564, .F. ) ;
#3628 = COLOUR_RGB ( '',0.2509803921568627416, 0.2509803921568627416, 0.2509803921568627416 ) ;
#3629 = AXIS2_PLACEMENT_3D ( 'NONE', #3433, #1412, #2024 ) ;
#3630 = PRESENTATION_STYLE_ASSIGNMENT (( #1359 ) ) ;
#3631 = CYLINDRICAL_SURFACE ( 'NONE', #3304, 0.1999999999999999833 ) ;
#3632 = DIRECTION ( 'NONE',  ( 0.000000000000000000, 0.000000000000000000, 1.000000000000000000 ) ) ;
#3633 = VERTEX_POINT ( 'NONE', #256 ) ;
#3634 = VECTOR ( 'NONE', #2094, 1000.000000000000000 ) ;
#3635 = VERTEX_POINT ( 'NONE', #571 ) ;
#3636 = CARTESIAN_POINT ( 'NONE',  ( -3.037083487540114923, -1.824999999999999956, 0.5000000000000000000 ) ) ;
#3637 = COLOUR_RGB ( '',0.7294117647058823151, 0.3568627450980392246, 0.02352941176470588203 ) ;
#3638 = EDGE_LOOP ( 'NONE', ( #1168, #25, #2535, #3522 ) ) ;
#3639 = CARTESIAN_POINT ( 'NONE',  ( 2.799999999999999378, -1.574999999999999734, -1.549999999999999378 ) ) ;
#3640 = VECTOR ( 'NONE', #1482, 1000.000000000000000 ) ;
#3641 =( LENGTH_UNIT ( ) NAMED_UNIT ( * ) SI_UNIT ( .MILLI., .METRE. ) );
#3642 = LINE ( 'NONE', #170, #634 ) ;
#3643 = VECTOR ( 'NONE', #1789, 1000.000000000000000 ) ;
#3644 = EDGE_CURVE ( 'NONE', #2743, #3370, #2011, .T. ) ;
#3645 = ORIENTED_EDGE ( 'NONE', *, *, #192, .T. ) ;
#3646 = CARTESIAN_POINT ( 'NONE',  ( -1.309999999999998499, 1.575000000000000178, 0.7600000000000000089 ) ) ;
#3647 = LINE ( 'NONE', #1613, #2416 ) ;
#3648 = LINE ( 'NONE', #157, #2906 ) ;
#3649 = CARTESIAN_POINT ( 'NONE',  ( -3.000000000000000444, 1.675000000000000266, 0.000000000000000000 ) ) ;
#3650 = ORIENTED_EDGE ( 'NONE', *, *, #609, .T. ) ;
#3651 = VECTOR ( 'NONE', #2577, 1000.000000000000000 ) ;
#3652 = FACE_OUTER_BOUND ( 'NONE', #3491, .T. ) ;
#3653 = CARTESIAN_POINT ( 'NONE',  ( 2.349873922390122161, -1.546059695598515971, -0.5000000000000000000 ) ) ;
#3654 = EDGE_LOOP ( 'NONE', ( #679, #660, #1851, #3449 ) ) ;
#3655 = MECHANICAL_DESIGN_GEOMETRIC_PRESENTATION_REPRESENTATION (  '', ( #2466 ), #2530 ) ;
#3656 = FACE_OUTER_BOUND ( 'NONE', #1443, .T. ) ;
#3657 = DIRECTION ( 'NONE',  ( -0.000000000000000000, 0.000000000000000000, -1.000000000000000000 ) ) ;
#3658 = ADVANCED_FACE ( 'NONE', ( #1140 ), #536, .T. ) ;
#3659 =( LENGTH_UNIT ( ) NAMED_UNIT ( * ) SI_UNIT ( .MILLI., .METRE. ) );
#3660 = SURFACE_SIDE_STYLE ('',( #2526 ) ) ;
#3661 = CARTESIAN_POINT ( 'NONE',  ( -2.882815027584381795, 2.163986454404603688, -0.6741587388250078750 ) ) ;
#3662 = DIRECTION ( 'NONE',  ( 0.000000000000000000, 0.000000000000000000, 1.000000000000000000 ) ) ;
#3663 = UNCERTAINTY_MEASURE_WITH_UNIT (LENGTH_MEASURE( 1.000000000000000082E-05 ), #3072, 'distance_accuracy_value', 'NONE');
#3664 = EDGE_CURVE ( 'NONE', #2014, #2743, #3205, .T. ) ;
#3665 = PLANE ( 'NONE',  #5 ) ;
#3666 = EDGE_LOOP ( 'NONE', ( #827, #1595, #2274 ) ) ;
#3667 = LINE ( 'NONE', #2553, #2776 ) ;
#3668 = VECTOR ( 'NONE', #1866, 1000.000000000000000 ) ;
#3669 = SURFACE_STYLE_FILL_AREA ( #2058 ) ;
#3670 = VECTOR ( 'NONE', #358, 1000.000000000000000 ) ;
#3671 = LINE ( 'NONE', #3588, #2963 ) ;
#3672 = DIRECTION ( 'NONE',  ( -0.000000000000000000, -1.000000000000000000, -0.000000000000000000 ) ) ;
#3673 = EDGE_LOOP ( 'NONE', ( #2686, #2607, #2552, #664, #2, #3487, #361, #1990 ) ) ;
#3674 = DIRECTION ( 'NONE',  ( -0.000000000000000000, -1.000000000000000000, -0.000000000000000000 ) ) ;
#3675 = STYLED_ITEM ( 'NONE', ( #3630 ), #2649 ) ;
#3676 = CARTESIAN_POINT ( 'NONE',  ( 3.037083487540114923, -1.824999999999999734, 0.5000000000000000000 ) ) ;
#3677 = PRODUCT_RELATED_PRODUCT_CATEGORY ( 'part', '', ( #569 ) ) ;
#3678 = CARTESIAN_POINT ( 'NONE',  ( -1.499999999999999556, 1.675000000000000266, 0.5499999999999984901 ) ) ;
#3679 = ORIENTED_EDGE ( 'NONE', *, *, #1306, .T. ) ;
#3680 = FILL_AREA_STYLE ('',( #3721 ) ) ;
#3681 = FACE_BOUND ( 'NONE', #2848, .T. ) ;
#3682 = ORIENTED_EDGE ( 'NONE', *, *, #708, .T. ) ;
#3683 = CARTESIAN_POINT ( 'NONE',  ( 3.600000000000001421, -1.050000000000000044, 0.5000000000000000000 ) ) ;
#3684 = FACE_OUTER_BOUND ( 'NONE', #1796, .T. ) ;
#3685 = COLOUR_RGB ( '',0.7294117647058823151, 0.3568627450980392246, 0.02352941176470588203 ) ;
#3686 = CARTESIAN_POINT ( 'NONE',  ( 0.000000000000000000, -1.574999999999999734, 1.750000000000000000 ) ) ;
#3687 = PRESENTATION_LAYER_ASSIGNMENT (  '', '', ( #1587 ) ) ;
#3688 = ADVANCED_FACE ( 'NONE', ( #1189 ), #2411, .F. ) ;
#3689 = EDGE_LOOP ( 'NONE', ( #3421, #2638, #1403, #1473 ) ) ;
#3690 = FACE_OUTER_BOUND ( 'NONE', #2134, .T. ) ;
#3691 = AXIS2_PLACEMENT_3D ( 'NONE', #1236, #49, #1217 ) ;
#3692 = EDGE_CURVE ( 'NONE', #2761, #3033, #628, .T. ) ;
#3693 = CARTESIAN_POINT ( 'NONE',  ( -1.100000000000000089, -1.324999999999999734, 1.750000000000000000 ) ) ;
#3694 =( NAMED_UNIT ( * ) PLANE_ANGLE_UNIT ( ) SI_UNIT ( $, .RADIAN. ) );
#3695 = COLOUR_RGB ( '',0.2509803921568627416, 0.2509803921568627416, 0.2509803921568627416 ) ;
#3696 = ORIENTED_EDGE ( 'NONE', *, *, #1198, .F. ) ;
#3697 = CARTESIAN_POINT ( 'NONE',  ( 3.210288568297002154, -1.725000000000000089, 0.5000000000000000000 ) ) ;
#3698 = STYLED_ITEM ( 'NONE', ( #1662 ), #918 ) ;
#3699 = FACE_OUTER_BOUND ( 'NONE', #2871, .T. ) ;
#3700 = ORIENTED_EDGE ( 'NONE', *, *, #3153, .F. ) ;
#3701 = PLANE ( 'NONE',  #3196 ) ;
#3702 = PRESENTATION_STYLE_ASSIGNMENT (( #1440 ) ) ;
#3703 =( GEOMETRIC_REPRESENTATION_CONTEXT ( 3 ) GLOBAL_UNCERTAINTY_ASSIGNED_CONTEXT ( ( #2977 ) ) GLOBAL_UNIT_ASSIGNED_CONTEXT ( ( #484, #1639, #2486 ) ) REPRESENTATION_CONTEXT ( 'NONE', 'WORKASPACE' ) );
#3704 = UNCERTAINTY_MEASURE_WITH_UNIT (LENGTH_MEASURE( 1.000000000000000082E-05 ), #856, 'distance_accuracy_value', 'NONE');
#3705 = CARTESIAN_POINT ( 'NONE',  ( -1.100000000000000089, -1.574999999999999734, 1.750000000000000000 ) ) ;
#3706 = ORIENTED_EDGE ( 'NONE', *, *, #2330, .T. ) ;
#3707 =( GEOMETRIC_REPRESENTATION_CONTEXT ( 3 ) GLOBAL_UNCERTAINTY_ASSIGNED_CONTEXT ( ( #3395 ) ) GLOBAL_UNIT_ASSIGNED_CONTEXT ( ( #2164, #3309, #1813 ) ) REPRESENTATION_CONTEXT ( 'NONE', 'WORKASPACE' ) );
#3708 = EDGE_CURVE ( 'NONE', #861, #3114, #979, .T. ) ;
#3709 = CARTESIAN_POINT ( 'NONE',  ( 2.800000000000000266, 1.575000000000000178, 1.550000000000000044 ) ) ;
#3710 = ORIENTED_EDGE ( 'NONE', *, *, #2378, .F. ) ;
#3711 = FACE_OUTER_BOUND ( 'NONE', #2361, .T. ) ;
#3712 = EDGE_CURVE ( 'NONE', #311, #2348, #3263, .T. ) ;
#3713 = COLOUR_RGB ( '',0.7921568627450980005, 0.8196078431372548767, 0.9333333333333333481 ) ;
#3714 = CARTESIAN_POINT ( 'NONE',  ( 2.999999999999999556, -1.574999999999999734, -0.5000000000000002220 ) ) ;
#3715 = FILL_AREA_STYLE ('',( #2795 ) ) ;
#3716 = ORIENTED_EDGE ( 'NONE', *, *, #1431, .F. ) ;
#3717 = DIRECTION ( 'NONE',  ( 0.000000000000000000, 0.000000000000000000, -1.000000000000000000 ) ) ;
#3718 = SURFACE_STYLE_FILL_AREA ( #1995 ) ;
#3719 = ORIENTED_EDGE ( 'NONE', *, *, #1283, .F. ) ;
#3720 = FILL_AREA_STYLE_COLOUR ( '', #3695 ) ;
#3721 = FILL_AREA_STYLE_COLOUR ( '', #3637 ) ;
#3722 = EDGE_CURVE ( 'NONE', #3025, #3067, #2063, .T. ) ;
#3723 = VECTOR ( 'NONE', #3366, 1000.000000000000000 ) ;
#3724 = LINE ( 'NONE', #336, #3475 ) ;
#3725 = ORIENTED_EDGE ( 'NONE', *, *, #2054, .T. ) ;
#3726 = PRODUCT_DEFINITION_SHAPE ( 'NONE', 'NONE',  #2351 ) ;
#3727 = LINE ( 'NONE', #2551, #1116 ) ;
#3728 = AXIS2_PLACEMENT_3D ( 'NONE', #2410, #443, #2101 ) ;
#3729 = EDGE_CURVE ( 'NONE', #3416, #3242, #2812, .T. ) ;
#3730 = ORIENTED_EDGE ( 'NONE', *, *, #116, .T. ) ;
#3731 = CYLINDRICAL_SURFACE ( 'NONE', #704, 0.8000000000000000444 ) ;
#3732 = SURFACE_STYLE_USAGE ( .BOTH. , #3136 ) ;
#3733 = CARTESIAN_POINT ( 'NONE',  ( -1.299999999999999600, 2.274999999999999911, -0.5500000000000001554 ) ) ;
#3734 = DIRECTION ( 'NONE',  ( 0.000000000000000000, 1.000000000000000000, 0.000000000000000000 ) ) ;
#3735 = DIRECTION ( 'NONE',  ( 1.000000000000000000, 0.000000000000000000, 0.000000000000000000 ) ) ;
#3736 = COLOUR_RGB ( '',0.2509803921568627416, 0.2509803921568627416, 0.2509803921568627416 ) ;
#3737 = ORIENTED_EDGE ( 'NONE', *, *, #3533, .F. ) ;
#3738 = PRESENTATION_LAYER_ASSIGNMENT (  '', '', ( #552 ) ) ;
#3739 = FILL_AREA_STYLE_COLOUR ( '', #1118 ) ;
#3740 = ORIENTED_EDGE ( 'NONE', *, *, #3035, .T. ) ;
#3741 = EDGE_CURVE ( 'NONE', #3110, #861, #941, .T. ) ;
#3742 = CARTESIAN_POINT ( 'NONE',  ( 5.102127870520026898E-16, -1.824999999999999734, -1.000000000000000666 ) ) ;
#3743 = ORIENTED_EDGE ( 'NONE', *, *, #2545, .F. ) ;
#3744 = DIRECTION ( 'NONE',  ( 0.000000000000000000, 0.000000000000000000, -1.000000000000000000 ) ) ;
ENDSEC;
END-ISO-10303-21;
