ISO-10303-21;
HEADER;
FILE_DESCRIPTION (( 'STEP AP214' ),
    '1' );
FILE_NAME ('CL32A107MPVNNNE.STEP',
    '2025-08-17T20:14:47',
    ( '' ),
    ( '' ),
    'SwSTEP 2.0',
    'SolidWorks 2021',
    '' );
FILE_SCHEMA (( 'AUTOMOTIVE_DESIGN' ));
ENDSEC;

DATA;
#1 = COLOUR_RGB ( '',0.7960784313725489669, 0.8235294117647058432, 0.9372549019607843146 ) ;
#2 = SURFACE_SIDE_STYLE ('',( #1267 ) ) ;
#3 = ORIENTED_EDGE ( 'NONE', *, *, #341, .F. ) ;
#4 = CIRCLE ( 'NONE', #1378, 0.04000000000000010492 ) ;
#5 = AXIS2_PLACEMENT_3D ( 'NONE', #1675, #1471, #351 ) ;
#6 =( NAMED_UNIT ( * ) PLANE_ANGLE_UNIT ( ) SI_UNIT ( $, .RADIAN. ) );
#7 = CARTESIAN_POINT ( 'NONE',  ( 0.000000000000000000, 2.719999999999999751, 1.169999999999999707 ) ) ;
#8 =( LENGTH_UNIT ( ) NAMED_UNIT ( * ) SI_UNIT ( .MILLI., .METRE. ) );
#9 = ADVANCED_FACE ( 'NONE', ( #1370 ), #715, .T. ) ;
#10 = VECTOR ( 'NONE', #877, 1000.000000000000000 ) ;
#11 = FILL_AREA_STYLE ('',( #1465 ) ) ;
#12 = AXIS2_PLACEMENT_3D ( 'NONE', #1500, #837, #872 ) ;
#13 = DIRECTION ( 'NONE',  ( 1.000000000000000000, 0.000000000000000000, 0.000000000000000000 ) ) ;
#14 =( NAMED_UNIT ( * ) PLANE_ANGLE_UNIT ( ) SI_UNIT ( $, .RADIAN. ) );
#15 = ORIENTED_EDGE ( 'NONE', *, *, #341, .T. ) ;
#16 = CARTESIAN_POINT ( 'NONE',  ( -1.040000000000000036, 2.719999999999999751, 1.249999999999999778 ) ) ;
#17 = EDGE_CURVE ( 'NONE', #1663, #1252, #434, .T. ) ;
#18 = PLANE ( 'NONE',  #1546 ) ;
#19 =( LENGTH_UNIT ( ) NAMED_UNIT ( * ) SI_UNIT ( .MILLI., .METRE. ) );
#20 = FILL_AREA_STYLE ('',( #1467 ) ) ;
#21 = CARTESIAN_POINT ( 'NONE',  ( 1.000000000000000000, 2.799999999999999822, -1.209999999999999520 ) ) ;
#22 = ORIENTED_EDGE ( 'NONE', *, *, #17, .F. ) ;
#23 = DIRECTION ( 'NONE',  ( 0.000000000000000000, -1.000000000000000000, 0.000000000000000000 ) ) ;
#24 = DIRECTION ( 'NONE',  ( -1.000000000000000000, -0.000000000000000000, 8.673617379884039170E-17 ) ) ;
#25 = ORIENTED_EDGE ( 'NONE', *, *, #367, .F. ) ;
#26 = CARTESIAN_POINT ( 'NONE',  ( -1.000000000000000000, 2.799999999999999822, -1.249999999999999556 ) ) ;
#27 = PRESENTATION_STYLE_ASSIGNMENT (( #979 ) ) ;
#28 = ORIENTED_EDGE ( 'NONE', *, *, #188, .T. ) ;
#29 = CARTESIAN_POINT ( 'NONE',  ( -1.520000000000000240, 2.719999999999999751, -1.169999999999999707 ) ) ;
#30 = COLOUR_RGB ( '',0.6901960784313725394, 0.5333333333333333259, 0.2784313725490196179 ) ;
#31 = EDGE_CURVE ( 'NONE', #1280, #1987, #2036, .T. ) ;
#32 = VECTOR ( 'NONE', #1861, 1000.000000000000000 ) ;
#33 = EDGE_LOOP ( 'NONE', ( #994, #975, #720, #1691 ) ) ;
#34 = CIRCLE ( 'NONE', #942, 0.04000000000000010492 ) ;
#35 = CARTESIAN_POINT ( 'NONE',  ( 1.519999999999999796, 0.08000000000000020983, 1.169999999999999707 ) ) ;
#36 = VECTOR ( 'NONE', #292, 1000.000000000000000 ) ;
#37 = FILL_AREA_STYLE_COLOUR ( '', #506 ) ;
#38 = ORIENTED_EDGE ( 'NONE', *, *, #353, .T. ) ;
#39 = PRESENTATION_LAYER_ASSIGNMENT (  '', '', ( #1175 ) ) ;
#40 = FACE_OUTER_BOUND ( 'NONE', #791, .T. ) ;
#41 = VERTEX_POINT ( 'NONE', #1704 ) ;
#42 = PRESENTATION_LAYER_ASSIGNMENT (  '', '', ( #1590 ) ) ;
#43 = VECTOR ( 'NONE', #1916, 1000.000000000000000 ) ;
#44 = CARTESIAN_POINT ( 'NONE',  ( 1.600000000000000089, 0.08000000000000020983, -1.169999999999999707 ) ) ;
#45 = EDGE_CURVE ( 'NONE', #568, #503, #574, .T. ) ;
#46 = DIRECTION ( 'NONE',  ( 1.000000000000000000, 0.000000000000000000, -0.000000000000000000 ) ) ;
#47 = DIRECTION ( 'NONE',  ( 0.000000000000000000, 0.000000000000000000, 1.000000000000000000 ) ) ;
#48 = VERTEX_POINT ( 'NONE', #1855 ) ;
#49 = DIRECTION ( 'NONE',  ( 0.000000000000000000, 0.000000000000000000, -1.000000000000000000 ) ) ;
#50 = FILL_AREA_STYLE ('',( #1829 ) ) ;
#51 = FACE_OUTER_BOUND ( 'NONE', #1057, .T. ) ;
#52 =( NAMED_UNIT ( * ) SI_UNIT ( $, .STERADIAN. ) SOLID_ANGLE_UNIT ( ) );
#53 = ORIENTED_EDGE ( 'NONE', *, *, #709, .F. ) ;
#54 = DIRECTION ( 'NONE',  ( -1.000000000000000000, 0.000000000000000000, 0.000000000000000000 ) ) ;
#55 = DIRECTION ( 'NONE',  ( 0.000000000000000000, 0.000000000000000000, 1.000000000000000000 ) ) ;
#56 = DIRECTION ( 'NONE',  ( -0.000000000000000000, 1.000000000000000000, -0.000000000000000000 ) ) ;
#57 = APPLICATION_CONTEXT ( 'automotive_design' ) ;
#58 = ORIENTED_EDGE ( 'NONE', *, *, #1307, .F. ) ;
#59 = DIRECTION ( 'NONE',  ( 8.673617379884036705E-17, 0.000000000000000000, -1.000000000000000000 ) ) ;
#60 = LINE ( 'NONE', #1988, #1756 ) ;
#61 = ORIENTED_EDGE ( 'NONE', *, *, #1874, .F. ) ;
#62 = EDGE_CURVE ( 'NONE', #1739, #355, #403, .T. ) ;
#63 = CARTESIAN_POINT ( 'NONE',  ( 0.000000000000000000, 0.000000000000000000, 0.000000000000000000 ) ) ;
#64 = CYLINDRICAL_SURFACE ( 'NONE', #2056, 0.07999999999999998779 ) ;
#65 = ORIENTED_EDGE ( 'NONE', *, *, #411, .F. ) ;
#66 = DIRECTION ( 'NONE',  ( 0.000000000000000000, 0.000000000000000000, 1.000000000000000000 ) ) ;
#67 = FACE_OUTER_BOUND ( 'NONE', #157, .T. ) ;
#68 = ORIENTED_EDGE ( 'NONE', *, *, #564, .F. ) ;
#69 = AXIS2_PLACEMENT_3D ( 'NONE', #583, #1853, #306 ) ;
#70 = CARTESIAN_POINT ( 'NONE',  ( -1.519999999999999796, 0.08000000000000000167, 1.169999999999999707 ) ) ;
#71 = ORIENTED_EDGE ( 'NONE', *, *, #1889, .T. ) ;
#72 = STYLED_ITEM ( 'NONE', ( #1138 ), #795 ) ;
#73 = AXIS2_PLACEMENT_3D ( 'NONE', #7, #1597, #1891 ) ;
#74 = FILL_AREA_STYLE ('',( #1998 ) ) ;
#75 = CARTESIAN_POINT ( 'NONE',  ( -1.000000000000000000, 2.719999999999999751, 1.169999999999999707 ) ) ;
#76 = ORIENTED_EDGE ( 'NONE', *, *, #441, .T. ) ;
#77 = EDGE_CURVE ( 'NONE', #1851, #1434, #1901, .T. ) ;
#78 = MANIFOLD_SOLID_BREP ( 'Boss-Extrude2', #137 ) ;
#79 = EDGE_CURVE ( 'NONE', #655, #1357, #1204, .T. ) ;
#80 = VECTOR ( 'NONE', #535, 1000.000000000000000 ) ;
#81 = UNCERTAINTY_MEASURE_WITH_UNIT (LENGTH_MEASURE( 1.000000000000000082E-05 ), #1351, 'distance_accuracy_value', 'NONE');
#82 = PRESENTATION_LAYER_ASSIGNMENT (  '', '', ( #1880 ) ) ;
#83 = SURFACE_STYLE_USAGE ( .BOTH. , #1520 ) ;
#84 = CIRCLE ( 'NONE', #345, 0.07999999999999998779 ) ;
#85 = ORIENTED_EDGE ( 'NONE', *, *, #1852, .T. ) ;
#86 =( NAMED_UNIT ( * ) PLANE_ANGLE_UNIT ( ) SI_UNIT ( $, .RADIAN. ) );
#87 = SURFACE_SIDE_STYLE ('',( #219 ) ) ;
#88 = VERTEX_POINT ( 'NONE', #323 ) ;
#89 = ADVANCED_FACE ( 'NONE', ( #1148 ), #644, .F. ) ;
#90 = DIRECTION ( 'NONE',  ( -1.000000000000000000, -0.000000000000000000, -0.000000000000000000 ) ) ;
#91 = DIRECTION ( 'NONE',  ( 0.000000000000000000, 0.000000000000000000, 1.000000000000000000 ) ) ;
#92 = ORIENTED_EDGE ( 'NONE', *, *, #1812, .T. ) ;
#93 = DIRECTION ( 'NONE',  ( -1.000000000000000000, -0.000000000000000000, -0.000000000000000000 ) ) ;
#94 = VERTEX_POINT ( 'NONE', #186 ) ;
#95 = CARTESIAN_POINT ( 'NONE',  ( 1.519999999999999796, 2.719999999999999751, 1.169999999999999707 ) ) ;
#96 = ORIENTED_EDGE ( 'NONE', *, *, #236, .F. ) ;
#97 = CARTESIAN_POINT ( 'NONE',  ( 1.000000000000000000, 0.08000000000000020983, -1.169999999999999707 ) ) ;
#98 = DIRECTION ( 'NONE',  ( 1.000000000000000000, 0.000000000000000000, 0.000000000000000000 ) ) ;
#99 = VERTEX_POINT ( 'NONE', #1438 ) ;
#100 = UNCERTAINTY_MEASURE_WITH_UNIT (LENGTH_MEASURE( 1.000000000000000082E-05 ), #1485, 'distance_accuracy_value', 'NONE');
#101 = FACE_OUTER_BOUND ( 'NONE', #614, .T. ) ;
#102 = CARTESIAN_POINT ( 'NONE',  ( 1.520000000000000018, 0.000000000000000000, -1.169999999999999707 ) ) ;
#103 = DIRECTION ( 'NONE',  ( 0.000000000000000000, -1.000000000000000000, 0.000000000000000000 ) ) ;
#104 = ORIENTED_EDGE ( 'NONE', *, *, #395, .F. ) ;
#105 = AXIS2_PLACEMENT_3D ( 'NONE', #344, #160, #797 ) ;
#106 = CARTESIAN_POINT ( 'NONE',  ( -1.000000000000000000, 2.719999999999999751, 1.209999999999999964 ) ) ;
#107 = CARTESIAN_POINT ( 'NONE',  ( 1.000000000102736486, 2.719999999999999751, 1.209999999999999964 ) ) ;
#108 = AXIS2_PLACEMENT_3D ( 'NONE', #1890, #300, #462 ) ;
#109 = CARTESIAN_POINT ( 'NONE',  ( 1.520000000000000018, 2.799999999999999822, 1.249999999999999778 ) ) ;
#110 = ORIENTED_EDGE ( 'NONE', *, *, #133, .F. ) ;
#111 = CIRCLE ( 'NONE', #1938, 0.04000000000000010492 ) ;
#112 = DIRECTION ( 'NONE',  ( 0.000000000000000000, -1.000000000000000000, 0.000000000000000000 ) ) ;
#113 = COLOUR_RGB ( '',0.7960784313725489669, 0.8235294117647058432, 0.9372549019607843146 ) ;
#114 = VECTOR ( 'NONE', #619, 1000.000000000000000 ) ;
#115 = FACE_OUTER_BOUND ( 'NONE', #1778, .T. ) ;
#116 = COLOUR_RGB ( '',0.7960784313725489669, 0.8235294117647058432, 0.9372549019607843146 ) ;
#117 = EDGE_CURVE ( 'NONE', #1483, #1836, #473, .T. ) ;
#118 = FILL_AREA_STYLE ('',( #1210 ) ) ;
#119 = EDGE_LOOP ( 'NONE', ( #853, #313, #1326, #1568 ) ) ;
#120 =( GEOMETRIC_REPRESENTATION_CONTEXT ( 3 ) GLOBAL_UNCERTAINTY_ASSIGNED_CONTEXT ( ( #1563 ) ) GLOBAL_UNIT_ASSIGNED_CONTEXT ( ( #1197, #374, #1348 ) ) REPRESENTATION_CONTEXT ( 'NONE', 'WORKASPACE' ) );
#121 = DIRECTION ( 'NONE',  ( -0.000000000000000000, -0.000000000000000000, 1.000000000000000000 ) ) ;
#122 = DIRECTION ( 'NONE',  ( 0.000000000000000000, 1.000000000000000000, 0.000000000000000000 ) ) ;
#123 =( LENGTH_UNIT ( ) NAMED_UNIT ( * ) SI_UNIT ( .MILLI., .METRE. ) );
#124 = EDGE_LOOP ( 'NONE', ( #1193, #850, #1286 ) ) ;
#125 =( LENGTH_UNIT ( ) NAMED_UNIT ( * ) SI_UNIT ( .MILLI., .METRE. ) );
#126 = DIRECTION ( 'NONE',  ( 8.673617379884036705E-17, -0.000000000000000000, 1.000000000000000000 ) ) ;
#127 = ORIENTED_EDGE ( 'NONE', *, *, #1993, .T. ) ;
#128 = DIRECTION ( 'NONE',  ( -8.673617379884036705E-17, 0.000000000000000000, 1.000000000000000000 ) ) ;
#129 = CARTESIAN_POINT ( 'NONE',  ( 1.520000000000000240, 2.719999999999999751, -1.169999999999999707 ) ) ;
#130 = EDGE_CURVE ( 'NONE', #1826, #1944, #1972, .T. ) ;
#131 = DIRECTION ( 'NONE',  ( -0.000000000000000000, -0.000000000000000000, 1.000000000000000000 ) ) ;
#132 = DIRECTION ( 'NONE',  ( 0.000000000000000000, 0.000000000000000000, 1.000000000000000000 ) ) ;
#133 = EDGE_CURVE ( 'NONE', #517, #1532, #368, .T. ) ;
#134 = DIRECTION ( 'NONE',  ( -0.000000000000000000, 1.000000000000000000, -0.000000000000000000 ) ) ;
#135 =( NAMED_UNIT ( * ) PLANE_ANGLE_UNIT ( ) SI_UNIT ( $, .RADIAN. ) );
#136 = EDGE_LOOP ( 'NONE', ( #1928, #1710, #707, #1404 ) ) ;
#137 = CLOSED_SHELL ( 'NONE', ( #545, #1418, #1407, #1466, #645, #1962, #1283, #860, #1645, #9 ) ) ;
#138 = DIRECTION ( 'NONE',  ( 0.000000000000000000, 0.000000000000000000, -1.000000000000000000 ) ) ;
#139 = CYLINDRICAL_SURFACE ( 'NONE', #73, 0.07999999999999998779 ) ;
#140 = CARTESIAN_POINT ( 'NONE',  ( -1.520000000000000018, 2.799999999999999822, -1.169999999999999707 ) ) ;
#141 = VECTOR ( 'NONE', #1393, 1000.000000000000000 ) ;
#142 = CARTESIAN_POINT ( 'NONE',  ( 1.040000000000000036, 2.799999999999999822, 1.209999999999999964 ) ) ;
#143 = ADVANCED_FACE ( 'NONE', ( #1780 ), #18, .F. ) ;
#144 = MECHANICAL_DESIGN_GEOMETRIC_PRESENTATION_REPRESENTATION (  '', ( #696 ), #1270 ) ;
#145 = AXIS2_PLACEMENT_3D ( 'NONE', #1899, #1613, #1103 ) ;
#146 = FILL_AREA_STYLE_COLOUR ( '', #1448 ) ;
#147 = COLOUR_RGB ( '',0.7960784313725489669, 0.8235294117647058432, 0.9372549019607843146 ) ;
#148 = CARTESIAN_POINT ( 'NONE',  ( 0.000000000000000000, 2.799999999999999822, 0.000000000000000000 ) ) ;
#149 = COLOUR_RGB ( '',0.7921568627450980005, 0.8196078431372548767, 0.9333333333333333481 ) ;
#150 = FILL_AREA_STYLE ('',( #938 ) ) ;
#151 = EDGE_LOOP ( 'NONE', ( #68, #231, #1033, #873, #61, #1295, #1088, #681 ) ) ;
#152 = AXIS2_PLACEMENT_3D ( 'NONE', #815, #2076, #988 ) ;
#153 = DIRECTION ( 'NONE',  ( 0.000000000000000000, 0.000000000000000000, 1.000000000000000000 ) ) ;
#154 = LINE ( 'NONE', #1282, #1564 ) ;
#155 = VECTOR ( 'NONE', #1767, 1000.000000000000000 ) ;
#156 = ADVANCED_FACE ( 'NONE', ( #485 ), #1481, .T. ) ;
#157 = EDGE_LOOP ( 'NONE', ( #590, #1366, #1639, #173 ) ) ;
#158 = FILL_AREA_STYLE ('',( #321 ) ) ;
#159 = CARTESIAN_POINT ( 'NONE',  ( -1.519999999999999796, 0.000000000000000000, 1.169999999999999707 ) ) ;
#160 = DIRECTION ( 'NONE',  ( -0.000000000000000000, -1.000000000000000000, -0.000000000000000000 ) ) ;
#161 = DIRECTION ( 'NONE',  ( -0.000000000000000000, 1.000000000000000000, -0.000000000000000000 ) ) ;
#162 = SURFACE_STYLE_USAGE ( .BOTH. , #2 ) ;
#163 = ORIENTED_EDGE ( 'NONE', *, *, #301, .T. ) ;
#164 = ADVANCED_FACE ( 'NONE', ( #1024 ), #1316, .T. ) ;
#165 = PRESENTATION_STYLE_ASSIGNMENT (( #1487 ) ) ;
#166 = FILL_AREA_STYLE ('',( #958 ) ) ;
#167 = FILL_AREA_STYLE ('',( #1631 ) ) ;
#168 = FACE_OUTER_BOUND ( 'NONE', #813, .T. ) ;
#169 = STYLED_ITEM ( 'NONE', ( #2067 ), #768 ) ;
#170 = EDGE_CURVE ( 'NONE', #1905, #582, #968, .T. ) ;
#171 = FILL_AREA_STYLE ('',( #1257 ) ) ;
#172 = ADVANCED_FACE ( 'NONE', ( #520 ), #551, .T. ) ;
#173 = ORIENTED_EDGE ( 'NONE', *, *, #1114, .T. ) ;
#174 = AXIS2_PLACEMENT_3D ( 'NONE', #190, #1004, #855 ) ;
#175 = SURFACE_STYLE_USAGE ( .BOTH. , #1261 ) ;
#176 = DIRECTION ( 'NONE',  ( 0.000000000000000000, 0.000000000000000000, 1.000000000000000000 ) ) ;
#177 = CIRCLE ( 'NONE', #1752, 0.07999999999999998779 ) ;
#178 =( NAMED_UNIT ( * ) PLANE_ANGLE_UNIT ( ) SI_UNIT ( $, .RADIAN. ) );
#179 = AXIS2_PLACEMENT_3D ( 'NONE', #1670, #1810, #402 ) ;
#180 = CARTESIAN_POINT ( 'NONE',  ( -1.000000000000000000, 2.799999999999999822, 1.209999999999999964 ) ) ;
#181 = SURFACE_SIDE_STYLE ('',( #525 ) ) ;
#182 = ORIENTED_EDGE ( 'NONE', *, *, #1623, .F. ) ;
#183 = DIRECTION ( 'NONE',  ( -1.000000000000000000, -0.000000000000000000, 8.673617379884039170E-17 ) ) ;
#184 = SURFACE_SIDE_STYLE ('',( #1751 ) ) ;
#185 = ORIENTED_EDGE ( 'NONE', *, *, #1852, .F. ) ;
#186 = CARTESIAN_POINT ( 'NONE',  ( -1.600000000000000089, 2.719999999999999751, -1.169999999999999707 ) ) ;
#187 = EDGE_LOOP ( 'NONE', ( #1596, #1931, #71, #585 ) ) ;
#188 = EDGE_CURVE ( 'NONE', #1357, #1319, #1990, .T. ) ;
#189 = DIRECTION ( 'NONE',  ( -1.000000000000000000, -0.000000000000000000, 8.673617379884039170E-17 ) ) ;
#190 = CARTESIAN_POINT ( 'NONE',  ( -1.520000000000000018, 0.08000000000000000167, -1.169999999999999707 ) ) ;
#191 = EDGE_LOOP ( 'NONE', ( #639, #1980, #1671 ) ) ;
#192 = SURFACE_SIDE_STYLE ('',( #1324 ) ) ;
#193 = CARTESIAN_POINT ( 'NONE',  ( 1.000000000000000000, 0.08000000000000020983, 1.209999999999999964 ) ) ;
#194 = ORIENTED_EDGE ( 'NONE', *, *, #1601, .F. ) ;
#195 =( NAMED_UNIT ( * ) PLANE_ANGLE_UNIT ( ) SI_UNIT ( $, .RADIAN. ) );
#196 =( NAMED_UNIT ( * ) PLANE_ANGLE_UNIT ( ) SI_UNIT ( $, .RADIAN. ) );
#197 = ORIENTED_EDGE ( 'NONE', *, *, #1424, .T. ) ;
#198 = EDGE_CURVE ( 'NONE', #983, #556, #1000, .T. ) ;
#199 = CIRCLE ( 'NONE', #238, 0.04000000000000010492 ) ;
#200 = DIRECTION ( 'NONE',  ( -1.000000000000000000, -0.000000000000000000, -0.000000000000000000 ) ) ;
#201 = CARTESIAN_POINT ( 'NONE',  ( 1.519999999999999796, 0.08000000000000020983, 1.169999999999999707 ) ) ;
#202 = ORIENTED_EDGE ( 'NONE', *, *, #1110, .F. ) ;
#203 = PRESENTATION_LAYER_ASSIGNMENT (  '', '', ( #169 ) ) ;
#204 = DIRECTION ( 'NONE',  ( -1.000000000000000000, -2.710505431213753985E-15, 0.000000000000000000 ) ) ;
#205 = CIRCLE ( 'NONE', #570, 0.07999999999999998779 ) ;
#206 = VERTEX_POINT ( 'NONE', #361 ) ;
#207 = CARTESIAN_POINT ( 'NONE',  ( 0.000000000000000000, 0.000000000000000000, -1.169999999999999707 ) ) ;
#208 = ORIENTED_EDGE ( 'NONE', *, *, #236, .T. ) ;
#209 = VECTOR ( 'NONE', #1856, 1000.000000000000000 ) ;
#210 = AXIS2_PLACEMENT_3D ( 'NONE', #257, #1183, #1166 ) ;
#211 = SPHERICAL_SURFACE ( 'NONE', #537, 0.08000000000000000167 ) ;
#212 = PRESENTATION_LAYER_ASSIGNMENT (  '', '', ( #1380 ) ) ;
#213 = EDGE_CURVE ( 'NONE', #1184, #2063, #995, .T. ) ;
#214 = PLANE ( 'NONE',  #566 ) ;
#215 = DIRECTION ( 'NONE',  ( 0.000000000000000000, -1.000000000000000000, -0.000000000000000000 ) ) ;
#216 = ORIENTED_EDGE ( 'NONE', *, *, #385, .F. ) ;
#217 = ADVANCED_FACE ( 'NONE', ( #51 ), #1903, .T. ) ;
#218 = DIRECTION ( 'NONE',  ( -1.000000000000000000, 0.000000000000000000, 0.000000000000000000 ) ) ;
#219 = SURFACE_STYLE_FILL_AREA ( #50 ) ;
#220 = EDGE_LOOP ( 'NONE', ( #1315, #735, #1626, #405 ) ) ;
#221 =( NAMED_UNIT ( * ) SI_UNIT ( $, .STERADIAN. ) SOLID_ANGLE_UNIT ( ) );
#222 = DIRECTION ( 'NONE',  ( -0.000000000000000000, -1.000000000000000000, -0.000000000000000000 ) ) ;
#223 = ORIENTED_EDGE ( 'NONE', *, *, #934, .F. ) ;
#224 = UNCERTAINTY_MEASURE_WITH_UNIT (LENGTH_MEASURE( 1.000000000000000082E-05 ), #1757, 'distance_accuracy_value', 'NONE');
#225 = DIRECTION ( 'NONE',  ( 0.000000000000000000, 0.000000000000000000, 1.000000000000000000 ) ) ;
#226 = FACE_OUTER_BOUND ( 'NONE', #832, .T. ) ;
#227 = ORIENTED_EDGE ( 'NONE', *, *, #1259, .T. ) ;
#228 = CARTESIAN_POINT ( 'NONE',  ( -1.000000000000000000, 0.04000000000000016043, 1.169999999999999707 ) ) ;
#229 = CARTESIAN_POINT ( 'NONE',  ( 1.000000000000000000, 0.04000000000000010492, -1.169999999999999707 ) ) ;
#230 = EDGE_CURVE ( 'NONE', #206, #41, #1074, .T. ) ;
#231 = ORIENTED_EDGE ( 'NONE', *, *, #731, .F. ) ;
#232 = CARTESIAN_POINT ( 'NONE',  ( 1.520000000000000018, 2.719999999999999751, 1.318389841742373638E-16 ) ) ;
#233 = SPHERICAL_SURFACE ( 'NONE', #1112, 0.08000000000000000167 ) ;
#234 = VERTEX_POINT ( 'NONE', #1367 ) ;
#235 = SURFACE_STYLE_FILL_AREA ( #404 ) ;
#236 = EDGE_CURVE ( 'NONE', #1052, #1184, #1213, .T. ) ;
#237 = ORIENTED_EDGE ( 'NONE', *, *, #1146, .F. ) ;
#238 = AXIS2_PLACEMENT_3D ( 'NONE', #274, #1096, #1711 ) ;
#239 = EDGE_CURVE ( 'NONE', #1789, #305, #199, .T. ) ;
#240 = DIRECTION ( 'NONE',  ( 0.000000000000000000, -2.316671308729711035E-17, -1.000000000000000000 ) ) ;
#241 = ORIENTED_EDGE ( 'NONE', *, *, #1273, .T. ) ;
#242 = AXIS2_PLACEMENT_3D ( 'NONE', #312, #1600, #132 ) ;
#243 = VECTOR ( 'NONE', #828, 1000.000000000000000 ) ;
#244 = DIRECTION ( 'NONE',  ( 0.000000000000000000, -1.000000000000000000, 0.000000000000000000 ) ) ;
#245 = DIRECTION ( 'NONE',  ( -1.000000000000000000, 0.000000000000000000, 0.000000000000000000 ) ) ;
#246 = VERTEX_POINT ( 'NONE', #571 ) ;
#247 = STYLED_ITEM ( 'NONE', ( #1462 ), #1030 ) ;
#248 = MECHANICAL_DESIGN_GEOMETRIC_PRESENTATION_REPRESENTATION (  '', ( #1719 ), #1782 ) ;
#249 = UNCERTAINTY_MEASURE_WITH_UNIT (LENGTH_MEASURE( 1.000000000000000082E-05 ), #738, 'distance_accuracy_value', 'NONE');
#250 = CIRCLE ( 'NONE', #1947, 0.07999999999999998779 ) ;
#251 = CARTESIAN_POINT ( 'NONE',  ( 1.000000000000000000, 2.759999999999999787, -1.169999999999999707 ) ) ;
#252 = VECTOR ( 'NONE', #1230, 1000.000000000000000 ) ;
#253 = VERTEX_POINT ( 'NONE', #1241 ) ;
#254 =( NAMED_UNIT ( * ) SI_UNIT ( $, .STERADIAN. ) SOLID_ANGLE_UNIT ( ) );
#255 = ORIENTED_EDGE ( 'NONE', *, *, #133, .T. ) ;
#256 = FACE_OUTER_BOUND ( 'NONE', #119, .T. ) ;
#257 = CARTESIAN_POINT ( 'NONE',  ( 1.040000000000000036, 0.08000000000000020983, -1.209999999999999742 ) ) ;
#258 = EDGE_LOOP ( 'NONE', ( #1167, #426, #1461, #666 ) ) ;
#259 = EDGE_CURVE ( 'NONE', #1789, #1026, #615, .T. ) ;
#260 = CARTESIAN_POINT ( 'NONE',  ( 0.9999999999763531378, 0.04000000000000016043, 1.169999999956631731 ) ) ;
#261 =( NAMED_UNIT ( * ) SI_UNIT ( $, .STERADIAN. ) SOLID_ANGLE_UNIT ( ) );
#262 =( NAMED_UNIT ( * ) SI_UNIT ( $, .STERADIAN. ) SOLID_ANGLE_UNIT ( ) );
#263 = ORIENTED_EDGE ( 'NONE', *, *, #1340, .T. ) ;
#264 = LINE ( 'NONE', #1869, #2010 ) ;
#265 = LINE ( 'NONE', #1066, #409 ) ;
#266 = CARTESIAN_POINT ( 'NONE',  ( 500000.0000000000582, 2.719999999999999751, 1.169999999956631731 ) ) ;
#267 = LINE ( 'NONE', #1574, #1655 ) ;
#268 = EDGE_CURVE ( 'NONE', #1532, #989, #1569, .T. ) ;
#269 =( GEOMETRIC_REPRESENTATION_CONTEXT ( 3 ) GLOBAL_UNCERTAINTY_ASSIGNED_CONTEXT ( ( #864 ) ) GLOBAL_UNIT_ASSIGNED_CONTEXT ( ( #1965, #1360, #690 ) ) REPRESENTATION_CONTEXT ( 'NONE', 'WORKASPACE' ) );
#270 = FILL_AREA_STYLE_COLOUR ( '', #1083 ) ;
#271 = DIRECTION ( 'NONE',  ( 0.000000000000000000, 0.000000000000000000, -1.000000000000000000 ) ) ;
#272 = ORIENTED_EDGE ( 'NONE', *, *, #239, .F. ) ;
#273 = STYLED_ITEM ( 'NONE', ( #165 ), #450 ) ;
#274 = CARTESIAN_POINT ( 'NONE',  ( -1.040000000000000036, 2.719999999999999751, 1.209999999999999742 ) ) ;
#275 = DIRECTION ( 'NONE',  ( -1.000000000000000000, 0.000000000000000000, 0.000000000000000000 ) ) ;
#276 = COLOUR_RGB ( '',0.7960784313725489669, 0.8235294117647058432, 0.9372549019607843146 ) ;
#277 = CARTESIAN_POINT ( 'NONE',  ( -1.519999999999999796, 0.08000000000000020983, 1.169999999999999707 ) ) ;
#278 = ORIENTED_EDGE ( 'NONE', *, *, #787, .F. ) ;
#279 = PRODUCT_DEFINITION_CONTEXT ( 'detailed design', #57, 'design' ) ;
#280 = CIRCLE ( 'NONE', #533, 0.04000000000000010492 ) ;
#281 = SURFACE_STYLE_FILL_AREA ( #2039 ) ;
#282 = MECHANICAL_DESIGN_GEOMETRIC_PRESENTATION_REPRESENTATION (  '', ( #1209 ), #2016 ) ;
#283 = VECTOR ( 'NONE', #1709, 1000.000000000000000 ) ;
#284 = DIRECTION ( 'NONE',  ( 0.000000000000000000, 0.000000000000000000, 1.000000000000000000 ) ) ;
#285 = CIRCLE ( 'NONE', #2020, 0.04000000000000010492 ) ;
#286 = SURFACE_STYLE_FILL_AREA ( #1086 ) ;
#287 = DIRECTION ( 'NONE',  ( -1.000000000000000000, 0.000000000000000000, 0.000000000000000000 ) ) ;
#288 = ORIENTED_EDGE ( 'NONE', *, *, #497, .T. ) ;
#289 = PRODUCT_DEFINITION ( 'UNKNOWN', '', #1305, #279 ) ;
#290 = CIRCLE ( 'NONE', #316, 0.04000000000000010492 ) ;
#291 = CARTESIAN_POINT ( 'NONE',  ( 1.040000000000000036, 0.08000000000000020983, 1.209999999999999742 ) ) ;
#292 = DIRECTION ( 'NONE',  ( -1.000000000000000000, 0.000000000000000000, 0.000000000000000000 ) ) ;
#293 = CARTESIAN_POINT ( 'NONE',  ( 1.000000000000000000, 0.08000000000000020983, -1.209999999999999742 ) ) ;
#294 = EDGE_LOOP ( 'NONE', ( #1159, #1014, #1179, #1498 ) ) ;
#295 = LINE ( 'NONE', #1073, #765 ) ;
#296 = DIRECTION ( 'NONE',  ( 0.000000000000000000, 0.000000000000000000, 1.000000000000000000 ) ) ;
#297 =( NAMED_UNIT ( * ) SI_UNIT ( $, .STERADIAN. ) SOLID_ANGLE_UNIT ( ) );
#298 = ORIENTED_EDGE ( 'NONE', *, *, #1354, .F. ) ;
#299 = EDGE_CURVE ( 'NONE', #88, #1905, #453, .T. ) ;
#300 = DIRECTION ( 'NONE',  ( 0.000000000000000000, 0.000000000000000000, 1.000000000000000000 ) ) ;
#301 = EDGE_CURVE ( 'NONE', #1064, #1995, #631, .T. ) ;
#302 =( NAMED_UNIT ( * ) SI_UNIT ( $, .STERADIAN. ) SOLID_ANGLE_UNIT ( ) );
#303 = CARTESIAN_POINT ( 'NONE',  ( -1.599999999999999867, 0.08000000000000020983, 1.169999999999999707 ) ) ;
#304 =( NAMED_UNIT ( * ) PLANE_ANGLE_UNIT ( ) SI_UNIT ( $, .RADIAN. ) );
#305 = VERTEX_POINT ( 'NONE', #106 ) ;
#306 = DIRECTION ( 'NONE',  ( 0.000000000000000000, 0.000000000000000000, 1.000000000000000000 ) ) ;
#307 = DIRECTION ( 'NONE',  ( 1.000000000000000000, 0.000000000000000000, 0.000000000000000000 ) ) ;
#308 = ADVANCED_FACE ( 'NONE', ( #1384 ), #796, .T. ) ;
#309 = CIRCLE ( 'NONE', #1839, 0.04000000000000010492 ) ;
#310 = SURFACE_SIDE_STYLE ('',( #1099 ) ) ;
#311 = AXIS2_PLACEMENT_3D ( 'NONE', #1120, #1320, #54 ) ;
#312 = CARTESIAN_POINT ( 'NONE',  ( 1.040000000000000036, 0.08000000000000020983, -1.169999999999999707 ) ) ;
#313 = ORIENTED_EDGE ( 'NONE', *, *, #974, .T. ) ;
#314 = VECTOR ( 'NONE', #1943, 1000.000000000000000 ) ;
#315 = DIRECTION ( 'NONE',  ( 1.000000000000000000, 0.000000000000000000, -8.673617379884036705E-17 ) ) ;
#316 = AXIS2_PLACEMENT_3D ( 'NONE', #1615, #1777, #2066 ) ;
#317 = PRESENTATION_STYLE_ASSIGNMENT (( #668 ) ) ;
#318 = PLANE ( 'NONE',  #2013 ) ;
#319 = DIRECTION ( 'NONE',  ( 0.000000000000000000, 1.000000000000000000, 0.000000000000000000 ) ) ;
#320 = EDGE_LOOP ( 'NONE', ( #950, #255, #1488, #185 ) ) ;
#321 = FILL_AREA_STYLE_COLOUR ( '', #1608 ) ;
#322 = PLANE ( 'NONE',  #976 ) ;
#323 = CARTESIAN_POINT ( 'NONE',  ( 1.520000000000000018, 2.799999999999999822, 1.169999999999999707 ) ) ;
#324 = DIRECTION ( 'NONE',  ( 0.000000000000000000, 0.000000000000000000, 1.000000000000000000 ) ) ;
#325 = EDGE_CURVE ( 'NONE', #776, #41, #1881, .T. ) ;
#326 = SURFACE_STYLE_FILL_AREA ( #20 ) ;
#327 = ORIENTED_EDGE ( 'NONE', *, *, #921, .T. ) ;
#328 =( NAMED_UNIT ( * ) SI_UNIT ( $, .STERADIAN. ) SOLID_ANGLE_UNIT ( ) );
#329 = CARTESIAN_POINT ( 'NONE',  ( -1.000000000000000000, 0.08000000000000020983, -1.209999999999999742 ) ) ;
#330 = COLOUR_RGB ( '',0.7960784313725489669, 0.8235294117647058432, 0.9372549019607843146 ) ;
#331 = SURFACE_STYLE_FILL_AREA ( #11 ) ;
#332 = VECTOR ( 'NONE', #1229, 1000.000000000000000 ) ;
#333 = DIRECTION ( 'NONE',  ( 0.000000000000000000, 0.000000000000000000, -1.000000000000000000 ) ) ;
#334 = CIRCLE ( 'NONE', #1683, 0.07999999999999998779 ) ;
#335 =( GEOMETRIC_REPRESENTATION_CONTEXT ( 3 ) GLOBAL_UNCERTAINTY_ASSIGNED_CONTEXT ( ( #1857 ) ) GLOBAL_UNIT_ASSIGNED_CONTEXT ( ( #793, #1741, #1287 ) ) REPRESENTATION_CONTEXT ( 'NONE', 'WORKASPACE' ) );
#336 = DIRECTION ( 'NONE',  ( 1.000000000000000000, 0.000000000000000000, 0.000000000000000000 ) ) ;
#337 = ORIENTED_EDGE ( 'NONE', *, *, #1786, .F. ) ;
#338 = STYLED_ITEM ( 'NONE', ( #1347 ), #1089 ) ;
#339 = CIRCLE ( 'NONE', #1522, 0.07999999999999998779 ) ;
#340 = CARTESIAN_POINT ( 'NONE',  ( -1.600000000000000089, 2.799999999999999822, -1.249999999999999556 ) ) ;
#341 = EDGE_CURVE ( 'NONE', #1026, #393, #264, .T. ) ;
#342 = ORIENTED_EDGE ( 'NONE', *, *, #1707, .F. ) ;
#343 = STYLED_ITEM ( 'NONE', ( #27 ), #1509 ) ;
#344 = CARTESIAN_POINT ( 'NONE',  ( 1.519999999999999796, 2.719999999999999751, 1.169999999999999707 ) ) ;
#345 = AXIS2_PLACEMENT_3D ( 'NONE', #277, #1098, #913 ) ;
#346 = CYLINDRICAL_SURFACE ( 'NONE', #1309, 0.07999999999999998779 ) ;
#347 = ORIENTED_EDGE ( 'NONE', *, *, #348, .T. ) ;
#348 = EDGE_CURVE ( 'NONE', #1401, #1747, #1442, .T. ) ;
#349 = DIRECTION ( 'NONE',  ( 1.000000000000000000, 0.000000000000000000, 0.000000000000000000 ) ) ;
#350 = ORIENTED_EDGE ( 'NONE', *, *, #647, .T. ) ;
#351 = DIRECTION ( 'NONE',  ( 1.000000000000000000, 0.000000000000000000, 0.000000000000000000 ) ) ;
#352 = ORIENTED_EDGE ( 'NONE', *, *, #1406, .F. ) ;
#353 = EDGE_CURVE ( 'NONE', #246, #355, #1269, .T. ) ;
#354 = DIRECTION ( 'NONE',  ( -1.000000000000000000, 0.000000000000000000, 0.000000000000000000 ) ) ;
#355 = VERTEX_POINT ( 'NONE', #591 ) ;
#356 = CARTESIAN_POINT ( 'NONE',  ( -1.520000000000000018, 2.719999999999999751, -1.249999999999999556 ) ) ;
#357 = DIRECTION ( 'NONE',  ( 0.000000000000000000, 0.000000000000000000, 1.000000000000000000 ) ) ;
#358 = VERTEX_POINT ( 'NONE', #1740 ) ;
#359 = FACE_OUTER_BOUND ( 'NONE', #1811, .T. ) ;
#360 = ORIENTED_EDGE ( 'NONE', *, *, #594, .F. ) ;
#361 = CARTESIAN_POINT ( 'NONE',  ( -1.000000000000000000, 2.719999999999999751, -1.209999999999999520 ) ) ;
#362 =( NAMED_UNIT ( * ) PLANE_ANGLE_UNIT ( ) SI_UNIT ( $, .RADIAN. ) );
#363 = DIRECTION ( 'NONE',  ( 0.000000000000000000, -1.000000000000000000, 0.000000000000000000 ) ) ;
#364 = ORIENTED_EDGE ( 'NONE', *, *, #1273, .F. ) ;
#365 = EDGE_CURVE ( 'NONE', #253, #503, #309, .T. ) ;
#366 =( NAMED_UNIT ( * ) SI_UNIT ( $, .STERADIAN. ) SOLID_ANGLE_UNIT ( ) );
#367 = EDGE_CURVE ( 'NONE', #94, #1937, #1587, .T. ) ;
#368 = CIRCLE ( 'NONE', #1873, 0.07999999999999998779 ) ;
#369 = CARTESIAN_POINT ( 'NONE',  ( -1.600000000000000089, 0.08000000000000020983, -1.169999999999999707 ) ) ;
#370 = DIRECTION ( 'NONE',  ( -2.009392052687672293E-33, 1.000000000000000000, -2.316671308729711651E-17 ) ) ;
#371 = ORIENTED_EDGE ( 'NONE', *, *, #213, .F. ) ;
#372 = VECTOR ( 'NONE', #771, 1000.000000000000000 ) ;
#373 = AXIS2_PLACEMENT_3D ( 'NONE', #1724, #275, #1385 ) ;
#374 =( NAMED_UNIT ( * ) PLANE_ANGLE_UNIT ( ) SI_UNIT ( $, .RADIAN. ) );
#375 = VERTEX_POINT ( 'NONE', #732 ) ;
#376 = CIRCLE ( 'NONE', #637, 0.04000000000000010492 ) ;
#377 = CARTESIAN_POINT ( 'NONE',  ( 1.519999999999999796, 2.799999999999999822, 1.249999999999999778 ) ) ;
#378 =( NAMED_UNIT ( * ) SI_UNIT ( $, .STERADIAN. ) SOLID_ANGLE_UNIT ( ) );
#379 = PLANE ( 'NONE',  #918 ) ;
#380 = ORIENTED_EDGE ( 'NONE', *, *, #1993, .F. ) ;
#381 = COLOUR_RGB ( '',0.7960784313725489669, 0.8235294117647058432, 0.9372549019607843146 ) ;
#382 = CIRCLE ( 'NONE', #610, 0.07999999999999998779 ) ;
#383 = DIRECTION ( 'NONE',  ( 0.000000000000000000, 0.000000000000000000, 1.000000000000000000 ) ) ;
#384 = CIRCLE ( 'NONE', #948, 0.04000000000000010492 ) ;
#385 = EDGE_CURVE ( 'NONE', #1798, #1311, #1078, .T. ) ;
#386 =( NAMED_UNIT ( * ) PLANE_ANGLE_UNIT ( ) SI_UNIT ( $, .RADIAN. ) );
#387 = ORIENTED_EDGE ( 'NONE', *, *, #198, .T. ) ;
#388 = DIRECTION ( 'NONE',  ( 0.000000000000000000, 0.000000000000000000, 1.000000000000000000 ) ) ;
#389 = FACE_OUTER_BOUND ( 'NONE', #754, .T. ) ;
#390 = ORIENTED_EDGE ( 'NONE', *, *, #1538, .F. ) ;
#391 = SURFACE_SIDE_STYLE ('',( #851 ) ) ;
#392 = DIRECTION ( 'NONE',  ( 0.000000000000000000, 0.000000000000000000, 1.000000000000000000 ) ) ;
#393 = VERTEX_POINT ( 'NONE', #721 ) ;
#394 = UNCERTAINTY_MEASURE_WITH_UNIT (LENGTH_MEASURE( 1.000000000000000082E-05 ), #1762, 'distance_accuracy_value', 'NONE');
#395 = EDGE_CURVE ( 'NONE', #655, #1661, #2026, .T. ) ;
#396 = FILL_AREA_STYLE_COLOUR ( '', #1 ) ;
#397 = ORIENTED_EDGE ( 'NONE', *, *, #709, .T. ) ;
#398 = CARTESIAN_POINT ( 'NONE',  ( -1.040000000000000036, 2.799999999999999822, 1.209999999999999964 ) ) ;
#399 = CARTESIAN_POINT ( 'NONE',  ( 1.000000000000000000, 2.799999999999999822, 1.209999999999999964 ) ) ;
#400 = ORIENTED_EDGE ( 'NONE', *, *, #1913, .T. ) ;
#401 = PRESENTATION_STYLE_ASSIGNMENT (( #560 ) ) ;
#402 = DIRECTION ( 'NONE',  ( -1.000000000000000000, 0.000000000000000000, 0.000000000000000000 ) ) ;
#403 = LINE ( 'NONE', #749, #1441 ) ;
#404 = FILL_AREA_STYLE ('',( #396 ) ) ;
#405 = ORIENTED_EDGE ( 'NONE', *, *, #892, .T. ) ;
#406 = CARTESIAN_POINT ( 'NONE',  ( 1.599999999999999867, 2.799999999999999822, 1.249999999999999778 ) ) ;
#407 = ORIENTED_EDGE ( 'NONE', *, *, #268, .T. ) ;
#408 = TOROIDAL_SURFACE ( 'NONE', #569, 0.04000000000000000083, 0.04000000000000000083 ) ;
#409 = VECTOR ( 'NONE', #1368, 1000.000000000000000 ) ;
#410 = SURFACE_STYLE_FILL_AREA ( #1837 ) ;
#411 = EDGE_CURVE ( 'NONE', #989, #1798, #1234, .T. ) ;
#412 = SURFACE_STYLE_USAGE ( .BOTH. , #1200 ) ;
#413 = DIRECTION ( 'NONE',  ( -8.673617379884039170E-17, 0.000000000000000000, -1.000000000000000000 ) ) ;
#414 = ORIENTED_EDGE ( 'NONE', *, *, #2015, .T. ) ;
#415 = PRESENTATION_LAYER_ASSIGNMENT (  '', '', ( #247 ) ) ;
#416 = AXIS2_PLACEMENT_3D ( 'NONE', #1795, #1804, #357 ) ;
#417 = UNCERTAINTY_MEASURE_WITH_UNIT (LENGTH_MEASURE( 1.000000000000000082E-05 ), #848, 'distance_accuracy_value', 'NONE');
#418 = AXIS2_PLACEMENT_3D ( 'NONE', #1318, #899, #616 ) ;
#419 = CARTESIAN_POINT ( 'NONE',  ( -1.040000000000000036, 0.08000000000000020983, 1.169999999999999707 ) ) ;
#420 = CARTESIAN_POINT ( 'NONE',  ( -1.599999999999999867, 2.799999999999999822, 1.249999999999999778 ) ) ;
#421 = VERTEX_POINT ( 'NONE', #2071 ) ;
#422 = EDGE_CURVE ( 'NONE', #2063, #1860, #482, .T. ) ;
#423 = DIRECTION ( 'NONE',  ( -1.000000000000000000, 0.000000000000000000, 0.000000000000000000 ) ) ;
#424 = DIRECTION ( 'NONE',  ( -0.000000000000000000, -0.000000000000000000, 1.000000000000000000 ) ) ;
#425 = LINE ( 'NONE', #2028, #252 ) ;
#426 = ORIENTED_EDGE ( 'NONE', *, *, #367, .T. ) ;
#427 = DIRECTION ( 'NONE',  ( 0.000000000000000000, -2.316671308729711651E-17, -1.000000000000000000 ) ) ;
#428 = SPHERICAL_SURFACE ( 'NONE', #1750, 0.08000000000000000167 ) ;
#429 = DIRECTION ( 'NONE',  ( 0.000000000000000000, 0.000000000000000000, -1.000000000000000000 ) ) ;
#430 = ORIENTED_EDGE ( 'NONE', *, *, #787, .T. ) ;
#431 = DIRECTION ( 'NONE',  ( -0.000000000000000000, -1.000000000000000000, -0.000000000000000000 ) ) ;
#432 = FILL_AREA_STYLE_COLOUR ( '', #1238 ) ;
#433 = LINE ( 'NONE', #1572, #1278 ) ;
#434 = LINE ( 'NONE', #1362, #824 ) ;
#435 = CARTESIAN_POINT ( 'NONE',  ( -1.000000000000000000, 2.719999999999999751, 1.169999999999999707 ) ) ;
#436 = CARTESIAN_POINT ( 'NONE',  ( 1.000000000102736486, 2.759999999999999787, 1.169999999999999707 ) ) ;
#437 = FACE_OUTER_BOUND ( 'NONE', #1289, .T. ) ;
#438 = CYLINDRICAL_SURFACE ( 'NONE', #1007, 0.04000000000000010492 ) ;
#439 = ORIENTED_EDGE ( 'NONE', *, *, #954, .F. ) ;
#440 = VECTOR ( 'NONE', #244, 1000.000000000000000 ) ;
#441 = EDGE_CURVE ( 'NONE', #1860, #1064, #940, .T. ) ;
#442 = CARTESIAN_POINT ( 'NONE',  ( -1.600000000000000089, 2.799999999999999822, -1.169999999999999707 ) ) ;
#443 = PRESENTATION_LAYER_ASSIGNMENT (  '', '', ( #696 ) ) ;
#444 = CARTESIAN_POINT ( 'NONE',  ( 0.000000000000000000, 0.000000000000000000, 0.000000000000000000 ) ) ;
#445 = VERTEX_POINT ( 'NONE', #1818 ) ;
#446 =( GEOMETRIC_REPRESENTATION_CONTEXT ( 3 ) GLOBAL_UNCERTAINTY_ASSIGNED_CONTEXT ( ( #100 ) ) GLOBAL_UNIT_ASSIGNED_CONTEXT ( ( #1485, #1457, #366 ) ) REPRESENTATION_CONTEXT ( 'NONE', 'WORKASPACE' ) );
#447 = CYLINDRICAL_SURFACE ( 'NONE', #805, 0.07999999999999998779 ) ;
#448 = MECHANICAL_DESIGN_GEOMETRIC_PRESENTATION_REPRESENTATION (  '', ( #1945 ), #1082 ) ;
#449 = FACE_OUTER_BOUND ( 'NONE', #1149, .T. ) ;
#450 = ADVANCED_FACE ( 'NONE', ( #1331 ), #1410, .T. ) ;
#451 = SURFACE_SIDE_STYLE ('',( #1381 ) ) ;
#452 = ORIENTED_EDGE ( 'NONE', *, *, #1707, .T. ) ;
#453 = LINE ( 'NONE', #1415, #2078 ) ;
#454 = DIRECTION ( 'NONE',  ( 0.000000000000000000, -1.000000000000000000, 0.000000000000000000 ) ) ;
#455 = DIRECTION ( 'NONE',  ( 0.000000000000000000, 1.000000000000000000, 0.000000000000000000 ) ) ;
#456 = CARTESIAN_POINT ( 'NONE',  ( 1.599999999999999867, 0.08000000000000020983, 1.169999999999999707 ) ) ;
#457 = ADVANCED_FACE ( 'NONE', ( #1017 ), #1921, .T. ) ;
#458 = DIRECTION ( 'NONE',  ( -1.000000000000000000, 0.000000000000000000, 0.000000000000000000 ) ) ;
#459 = FILL_AREA_STYLE_COLOUR ( '', #1077 ) ;
#460 = SURFACE_SIDE_STYLE ('',( #1887 ) ) ;
#461 = EDGE_LOOP ( 'NONE', ( #1101, #390, #710, #182 ) ) ;
#462 = DIRECTION ( 'NONE',  ( 1.000000000000000000, 0.000000000000000000, 0.000000000000000000 ) ) ;
#463 = LINE ( 'NONE', #1097, #1940 ) ;
#464 = DIRECTION ( 'NONE',  ( 0.000000000000000000, 0.000000000000000000, -1.000000000000000000 ) ) ;
#465 = CARTESIAN_POINT ( 'NONE',  ( -1.520000000000000018, 2.719999999999999751, -1.169999999999999707 ) ) ;
#466 = CARTESIAN_POINT ( 'NONE',  ( 1.040000000000000036, 0.08000000000000020983, 1.169999999999999707 ) ) ;
#467 = ORIENTED_EDGE ( 'NONE', *, *, #1446, .T. ) ;
#468 = FILL_AREA_STYLE_COLOUR ( '', #276 ) ;
#469 = DIRECTION ( 'NONE',  ( 0.000000000000000000, 0.000000000000000000, 1.000000000000000000 ) ) ;
#470 = STYLED_ITEM ( 'NONE', ( #952 ), #78 ) ;
#471 = ADVANCED_FACE ( 'NONE', ( #1803 ), #214, .F. ) ;
#472 = AXIS2_PLACEMENT_3D ( 'NONE', #784, #966, #674 ) ;
#473 = LINE ( 'NONE', #1119, #1163 ) ;
#474 = SURFACE_STYLE_USAGE ( .BOTH. , #825 ) ;
#475 = AXIS2_PLACEMENT_3D ( 'NONE', #760, #126, #2062 ) ;
#476 = AXIS2_PLACEMENT_3D ( 'NONE', #1536, #1543, #1870 ) ;
#477 = AXIS2_PLACEMENT_3D ( 'NONE', #95, #718, #2022 ) ;
#478 = SURFACE_SIDE_STYLE ('',( #1895 ) ) ;
#479 = AXIS2_PLACEMENT_3D ( 'NONE', #435, #926, #1735 ) ;
#480 = ORIENTED_EDGE ( 'NONE', *, *, #1146, .T. ) ;
#481 = AXIS2_PLACEMENT_3D ( 'NONE', #1263, #1291, #324 ) ;
#482 = LINE ( 'NONE', #1908, #1102 ) ;
#483 = FILL_AREA_STYLE_COLOUR ( '', #147 ) ;
#484 = ADVANCED_FACE ( 'NONE', ( #1321 ), #524, .T. ) ;
#485 = FACE_OUTER_BOUND ( 'NONE', #2042, .T. ) ;
#486 = FACE_OUTER_BOUND ( 'NONE', #1413, .T. ) ;
#487 = CARTESIAN_POINT ( 'NONE',  ( -1.599999999999999867, 2.799999999999999822, 1.169999999999999707 ) ) ;
#488 = PRESENTATION_STYLE_ASSIGNMENT (( #625 ) ) ;
#489 = ORIENTED_EDGE ( 'NONE', *, *, #1110, .T. ) ;
#490 = CARTESIAN_POINT ( 'NONE',  ( -1.600000000000000089, 0.08000000000000020983, -1.249999999999999556 ) ) ;
#491 = CYLINDRICAL_SURFACE ( 'NONE', #1614, 0.07999999999999998779 ) ;
#492 = EDGE_CURVE ( 'NONE', #989, #1826, #697, .T. ) ;
#493 = DIRECTION ( 'NONE',  ( 0.000000000000000000, 0.000000000000000000, 1.000000000000000000 ) ) ;
#494 = ORIENTED_EDGE ( 'NONE', *, *, #1310, .F. ) ;
#495 = DIRECTION ( 'NONE',  ( -1.000000000000000000, -0.000000000000000000, -0.000000000000000000 ) ) ;
#496 = EDGE_LOOP ( 'NONE', ( #1964, #1879, #930, #397 ) ) ;
#497 = EDGE_CURVE ( 'NONE', #206, #1401, #1480, .T. ) ;
#498 = SURFACE_STYLE_FILL_AREA ( #167 ) ;
#499 = SURFACE_STYLE_USAGE ( .BOTH. , #844 ) ;
#500 = COLOUR_RGB ( '',0.7960784313725489669, 0.8235294117647058432, 0.9372549019607843146 ) ;
#501 = PRESENTATION_LAYER_ASSIGNMENT (  '', '', ( #1209 ) ) ;
#502 = CARTESIAN_POINT ( 'NONE',  ( 500000.0000000000582, 0.04000000000000016043, 1.169999999956631731 ) ) ;
#503 = VERTEX_POINT ( 'NONE', #1698 ) ;
#504 = CIRCLE ( 'NONE', #1684, 0.07999999999999998779 ) ;
#505 = ADVANCED_FACE ( 'NONE', ( #1665 ), #408, .T. ) ;
#506 = COLOUR_RGB ( '',0.7960784313725489669, 0.8235294117647058432, 0.9372549019607843146 ) ;
#507 = AXIS2_PLACEMENT_3D ( 'NONE', #1285, #1602, #982 ) ;
#508 = CARTESIAN_POINT ( 'NONE',  ( 1.599999999999999867, 0.08000000000000020983, 1.169999999999999707 ) ) ;
#509 = LINE ( 'NONE', #1132, #920 ) ;
#510 = ORIENTED_EDGE ( 'NONE', *, *, #647, .F. ) ;
#511 = VECTOR ( 'NONE', #245, 1000.000000000000000 ) ;
#512 = CARTESIAN_POINT ( 'NONE',  ( 1.000000000000000000, 2.799999999999999822, -1.249999999999999556 ) ) ;
#513 = VECTOR ( 'NONE', #943, 1000.000000000000000 ) ;
#514 = SURFACE_SIDE_STYLE ('',( #331 ) ) ;
#515 = ORIENTED_EDGE ( 'NONE', *, *, #711, .F. ) ;
#516 = FILL_AREA_STYLE ('',( #809 ) ) ;
#517 = VERTEX_POINT ( 'NONE', #867 ) ;
#518 = EDGE_CURVE ( 'NONE', #1739, #526, #1054, .T. ) ;
#519 = EDGE_LOOP ( 'NONE', ( #986, #1773, #272, #598 ) ) ;
#520 = FACE_OUTER_BOUND ( 'NONE', #1666, .T. ) ;
#521 = DIRECTION ( 'NONE',  ( -1.000000000000000000, 0.000000000000000000, 8.673617379884044100E-17 ) ) ;
#522 = ORIENTED_EDGE ( 'NONE', *, *, #1186, .F. ) ;
#523 = CARTESIAN_POINT ( 'NONE',  ( -1.520000000000000018, 2.719999999999999751, 1.169999999999999707 ) ) ;
#524 = CYLINDRICAL_SURFACE ( 'NONE', #1445, 0.07999999999999998779 ) ;
#525 = SURFACE_STYLE_FILL_AREA ( #1507 ) ;
#526 = VERTEX_POINT ( 'NONE', #893 ) ;
#527 = SURFACE_STYLE_USAGE ( .BOTH. , #192 ) ;
#528 = ORIENTED_EDGE ( 'NONE', *, *, #586, .F. ) ;
#529 = ADVANCED_BREP_SHAPE_REPRESENTATION ( 'CL32A107MPVNNNE', ( #1456, #768, #78, #946 ), #636 ) ;
#530 = ORIENTED_EDGE ( 'NONE', *, *, #170, .F. ) ;
#531 = EDGE_CURVE ( 'NONE', #1035, #94, #2002, .T. ) ;
#532 = DIRECTION ( 'NONE',  ( -1.000000000000000000, -0.000000000000000000, -0.000000000000000000 ) ) ;
#533 = AXIS2_PLACEMENT_3D ( 'NONE', #854, #1985, #1039 ) ;
#534 = DIRECTION ( 'NONE',  ( -1.000000000000000000, 0.000000000000000000, 0.000000000000000000 ) ) ;
#535 = DIRECTION ( 'NONE',  ( -8.673617379884036705E-17, 0.000000000000000000, -1.000000000000000000 ) ) ;
#536 = VERTEX_POINT ( 'NONE', #251 ) ;
#537 = AXIS2_PLACEMENT_3D ( 'NONE', #1150, #1785, #1794 ) ;
#538 = DIRECTION ( 'NONE',  ( 0.000000000000000000, 0.000000000000000000, 1.000000000000000000 ) ) ;
#539 = VERTEX_POINT ( 'NONE', #1673 ) ;
#540 = AXIS2_PLACEMENT_3D ( 'NONE', #1554, #103, #429 ) ;
#541 = AXIS2_PLACEMENT_3D ( 'NONE', #1031, #1828, #59 ) ;
#542 = CARTESIAN_POINT ( 'NONE',  ( -1.599999999999999867, 0.08000000000000020983, 1.249999999999999778 ) ) ;
#543 = ORIENTED_EDGE ( 'NONE', *, *, #299, .T. ) ;
#544 = AXIS2_PLACEMENT_3D ( 'NONE', #1308, #215, #1173 ) ;
#545 = ADVANCED_FACE ( 'NONE', ( #101 ), #1994, .T. ) ;
#546 =( GEOMETRIC_REPRESENTATION_CONTEXT ( 3 ) GLOBAL_UNCERTAINTY_ASSIGNED_CONTEXT ( ( #1530 ) ) GLOBAL_UNIT_ASSIGNED_CONTEXT ( ( #1482, #798, #1768 ) ) REPRESENTATION_CONTEXT ( 'NONE', 'WORKASPACE' ) );
#547 = CARTESIAN_POINT ( 'NONE',  ( 1.040000000000000036, 2.719999999999999751, 1.169999999999999707 ) ) ;
#548 = ORIENTED_EDGE ( 'NONE', *, *, #845, .T. ) ;
#549 = LINE ( 'NONE', #399, #1883 ) ;
#550 = ORIENTED_EDGE ( 'NONE', *, *, #964, .T. ) ;
#551 = SPHERICAL_SURFACE ( 'NONE', #1206, 0.08000000000000000167 ) ;
#552 = CARTESIAN_POINT ( 'NONE',  ( 1.600000000000000089, 2.719999999999999751, -1.169999999999999707 ) ) ;
#553 = ORIENTED_EDGE ( 'NONE', *, *, #1718, .F. ) ;
#554 = UNCERTAINTY_MEASURE_WITH_UNIT (LENGTH_MEASURE( 1.000000000000000082E-05 ), #592, 'distance_accuracy_value', 'NONE');
#555 = DIRECTION ( 'NONE',  ( 1.000000000000000000, 0.000000000000000000, -8.673617379884036705E-17 ) ) ;
#556 = VERTEX_POINT ( 'NONE', #436 ) ;
#557 = FACE_OUTER_BOUND ( 'NONE', #1529, .T. ) ;
#558 = SURFACE_STYLE_USAGE ( .BOTH. , #87 ) ;
#559 = ORIENTED_EDGE ( 'NONE', *, *, #79, .T. ) ;
#560 = SURFACE_STYLE_USAGE ( .BOTH. , #391 ) ;
#561 = DIRECTION ( 'NONE',  ( 1.000000000000000000, 0.000000000000000000, 0.000000000000000000 ) ) ;
#562 = CARTESIAN_POINT ( 'NONE',  ( 1.040000000000000036, 0.08000000000000020983, -1.249999999999999556 ) ) ;
#563 = ORIENTED_EDGE ( 'NONE', *, *, #1299, .F. ) ;
#564 = EDGE_CURVE ( 'NONE', #1642, #48, #1207, .T. ) ;
#565 = EDGE_CURVE ( 'NONE', #1470, #1798, #280, .T. ) ;
#566 = AXIS2_PLACEMENT_3D ( 'NONE', #1970, #830, #46 ) ;
#567 = CARTESIAN_POINT ( 'NONE',  ( 1.520000000000000018, 0.08000000000000000167, -1.169999999999999707 ) ) ;
#568 = VERTEX_POINT ( 'NONE', #1539 ) ;
#569 = AXIS2_PLACEMENT_3D ( 'NONE', #419, #1187, #1376 ) ;
#570 = AXIS2_PLACEMENT_3D ( 'NONE', #523, #1496, #13 ) ;
#571 = CARTESIAN_POINT ( 'NONE',  ( -1.000000000000000000, 0.08000000000000020983, 1.209999999999999964 ) ) ;
#572 = LINE ( 'NONE', #1215, #36 ) ;
#573 = DIRECTION ( 'NONE',  ( -0.000000000000000000, -0.000000000000000000, -1.000000000000000000 ) ) ;
#574 = LINE ( 'NONE', #900, #1806 ) ;
#575 = AXIS2_PLACEMENT_3D ( 'NONE', #602, #933, #748 ) ;
#576 =( GEOMETRIC_REPRESENTATION_CONTEXT ( 3 ) GLOBAL_UNCERTAINTY_ASSIGNED_CONTEXT ( ( #1037 ) ) GLOBAL_UNIT_ASSIGNED_CONTEXT ( ( #596, #2031, #254 ) ) REPRESENTATION_CONTEXT ( 'NONE', 'WORKASPACE' ) );
#577 =( GEOMETRIC_REPRESENTATION_CONTEXT ( 3 ) GLOBAL_UNCERTAINTY_ASSIGNED_CONTEXT ( ( #1505 ) ) GLOBAL_UNIT_ASSIGNED_CONTEXT ( ( #125, #587, #1226 ) ) REPRESENTATION_CONTEXT ( 'NONE', 'WORKASPACE' ) );
#578 = UNCERTAINTY_MEASURE_WITH_UNIT (LENGTH_MEASURE( 1.000000000000000082E-05 ), #1766, 'distance_accuracy_value', 'NONE');
#579 = CIRCLE ( 'NONE', #1755, 0.04000000000000010492 ) ;
#580 = CARTESIAN_POINT ( 'NONE',  ( 0.000000000000000000, 0.000000000000000000, 1.169999999999999707 ) ) ;
#581 = VECTOR ( 'NONE', #1118, 1000.000000000000000 ) ;
#582 = VERTEX_POINT ( 'NONE', #2019 ) ;
#583 = CARTESIAN_POINT ( 'NONE',  ( -1.040000000000000036, 2.719999999999999751, 1.169999999999999707 ) ) ;
#584 = FACE_OUTER_BOUND ( 'NONE', #187, .T. ) ;
#585 = ORIENTED_EDGE ( 'NONE', *, *, #1679, .T. ) ;
#586 = EDGE_CURVE ( 'NONE', #1682, #536, #1977, .T. ) ;
#587 =( NAMED_UNIT ( * ) PLANE_ANGLE_UNIT ( ) SI_UNIT ( $, .RADIAN. ) );
#588 = DIRECTION ( 'NONE',  ( 0.000000000000000000, -1.000000000000000000, 0.000000000000000000 ) ) ;
#589 =( NAMED_UNIT ( * ) PLANE_ANGLE_UNIT ( ) SI_UNIT ( $, .RADIAN. ) );
#590 = ORIENTED_EDGE ( 'NONE', *, *, #301, .F. ) ;
#591 = CARTESIAN_POINT ( 'NONE',  ( -1.000000000000000000, 0.04000000000000013267, 1.169999999999999707 ) ) ;
#592 =( LENGTH_UNIT ( ) NAMED_UNIT ( * ) SI_UNIT ( .MILLI., .METRE. ) );
#593 = ORIENTED_EDGE ( 'NONE', *, *, #808, .F. ) ;
#594 = EDGE_CURVE ( 'NONE', #1483, #678, #1027, .T. ) ;
#595 = STYLED_ITEM ( 'NONE', ( #401 ), #164 ) ;
#596 =( LENGTH_UNIT ( ) NAMED_UNIT ( * ) SI_UNIT ( .MILLI., .METRE. ) );
#597 = DIRECTION ( 'NONE',  ( 0.000000000000000000, 0.000000000000000000, -1.000000000000000000 ) ) ;
#598 = ORIENTED_EDGE ( 'NONE', *, *, #686, .F. ) ;
#599 = AXIS2_PLACEMENT_3D ( 'NONE', #1956, #705, #876 ) ;
#600 = DIRECTION ( 'NONE',  ( -0.000000000000000000, 0.000000000000000000, 1.000000000000000000 ) ) ;
#601 = VECTOR ( 'NONE', #1834, 1000.000000000000000 ) ;
#602 = CARTESIAN_POINT ( 'NONE',  ( -1.040000000000000036, 0.08000000000000020983, 1.209999999999999742 ) ) ;
#603 = ORIENTED_EDGE ( 'NONE', *, *, #1114, .F. ) ;
#604 = PRESENTATION_LAYER_ASSIGNMENT (  '', '', ( #800 ) ) ;
#605 =( NAMED_UNIT ( * ) SI_UNIT ( $, .STERADIAN. ) SOLID_ANGLE_UNIT ( ) );
#606 = EDGE_CURVE ( 'NONE', #99, #1905, #334, .T. ) ;
#607 =( GEOMETRIC_REPRESENTATION_CONTEXT ( 3 ) GLOBAL_UNCERTAINTY_ASSIGNED_CONTEXT ( ( #2001 ) ) GLOBAL_UNIT_ASSIGNED_CONTEXT ( ( #1909, #1117, #1922 ) ) REPRESENTATION_CONTEXT ( 'NONE', 'WORKASPACE' ) );
#608 = PRESENTATION_LAYER_ASSIGNMENT (  '', '', ( #1306 ) ) ;
#609 = CARTESIAN_POINT ( 'NONE',  ( -1.040000000000000036, 0.08000000000000020983, 1.249999999999999778 ) ) ;
#610 = AXIS2_PLACEMENT_3D ( 'NONE', #1957, #222, #91 ) ;
#611 = PRESENTATION_LAYER_ASSIGNMENT (  '', '', ( #1389 ) ) ;
#612 = CARTESIAN_POINT ( 'NONE',  ( 500000.0000000000582, 2.719999999999999751, -1.210000000043367718 ) ) ;
#613 = DIRECTION ( 'NONE',  ( -0.000000000000000000, 0.000000000000000000, 1.000000000000000000 ) ) ;
#614 = EDGE_LOOP ( 'NONE', ( #1115, #522, #1657, #1472, #278, #1344, #1323, #1545 ) ) ;
#615 = LINE ( 'NONE', #897, #332 ) ;
#616 = DIRECTION ( 'NONE',  ( -2.710505431213753985E-15, -1.000000000000000000, 0.000000000000000000 ) ) ;
#617 = DIRECTION ( 'NONE',  ( -1.000000000000000000, 0.000000000000000000, 0.000000000000000000 ) ) ;
#618 = DIRECTION ( 'NONE',  ( 0.000000000000000000, 0.000000000000000000, -1.000000000000000000 ) ) ;
#619 = DIRECTION ( 'NONE',  ( -1.000000000000000000, -0.000000000000000000, 8.673617379884039170E-17 ) ) ;
#620 = ORIENTED_EDGE ( 'NONE', *, *, #1071, .T. ) ;
#621 = ADVANCED_FACE ( 'NONE', ( #115 ), #1300, .T. ) ;
#622 = DIRECTION ( 'NONE',  ( -0.000000000000000000, -0.000000000000000000, 1.000000000000000000 ) ) ;
#623 = FACE_OUTER_BOUND ( 'NONE', #258, .T. ) ;
#624 = DIRECTION ( 'NONE',  ( 0.000000000000000000, 0.000000000000000000, 1.000000000000000000 ) ) ;
#625 = SURFACE_STYLE_USAGE ( .BOTH. , #478 ) ;
#626 = ADVANCED_FACE ( 'NONE', ( #725 ), #1409, .T. ) ;
#627 = ORIENTED_EDGE ( 'NONE', *, *, #1531, .T. ) ;
#628 = SURFACE_STYLE_FILL_AREA ( #777 ) ;
#629 = DIRECTION ( 'NONE',  ( -0.000000000000000000, 1.000000000000000000, -0.000000000000000000 ) ) ;
#630 = STYLED_ITEM ( 'NONE', ( #1012 ), #156 ) ;
#631 = CIRCLE ( 'NONE', #1808, 0.04000000000000010492 ) ;
#632 = CARTESIAN_POINT ( 'NONE',  ( -1.519999999999999796, 0.08000000000000020983, 1.169999999999999707 ) ) ;
#633 = LINE ( 'NONE', #1473, #43 ) ;
#634 = MECHANICAL_DESIGN_GEOMETRIC_PRESENTATION_REPRESENTATION (  '', ( #72 ), #446 ) ;
#635 = AXIS2_PLACEMENT_3D ( 'NONE', #29, #1763, #1001 ) ;
#636 =( GEOMETRIC_REPRESENTATION_CONTEXT ( 3 ) GLOBAL_UNCERTAINTY_ASSIGNED_CONTEXT ( ( #1069 ) ) GLOBAL_UNIT_ASSIGNED_CONTEXT ( ( #1391, #589, #753 ) ) REPRESENTATION_CONTEXT ( 'NONE', 'WORKASPACE' ) );
#637 = AXIS2_PLACEMENT_3D ( 'NONE', #1411, #928, #1122 ) ;
#638 = PRESENTATION_LAYER_ASSIGNMENT (  '', '', ( #1557 ) ) ;
#639 = ORIENTED_EDGE ( 'NONE', *, *, #1049, .F. ) ;
#640 = VECTOR ( 'NONE', #852, 1000.000000000000000 ) ;
#641 = FILL_AREA_STYLE ('',( #2065 ) ) ;
#642 = DIRECTION ( 'NONE',  ( 0.000000000000000000, 0.000000000000000000, -1.000000000000000000 ) ) ;
#643 = AXIS2_PLACEMENT_3D ( 'NONE', #1262, #1437, #176 ) ;
#644 = PLANE ( 'NONE',  #1266 ) ;
#645 = ADVANCED_FACE ( 'NONE', ( #1736 ), #318, .F. ) ;
#646 = CYLINDRICAL_SURFACE ( 'NONE', #1484, 0.04000000000000010492 ) ;
#647 = EDGE_CURVE ( 'NONE', #1663, #2063, #1775, .T. ) ;
#648 = ORIENTED_EDGE ( 'NONE', *, *, #1531, .F. ) ;
#649 = CARTESIAN_POINT ( 'NONE',  ( 1.040000000000000036, 2.719999999999999751, -1.209999999999999520 ) ) ;
#650 = DIRECTION ( 'NONE',  ( -1.000000000000000000, -0.000000000000000000, -0.000000000000000000 ) ) ;
#651 = ADVANCED_FACE ( 'NONE', ( #449 ), #1885, .T. ) ;
#652 = ORIENTED_EDGE ( 'NONE', *, *, #1917, .F. ) ;
#653 = LINE ( 'NONE', #228, #1779 ) ;
#654 = CARTESIAN_POINT ( 'NONE',  ( 1.520000000000000240, 2.799999999999999822, -1.169999999999999707 ) ) ;
#655 = VERTEX_POINT ( 'NONE', #782 ) ;
#656 = SURFACE_SIDE_STYLE ('',( #1618 ) ) ;
#657 = EDGE_LOOP ( 'NONE', ( #890, #1830, #550, #908 ) ) ;
#658 = VECTOR ( 'NONE', #161, 1000.000000000000000 ) ;
#659 = ADVANCED_FACE ( 'NONE', ( #751 ), #1876, .T. ) ;
#660 = ORIENTED_EDGE ( 'NONE', *, *, #62, .F. ) ;
#661 = MECHANICAL_DESIGN_GEOMETRIC_PRESENTATION_REPRESENTATION (  '', ( #338 ), #1617 ) ;
#662 = MECHANICAL_DESIGN_GEOMETRIC_PRESENTATION_REPRESENTATION (  '', ( #1846 ), #770 ) ;
#663 = STYLED_ITEM ( 'NONE', ( #1251 ), #1239 ) ;
#664 = FILL_AREA_STYLE ('',( #1963 ) ) ;
#665 = FILL_AREA_STYLE ('',( #37 ) ) ;
#666 = ORIENTED_EDGE ( 'NONE', *, *, #799, .T. ) ;
#667 = STYLED_ITEM ( 'NONE', ( #960 ), #1456 ) ;
#668 = SURFACE_STYLE_USAGE ( .BOTH. , #1932 ) ;
#669 = SHAPE_DEFINITION_REPRESENTATION ( #1042, #529 ) ;
#670 = CIRCLE ( 'NONE', #575, 0.04000000000000010492 ) ;
#671 = CARTESIAN_POINT ( 'NONE',  ( -1.600000000000000089, 0.08000000000000020983, -1.249999999999999556 ) ) ;
#672 = EDGE_LOOP ( 'NONE', ( #360, #1629, #676, #1796 ) ) ;
#673 = FACE_OUTER_BOUND ( 'NONE', #847, .T. ) ;
#674 = DIRECTION ( 'NONE',  ( 0.000000000000000000, 0.000000000000000000, -1.000000000000000000 ) ) ;
#675 = CARTESIAN_POINT ( 'NONE',  ( 1.519999999999999796, 2.719999999999999751, 1.249999999999999778 ) ) ;
#676 = ORIENTED_EDGE ( 'NONE', *, *, #1664, .T. ) ;
#677 = CARTESIAN_POINT ( 'NONE',  ( 1.600000000000000089, 2.799999999999999822, -1.169999999999999707 ) ) ;
#678 = VERTEX_POINT ( 'NONE', #1398 ) ;
#679 = DIRECTION ( 'NONE',  ( 8.673617379884036705E-17, 0.000000000000000000, -1.000000000000000000 ) ) ;
#680 = DIRECTION ( 'NONE',  ( -0.000000000000000000, 1.000000000000000000, 0.000000000000000000 ) ) ;
#681 = ORIENTED_EDGE ( 'NONE', *, *, #1170, .F. ) ;
#682 = DIRECTION ( 'NONE',  ( 1.000000000000000000, -0.000000000000000000, -0.000000000000000000 ) ) ;
#683 =( NAMED_UNIT ( * ) SI_UNIT ( $, .STERADIAN. ) SOLID_ANGLE_UNIT ( ) );
#684 = FILL_AREA_STYLE_COLOUR ( '', #1345 ) ;
#685 = ORIENTED_EDGE ( 'NONE', *, *, #1249, .F. ) ;
#686 = EDGE_CURVE ( 'NONE', #717, #1789, #1085, .T. ) ;
#687 = FACE_OUTER_BOUND ( 'NONE', #519, .T. ) ;
#688 = SURFACE_STYLE_USAGE ( .BOTH. , #1314 ) ;
#689 = EDGE_LOOP ( 'NONE', ( #342, #3, #980, #1950 ) ) ;
#690 =( NAMED_UNIT ( * ) SI_UNIT ( $, .STERADIAN. ) SOLID_ANGLE_UNIT ( ) );
#691 = DIRECTION ( 'NONE',  ( 1.000000000000000000, 0.000000000000000000, 0.000000000000000000 ) ) ;
#692 = ORIENTED_EDGE ( 'NONE', *, *, #1072, .F. ) ;
#693 = AXIS2_PLACEMENT_3D ( 'NONE', #632, #1914, #1284 ) ;
#694 = UNCERTAINTY_MEASURE_WITH_UNIT (LENGTH_MEASURE( 1.000000000000000082E-05 ), #19, 'distance_accuracy_value', 'NONE');
#695 = MECHANICAL_DESIGN_GEOMETRIC_PRESENTATION_REPRESENTATION (  '', ( #1647 ), #1680 ) ;
#696 = STYLED_ITEM ( 'NONE', ( #1550 ), #621 ) ;
#697 = LINE ( 'NONE', #580, #1809 ) ;
#698 = CYLINDRICAL_SURFACE ( 'NONE', #1817, 0.04000000000000010492 ) ;
#699 = EDGE_LOOP ( 'NONE', ( #762, #1019, #868, #1517 ) ) ;
#700 = CIRCLE ( 'NONE', #476, 0.04000000000000010492 ) ;
#701 = DIRECTION ( 'NONE',  ( 2.710505431213753985E-15, -1.000000000000000000, 0.000000000000000000 ) ) ;
#702 = CIRCLE ( 'NONE', #915, 0.07999999999999998779 ) ;
#703 = ORIENTED_EDGE ( 'NONE', *, *, #1889, .F. ) ;
#704 = PRESENTATION_LAYER_ASSIGNMENT (  '', '', ( #1008 ) ) ;
#705 = DIRECTION ( 'NONE',  ( -0.000000000000000000, -0.000000000000000000, 1.000000000000000000 ) ) ;
#706 = DIRECTION ( 'NONE',  ( 0.000000000000000000, 0.000000000000000000, 1.000000000000000000 ) ) ;
#707 = ORIENTED_EDGE ( 'NONE', *, *, #1599, .F. ) ;
#708 = AXIS2_PLACEMENT_3D ( 'NONE', #1386, #723, #98 ) ;
#709 = EDGE_CURVE ( 'NONE', #234, #776, #1727, .T. ) ;
#710 = ORIENTED_EDGE ( 'NONE', *, *, #781, .F. ) ;
#711 = EDGE_CURVE ( 'NONE', #556, #1642, #2050, .T. ) ;
#712 = DIRECTION ( 'NONE',  ( 0.000000000000000000, -1.000000000000000000, 0.000000000000000000 ) ) ;
#713 = VERTEX_POINT ( 'NONE', #1423 ) ;
#714 = CARTESIAN_POINT ( 'NONE',  ( -1.040000000000000036, 0.08000000000000020983, -1.209999999999999742 ) ) ;
#715 = CYLINDRICAL_SURFACE ( 'NONE', #1371, 0.04000000000000010492 ) ;
#716 = UNCERTAINTY_MEASURE_WITH_UNIT (LENGTH_MEASURE( 1.000000000000000082E-05 ), #1552, 'distance_accuracy_value', 'NONE');
#717 = VERTEX_POINT ( 'NONE', #609 ) ;
#718 = DIRECTION ( 'NONE',  ( 0.000000000000000000, -1.000000000000000000, 0.000000000000000000 ) ) ;
#719 =( LENGTH_UNIT ( ) NAMED_UNIT ( * ) SI_UNIT ( .MILLI., .METRE. ) );
#720 = ORIENTED_EDGE ( 'NONE', *, *, #971, .T. ) ;
#721 = CARTESIAN_POINT ( 'NONE',  ( -1.519999999999999796, 0.08000000000000020983, 1.249999999999999778 ) ) ;
#722 = CARTESIAN_POINT ( 'NONE',  ( 0.000000000000000000, 2.719999999999999751, -1.169999999999999707 ) ) ;
#723 = DIRECTION ( 'NONE',  ( 0.000000000000000000, 1.000000000000000000, 0.000000000000000000 ) ) ;
#724 = ORIENTED_EDGE ( 'NONE', *, *, #829, .F. ) ;
#725 = FACE_OUTER_BOUND ( 'NONE', #136, .T. ) ;
#726 = VECTOR ( 'NONE', #1068, 1000.000000000000000 ) ;
#727 = AXIS2_PLACEMENT_3D ( 'NONE', #2043, #600, #763 ) ;
#728 = SURFACE_STYLE_USAGE ( .BOTH. , #1399 ) ;
#729 = ORIENTED_EDGE ( 'NONE', *, *, #1049, .T. ) ;
#730 = VECTOR ( 'NONE', #427, 1000.000000000000000 ) ;
#731 = EDGE_CURVE ( 'NONE', #503, #1642, #295, .T. ) ;
#732 = CARTESIAN_POINT ( 'NONE',  ( -1.000000000000000000, 2.759999999999999787, 1.169999999999999707 ) ) ;
#733 = CARTESIAN_POINT ( 'NONE',  ( -1.040000000000000036, 0.000000000000000000, 1.169999999999999707 ) ) ;
#734 = FILL_AREA_STYLE ('',( #1224 ) ) ;
#735 = ORIENTED_EDGE ( 'NONE', *, *, #606, .T. ) ;
#736 = AXIS2_PLACEMENT_3D ( 'NONE', #951, #1449, #978 ) ;
#737 = VECTOR ( 'NONE', #134, 1000.000000000000000 ) ;
#738 =( LENGTH_UNIT ( ) NAMED_UNIT ( * ) SI_UNIT ( .MILLI., .METRE. ) );
#739 = COLOUR_RGB ( '',0.7960784313725489669, 0.8235294117647058432, 0.9372549019607843146 ) ;
#740 = DIRECTION ( 'NONE',  ( 1.000000000000000000, 0.000000000000000000, -0.000000000000000000 ) ) ;
#741 = TOROIDAL_SURFACE ( 'NONE', #736, 0.04000000000000000083, 0.04000000000000000083 ) ;
#742 = CARTESIAN_POINT ( 'NONE',  ( 1.040000000000000036, 2.799999999999999822, -1.169999999999999707 ) ) ;
#743 = DIRECTION ( 'NONE',  ( 0.000000000000000000, -1.000000000000000000, 0.000000000000000000 ) ) ;
#744 = ORIENTED_EDGE ( 'NONE', *, *, #1718, .T. ) ;
#745 = DIRECTION ( 'NONE',  ( -1.000000000000000000, 0.000000000000000000, 0.000000000000000000 ) ) ;
#746 = EDGE_CURVE ( 'NONE', #358, #1851, #1432, .T. ) ;
#747 = SURFACE_STYLE_USAGE ( .BOTH. , #912 ) ;
#748 = DIRECTION ( 'NONE',  ( 0.000000000000000000, 0.000000000000000000, 1.000000000000000000 ) ) ;
#749 = CARTESIAN_POINT ( 'NONE',  ( 500000.0000000000582, 0.04000000000000013267, 1.169999999956631731 ) ) ;
#750 = UNCERTAINTY_MEASURE_WITH_UNIT (LENGTH_MEASURE( 1.000000000000000082E-05 ), #1660, 'distance_accuracy_value', 'NONE');
#751 = FACE_OUTER_BOUND ( 'NONE', #1968, .T. ) ;
#752 = CARTESIAN_POINT ( 'NONE',  ( 1.520000000000000018, 2.719999999999999751, -1.169999999999999707 ) ) ;
#753 =( NAMED_UNIT ( * ) SI_UNIT ( $, .STERADIAN. ) SOLID_ANGLE_UNIT ( ) );
#754 = EDGE_LOOP ( 'NONE', ( #822, #998, #327, #1958 ) ) ;
#755 = EDGE_CURVE ( 'NONE', #1483, #526, #34, .T. ) ;
#756 = CARTESIAN_POINT ( 'NONE',  ( -1.000000000000000000, 0.04000000000000010492, -1.249999999999999556 ) ) ;
#757 = CARTESIAN_POINT ( 'NONE',  ( -1.000000000000000000, 2.799999999999999822, -1.209999999999999520 ) ) ;
#758 = DIRECTION ( 'NONE',  ( 2.710505431213761479E-15, 0.000000000000000000, 1.000000000000000000 ) ) ;
#759 = CARTESIAN_POINT ( 'NONE',  ( 1.520000000000000018, 2.719999999999999751, -1.249999999999999556 ) ) ;
#760 = CARTESIAN_POINT ( 'NONE',  ( -1.520000000000000018, 0.08000000000000020983, -1.249999999999999556 ) ) ;
#761 = DIRECTION ( 'NONE',  ( 0.000000000000000000, 1.000000000000000000, 0.000000000000000000 ) ) ;
#762 = ORIENTED_EDGE ( 'NONE', *, *, #829, .T. ) ;
#763 = DIRECTION ( 'NONE',  ( 1.000000000000000000, 0.000000000000000000, 0.000000000000000000 ) ) ;
#764 = FILL_AREA_STYLE ('',( #1579 ) ) ;
#765 = VECTOR ( 'NONE', #284, 1000.000000000000000 ) ;
#766 = CYLINDRICAL_SURFACE ( 'NONE', #842, 0.07999999999999998779 ) ;
#767 = DIRECTION ( 'NONE',  ( 0.000000000000000000, 0.000000000000000000, -1.000000000000000000 ) ) ;
#768 = MANIFOLD_SOLID_BREP ( 'Mirror2', #1036 ) ;
#769 = AXIS2_PLACEMENT_3D ( 'NONE', #70, #218, #388 ) ;
#770 =( GEOMETRIC_REPRESENTATION_CONTEXT ( 3 ) GLOBAL_UNCERTAINTY_ASSIGNED_CONTEXT ( ( #2037 ) ) GLOBAL_UNIT_ASSIGNED_CONTEXT ( ( #1164, #362, #378 ) ) REPRESENTATION_CONTEXT ( 'NONE', 'WORKASPACE' ) );
#771 = DIRECTION ( 'NONE',  ( -1.000000000000000000, -0.000000000000000000, 8.673617379884039170E-17 ) ) ;
#772 = ADVANCED_FACE ( 'NONE', ( #1959 ), #211, .T. ) ;
#773 = CIRCLE ( 'NONE', #418, 0.08000000000000020983 ) ;
#774 = CIRCLE ( 'NONE', #1459, 0.04000000000000010492 ) ;
#775 = DIRECTION ( 'NONE',  ( 0.000000000000000000, 0.000000000000000000, -1.000000000000000000 ) ) ;
#776 = VERTEX_POINT ( 'NONE', #356 ) ;
#777 = FILL_AREA_STYLE ('',( #468 ) ) ;
#778 = PLANE ( 'NONE',  #145 ) ;
#779 = CARTESIAN_POINT ( 'NONE',  ( 1.040000000000000036, 0.000000000000000000, 1.169999999999999707 ) ) ;
#780 = LINE ( 'NONE', #1547, #209 ) ;
#781 = EDGE_CURVE ( 'NONE', #1174, #375, #1904, .T. ) ;
#782 = CARTESIAN_POINT ( 'NONE',  ( 1.599999999999999867, 2.719999999999999751, 1.169999999999999707 ) ) ;
#783 = ORIENTED_EDGE ( 'NONE', *, *, #1570, .F. ) ;
#784 = CARTESIAN_POINT ( 'NONE',  ( 1.520000000000000018, 2.799999999999999822, -1.169999999999999707 ) ) ;
#785 = FILL_AREA_STYLE ('',( #483 ) ) ;
#786 = FILL_AREA_STYLE ('',( #1451 ) ) ;
#787 = EDGE_CURVE ( 'NONE', #1739, #1555, #111, .T. ) ;
#788 = SPHERICAL_SURFACE ( 'NONE', #152, 0.08000000000000000167 ) ;
#789 = DIRECTION ( 'NONE',  ( -0.000000000000000000, 1.000000000000000000, -0.000000000000000000 ) ) ;
#790 = LINE ( 'NONE', #612, #114 ) ;
#791 = EDGE_LOOP ( 'NONE', ( #1651, #1010, #1444, #956 ) ) ;
#792 = PRESENTATION_LAYER_ASSIGNMENT (  '', '', ( #1770 ) ) ;
#793 =( LENGTH_UNIT ( ) NAMED_UNIT ( * ) SI_UNIT ( .MILLI., .METRE. ) );
#794 = CARTESIAN_POINT ( 'NONE',  ( 1.040000000000000036, 2.799999999999999822, 1.169999999999999707 ) ) ;
#795 = ADVANCED_FACE ( 'NONE', ( #168 ), #1157, .T. ) ;
#796 = TOROIDAL_SURFACE ( 'NONE', #69, 0.04000000000000000083, 0.04000000000000000083 ) ;
#797 = DIRECTION ( 'NONE',  ( 0.000000000000000000, 0.000000000000000000, 1.000000000000000000 ) ) ;
#798 =( NAMED_UNIT ( * ) PLANE_ANGLE_UNIT ( ) SI_UNIT ( $, .RADIAN. ) );
#799 = EDGE_CURVE ( 'NONE', #1944, #1035, #801, .T. ) ;
#800 = STYLED_ITEM ( 'NONE', ( #806 ), #1029 ) ;
#801 = LINE ( 'NONE', #487, #243 ) ;
#802 = PRESENTATION_LAYER_ASSIGNMENT (  '', '', ( #2018 ) ) ;
#803 = LINE ( 'NONE', #1583, #737 ) ;
#804 = VERTEX_POINT ( 'NONE', #44 ) ;
#805 = AXIS2_PLACEMENT_3D ( 'NONE', #456, #1084, #767 ) ;
#806 = PRESENTATION_STYLE_ASSIGNMENT (( #175 ) ) ;
#807 = CARTESIAN_POINT ( 'NONE',  ( -1.000000000000000000, 0.04000000000000010492, -1.169999999999999707 ) ) ;
#808 = EDGE_CURVE ( 'NONE', #536, #358, #1341, .T. ) ;
#809 = FILL_AREA_STYLE_COLOUR ( '', #116 ) ;
#810 = ORIENTED_EDGE ( 'NONE', *, *, #1692, .T. ) ;
#811 =( LENGTH_UNIT ( ) NAMED_UNIT ( * ) SI_UNIT ( .MILLI., .METRE. ) );
#812 = SURFACE_STYLE_USAGE ( .BOTH. , #184 ) ;
#813 = EDGE_LOOP ( 'NONE', ( #1822, #729, #1081, #510 ) ) ;
#814 =( LENGTH_UNIT ( ) NAMED_UNIT ( * ) SI_UNIT ( .MILLI., .METRE. ) );
#815 = CARTESIAN_POINT ( 'NONE',  ( 1.519999999999999796, 0.08000000000000000167, 1.169999999999999707 ) ) ;
#816 = ORIENTED_EDGE ( 'NONE', *, *, #1706, .F. ) ;
#817 = DIRECTION ( 'NONE',  ( 0.000000000000000000, 0.000000000000000000, 1.000000000000000000 ) ) ;
#818 = DIRECTION ( 'NONE',  ( 0.000000000000000000, 1.000000000000000000, -0.000000000000000000 ) ) ;
#819 = EDGE_LOOP ( 'NONE', ( #1541, #2024, #1147 ) ) ;
#820 = DIRECTION ( 'NONE',  ( 0.000000000000000000, 0.000000000000000000, 1.000000000000000000 ) ) ;
#821 = PLANE ( 'NONE',  #12 ) ;
#822 = ORIENTED_EDGE ( 'NONE', *, *, #117, .F. ) ;
#823 = DIRECTION ( 'NONE',  ( 0.000000000000000000, 0.000000000000000000, 1.000000000000000000 ) ) ;
#824 = VECTOR ( 'NONE', #2012, 1000.000000000000000 ) ;
#825 = SURFACE_SIDE_STYLE ('',( #498 ) ) ;
#826 = ORIENTED_EDGE ( 'NONE', *, *, #1032, .F. ) ;
#827 = AXIS2_PLACEMENT_3D ( 'NONE', #2057, #745, #1222 ) ;
#828 = DIRECTION ( 'NONE',  ( -0.000000000000000000, 1.000000000000000000, -0.000000000000000000 ) ) ;
#829 = EDGE_CURVE ( 'NONE', #1860, #1052, #981, .T. ) ;
#830 = DIRECTION ( 'NONE',  ( 0.000000000000000000, 0.000000000000000000, 1.000000000000000000 ) ) ;
#831 = CARTESIAN_POINT ( 'NONE',  ( -1.519999999999999796, 2.719999999999999751, 1.169999999999999707 ) ) ;
#832 = EDGE_LOOP ( 'NONE', ( #1396, #1198, #1333, #1188 ) ) ;
#833 = CIRCLE ( 'NONE', #1247, 0.07999999999999998779 ) ;
#834 = VECTOR ( 'NONE', #1849, 1000.000000000000000 ) ;
#835 = PRESENTATION_LAYER_ASSIGNMENT (  '', '', ( #1846 ) ) ;
#836 = CARTESIAN_POINT ( 'NONE',  ( -1.599999999999999867, 2.719999999999999751, 1.169999999999999707 ) ) ;
#837 = DIRECTION ( 'NONE',  ( 0.000000000000000000, 1.000000000000000000, 0.000000000000000000 ) ) ;
#838 = EDGE_LOOP ( 'NONE', ( #58, #1502, #1154, #350 ) ) ;
#839 =( GEOMETRIC_REPRESENTATION_CONTEXT ( 3 ) GLOBAL_UNCERTAINTY_ASSIGNED_CONTEXT ( ( #249 ) ) GLOBAL_UNIT_ASSIGNED_CONTEXT ( ( #738, #2048, #605 ) ) REPRESENTATION_CONTEXT ( 'NONE', 'WORKASPACE' ) );
#840 = DIRECTION ( 'NONE',  ( 0.000000000000000000, 1.000000000000000000, 0.000000000000000000 ) ) ;
#841 = APPLICATION_PROTOCOL_DEFINITION ( 'draft international standard', 'automotive_design', 1998, #57 ) ;
#842 = AXIS2_PLACEMENT_3D ( 'NONE', #140, #1417, #464 ) ;
#843 = ORIENTED_EDGE ( 'NONE', *, *, #1866, .F. ) ;
#844 = SURFACE_SIDE_STYLE ('',( #326 ) ) ;
#845 = EDGE_CURVE ( 'NONE', #445, #776, #1136, .T. ) ;
#846 = DIRECTION ( 'NONE',  ( -0.000000000000000000, -0.000000000000000000, 1.000000000000000000 ) ) ;
#847 = EDGE_LOOP ( 'NONE', ( #660, #430, #1475, #38 ) ) ;
#848 =( LENGTH_UNIT ( ) NAMED_UNIT ( * ) SI_UNIT ( .MILLI., .METRE. ) );
#849 = DIRECTION ( 'NONE',  ( 0.000000000000000000, 0.000000000000000000, 1.000000000000000000 ) ) ;
#850 = ORIENTED_EDGE ( 'NONE', *, *, #1214, .T. ) ;
#851 = SURFACE_STYLE_FILL_AREA ( #74 ) ;
#852 = DIRECTION ( 'NONE',  ( 1.000000000000000000, -0.000000000000000000, 0.000000000000000000 ) ) ;
#853 = ORIENTED_EDGE ( 'NONE', *, *, #964, .F. ) ;
#854 = CARTESIAN_POINT ( 'NONE',  ( -1.000000000000000000, 0.08000000000000020983, 1.169999999999999707 ) ) ;
#855 = DIRECTION ( 'NONE',  ( -1.000000000000000000, 0.000000000000000000, 0.000000000000000000 ) ) ;
#856 = ORIENTED_EDGE ( 'NONE', *, *, #974, .F. ) ;
#857 = CARTESIAN_POINT ( 'NONE',  ( -1.040000000000000036, 0.08000000000000020983, 1.169999999999999707 ) ) ;
#858 = LINE ( 'NONE', #1524, #1217 ) ;
#859 = SURFACE_SIDE_STYLE ('',( #410 ) ) ;
#860 = ADVANCED_FACE ( 'NONE', ( #673 ), #646, .T. ) ;
#861 = CARTESIAN_POINT ( 'NONE',  ( -1.040000000000000036, 2.719999999999999751, 1.169999999999999707 ) ) ;
#862 = ORIENTED_EDGE ( 'NONE', *, *, #259, .T. ) ;
#863 = PRESENTATION_LAYER_ASSIGNMENT (  '', '', ( #595 ) ) ;
#864 = UNCERTAINTY_MEASURE_WITH_UNIT (LENGTH_MEASURE( 1.000000000000000082E-05 ), #1965, 'distance_accuracy_value', 'NONE');
#865 = EDGE_CURVE ( 'NONE', #1035, #421, #205, .T. ) ;
#866 = AXIS2_PLACEMENT_3D ( 'NONE', #1248, #458, #953 ) ;
#867 = CARTESIAN_POINT ( 'NONE',  ( -1.040000000000000036, 0.08000000000000020983, -1.249999999999999556 ) ) ;
#868 = ORIENTED_EDGE ( 'NONE', *, *, #1570, .T. ) ;
#869 = MECHANICAL_DESIGN_GEOMETRIC_PRESENTATION_REPRESENTATION (  '', ( #800 ), #1043 ) ;
#870 = CARTESIAN_POINT ( 'NONE',  ( -1.040000000000000036, 2.799999999999999822, 1.169999999999999707 ) ) ;
#871 = AXIS2_PLACEMENT_3D ( 'NONE', #398, #1334, #49 ) ;
#872 = DIRECTION ( 'NONE',  ( 0.000000000000000000, 0.000000000000000000, 1.000000000000000000 ) ) ;
#873 = ORIENTED_EDGE ( 'NONE', *, *, #1664, .F. ) ;
#874 = AXIS2_PLACEMENT_3D ( 'NONE', #1730, #743, #2005 ) ;
#875 = MECHANICAL_DESIGN_GEOMETRIC_PRESENTATION_REPRESENTATION (  '', ( #663 ), #1621 ) ;
#876 = DIRECTION ( 'NONE',  ( 1.000000000000000000, 0.000000000000000000, 0.000000000000000000 ) ) ;
#877 = DIRECTION ( 'NONE',  ( 0.000000000000000000, 1.000000000000000000, 0.000000000000000000 ) ) ;
#878 = ORIENTED_EDGE ( 'NONE', *, *, #944, .F. ) ;
#879 = VECTOR ( 'NONE', #1979, 1000.000000000000000 ) ;
#880 = ADVANCED_FACE ( 'NONE', ( #1925 ), #491, .T. ) ;
#881 = EDGE_CURVE ( 'NONE', #1052, #1319, #910, .T. ) ;
#882 = VECTOR ( 'NONE', #24, 1000.000000000000000 ) ;
#883 = DIRECTION ( 'NONE',  ( 0.000000000000000000, 0.000000000000000000, -1.000000000000000000 ) ) ;
#884 = ORIENTED_EDGE ( 'NONE', *, *, #230, .F. ) ;
#885 = SPHERICAL_SURFACE ( 'NONE', #477, 0.08000000000000000167 ) ;
#886 = DIRECTION ( 'NONE',  ( 1.000000000000000000, 0.000000000000000000, 0.000000000000000000 ) ) ;
#887 = ORIENTED_EDGE ( 'NONE', *, *, #1327, .T. ) ;
#888 = CYLINDRICAL_SURFACE ( 'NONE', #1813, 0.07999999999999998779 ) ;
#889 = CARTESIAN_POINT ( 'NONE',  ( 1.000000000000000000, 2.719999999999999751, -1.209999999999999520 ) ) ;
#890 = ORIENTED_EDGE ( 'NONE', *, *, #1501, .T. ) ;
#891 = UNCERTAINTY_MEASURE_WITH_UNIT (LENGTH_MEASURE( 1.000000000000000082E-05 ), #1219, 'distance_accuracy_value', 'NONE');
#892 = EDGE_CURVE ( 'NONE', #582, #539, #4, .T. ) ;
#893 = CARTESIAN_POINT ( 'NONE',  ( 1.000000000090039975, 0.04000000000000010492, -1.169999999999999707 ) ) ;
#894 = SURFACE_STYLE_FILL_AREA ( #118 ) ;
#895 = SURFACE_STYLE_USAGE ( .BOTH. , #451 ) ;
#896 = ORIENTED_EDGE ( 'NONE', *, *, #1913, .F. ) ;
#897 = CARTESIAN_POINT ( 'NONE',  ( -1.599999999999999867, 2.719999999999999751, 1.249999999999999778 ) ) ;
#898 = DIRECTION ( 'NONE',  ( 0.000000000000000000, 0.000000000000000000, 1.000000000000000000 ) ) ;
#899 = DIRECTION ( 'NONE',  ( -1.000000000000000000, 2.710505431213753985E-15, -0.000000000000000000 ) ) ;
#900 = CARTESIAN_POINT ( 'NONE',  ( 500000.0000000000582, 2.759999999999999787, -1.170000000043367683 ) ) ;
#901 = UNCERTAINTY_MEASURE_WITH_UNIT (LENGTH_MEASURE( 1.000000000000000082E-05 ), #719, 'distance_accuracy_value', 'NONE');
#902 = CARTESIAN_POINT ( 'NONE',  ( 0.9999999999763531378, 0.08000000000000020983, -1.209999999999999742 ) ) ;
#903 = PRESENTATION_LAYER_ASSIGNMENT (  '', '', ( #630 ) ) ;
#904 = ADVANCED_FACE ( 'NONE', ( #256 ), #888, .T. ) ;
#905 = AXIS2_PLACEMENT_3D ( 'NONE', #1158, #200, #153 ) ;
#906 = LINE ( 'NONE', #1533, #1720 ) ;
#907 = LINE ( 'NONE', #1211, #283 ) ;
#908 = ORIENTED_EDGE ( 'NONE', *, *, #2051, .T. ) ;
#909 = AXIS2_PLACEMENT_3D ( 'NONE', #1867, #2030, #66 ) ;
#910 = CIRCLE ( 'NONE', #1518, 0.07999999999999998779 ) ;
#911 = DIRECTION ( 'NONE',  ( -0.000000000000000000, 1.000000000000000000, 0.000000000000000000 ) ) ;
#912 = SURFACE_SIDE_STYLE ('',( #1712 ) ) ;
#913 = DIRECTION ( 'NONE',  ( 0.000000000000000000, 0.000000000000000000, -1.000000000000000000 ) ) ;
#914 = CARTESIAN_POINT ( 'NONE',  ( 1.000000000000000000, 0.04000000000000010492, -1.249999999999999556 ) ) ;
#915 = AXIS2_PLACEMENT_3D ( 'NONE', #1637, #1951, #820 ) ;
#916 = MECHANICAL_DESIGN_GEOMETRIC_PRESENTATION_REPRESENTATION (  '', ( #1557 ), #839 ) ;
#917 = CARTESIAN_POINT ( 'NONE',  ( -1.000000000000000000, 2.759999999999999787, -1.169999999999999707 ) ) ;
#918 = AXIS2_PLACEMENT_3D ( 'NONE', #1662, #413, #1352 ) ;
#919 = DIRECTION ( 'NONE',  ( -1.000000000000000000, -0.000000000000000000, -0.000000000000000000 ) ) ;
#920 = VECTOR ( 'NONE', #629, 1000.000000000000000 ) ;
#921 = EDGE_CURVE ( 'NONE', #526, #1835, #1702, .T. ) ;
#922 = SURFACE_STYLE_USAGE ( .BOTH. , #1055 ) ;
#923 = EDGE_LOOP ( 'NONE', ( #1669, #452, #1819 ) ) ;
#924 = CARTESIAN_POINT ( 'NONE',  ( -1.000000000000000000, 0.08000000000000020983, 1.169999999999999707 ) ) ;
#925 = ORIENTED_EDGE ( 'NONE', *, *, #1692, .F. ) ;
#926 = DIRECTION ( 'NONE',  ( 1.000000000000000000, 0.000000000000000000, -8.673617379884036705E-17 ) ) ;
#927 = CARTESIAN_POINT ( 'NONE',  ( -1.520000000000000018, 2.799999999999999822, -1.249999999999999556 ) ) ;
#928 = DIRECTION ( 'NONE',  ( -0.000000000000000000, -1.000000000000000000, -0.000000000000000000 ) ) ;
#929 = DIRECTION ( 'NONE',  ( 0.000000000000000000, 1.000000000000000000, 0.000000000000000000 ) ) ;
#930 = ORIENTED_EDGE ( 'NONE', *, *, #1926, .T. ) ;
#931 = DIRECTION ( 'NONE',  ( 1.000000000000000000, 0.000000000000000000, -8.673617379884036705E-17 ) ) ;
#932 = FACE_OUTER_BOUND ( 'NONE', #1635, .T. ) ;
#933 = DIRECTION ( 'NONE',  ( 0.000000000000000000, 1.000000000000000000, 0.000000000000000000 ) ) ;
#934 = EDGE_CURVE ( 'NONE', #1252, #1434, #265, .T. ) ;
#935 = SURFACE_SIDE_STYLE ('',( #281 ) ) ;
#936 = DIRECTION ( 'NONE',  ( 8.673617379884039170E-17, -0.000000000000000000, 1.000000000000000000 ) ) ;
#937 = ADVANCED_FACE ( 'NONE', ( #1079 ), #1694, .T. ) ;
#938 = FILL_AREA_STYLE_COLOUR ( '', #149 ) ;
#939 = ORIENTED_EDGE ( 'NONE', *, *, #731, .T. ) ;
#940 = CIRCLE ( 'NONE', #905, 0.07999999999999998779 ) ;
#941 = DIRECTION ( 'NONE',  ( 0.000000000000000000, 0.000000000000000000, -1.000000000000000000 ) ) ;
#942 = AXIS2_PLACEMENT_3D ( 'NONE', #1902, #919, #618 ) ;
#943 = DIRECTION ( 'NONE',  ( 1.000000000000000000, -0.000000000000000000, -0.000000000000000000 ) ) ;
#944 = EDGE_CURVE ( 'NONE', #1995, #1280, #700, .T. ) ;
#945 = SURFACE_STYLE_USAGE ( .BOTH. , #310 ) ;
#946 = AXIS2_PLACEMENT_3D ( 'NONE', #63, #1317, #691 ) ;
#947 = SURFACE_STYLE_FILL_AREA ( #1440 ) ;
#948 = AXIS2_PLACEMENT_3D ( 'NONE', #1900, #967, #1430 ) ;
#949 =( NAMED_UNIT ( * ) SI_UNIT ( $, .STERADIAN. ) SOLID_ANGLE_UNIT ( ) );
#950 = ORIENTED_EDGE ( 'NONE', *, *, #1926, .F. ) ;
#951 = CARTESIAN_POINT ( 'NONE',  ( -1.040000000000000036, 2.719999999999999751, -1.169999999999999707 ) ) ;
#952 = PRESENTATION_STYLE_ASSIGNMENT (( #1640 ) ) ;
#953 = DIRECTION ( 'NONE',  ( 0.000000000000000000, 0.000000000000000000, 1.000000000000000000 ) ) ;
#954 = EDGE_CURVE ( 'NONE', #1987, #1721, #1652, .T. ) ;
#955 = FACE_OUTER_BOUND ( 'NONE', #1793, .T. ) ;
#956 = ORIENTED_EDGE ( 'NONE', *, *, #531, .F. ) ;
#957 = DIRECTION ( 'NONE',  ( 1.000000000000000000, 0.000000000000000000, 0.000000000000000000 ) ) ;
#958 = FILL_AREA_STYLE_COLOUR ( '', #1108 ) ;
#959 = DIRECTION ( 'NONE',  ( 1.000000000000000000, 0.000000000000000000, -0.000000000000000000 ) ) ;
#960 = PRESENTATION_STYLE_ASSIGNMENT (( #945 ) ) ;
#961 = DIRECTION ( 'NONE',  ( -1.000000000000000000, 0.000000000000000000, 0.000000000000000000 ) ) ;
#962 =( LENGTH_UNIT ( ) NAMED_UNIT ( * ) SI_UNIT ( .MILLI., .METRE. ) );
#963 = ORIENTED_EDGE ( 'NONE', *, *, #1501, .F. ) ;
#964 = EDGE_CURVE ( 'NONE', #1747, #445, #572, .T. ) ;
#965 = MECHANICAL_DESIGN_GEOMETRIC_PRESENTATION_REPRESENTATION (  '', ( #470 ), #2046 ) ;
#966 = DIRECTION ( 'NONE',  ( 0.000000000000000000, -1.000000000000000000, 0.000000000000000000 ) ) ;
#967 = DIRECTION ( 'NONE',  ( 1.000000000000000000, -0.000000000000000000, -0.000000000000000000 ) ) ;
#968 = CIRCLE ( 'NONE', #599, 0.04000000000000010492 ) ;
#969 = PRESENTATION_LAYER_ASSIGNMENT (  '', '', ( #72 ) ) ;
#970 = FACE_OUTER_BOUND ( 'NONE', #2045, .T. ) ;
#971 = EDGE_CURVE ( 'NONE', #1661, #1851, #1003, .T. ) ;
#972 = MECHANICAL_DESIGN_GEOMETRIC_PRESENTATION_REPRESENTATION (  '', ( #1008 ), #1722 ) ;
#973 = CARTESIAN_POINT ( 'NONE',  ( 1.000000000000000000, 0.04000000000000020900, 1.169999999999999707 ) ) ;
#974 = EDGE_CURVE ( 'NONE', #1747, #41, #1776, .T. ) ;
#975 = ORIENTED_EDGE ( 'NONE', *, *, #395, .T. ) ;
#976 = AXIS2_PLACEMENT_3D ( 'NONE', #340, #315, #1288 ) ;
#977 = CYLINDRICAL_SURFACE ( 'NONE', #1519, 0.07999999999999998779 ) ;
#978 = DIRECTION ( 'NONE',  ( 0.000000000000000000, 0.000000000000000000, 1.000000000000000000 ) ) ;
#979 = SURFACE_STYLE_USAGE ( .BOTH. , #514 ) ;
#980 = ORIENTED_EDGE ( 'NONE', *, *, #1340, .F. ) ;
#981 = LINE ( 'NONE', #1633, #1748 ) ;
#982 = DIRECTION ( 'NONE',  ( -1.000000000000000000, 0.000000000000000000, 0.000000000000000000 ) ) ;
#983 = VERTEX_POINT ( 'NONE', #107 ) ;
#984 = FACE_OUTER_BOUND ( 'NONE', #124, .T. ) ;
#985 = DIRECTION ( 'NONE',  ( 0.000000000000000000, -1.000000000000000000, 0.000000000000000000 ) ) ;
#986 = ORIENTED_EDGE ( 'NONE', *, *, #1743, .T. ) ;
#987 = SURFACE_STYLE_FILL_AREA ( #786 ) ;
#988 = DIRECTION ( 'NONE',  ( -1.000000000000000000, 0.000000000000000000, 0.000000000000000000 ) ) ;
#989 = VERTEX_POINT ( 'NONE', #733 ) ;
#990 = ADVANCED_FACE ( 'NONE', ( #584 ), #1838, .T. ) ;
#991 = SURFACE_STYLE_FILL_AREA ( #516 ) ;
#992 = ORIENTED_EDGE ( 'NONE', *, *, #586, .T. ) ;
#993 = DIRECTION ( 'NONE',  ( 0.000000000000000000, 0.000000000000000000, -1.000000000000000000 ) ) ;
#994 = ORIENTED_EDGE ( 'NONE', *, *, #1259, .F. ) ;
#995 = LINE ( 'NONE', #207, #1935 ) ;
#996 =( GEOMETRIC_REPRESENTATION_CONTEXT ( 3 ) GLOBAL_UNCERTAINTY_ASSIGNED_CONTEXT ( ( #1672 ) ) GLOBAL_UNIT_ASSIGNED_CONTEXT ( ( #2074, #195, #1106 ) ) REPRESENTATION_CONTEXT ( 'NONE', 'WORKASPACE' ) );
#997 = LINE ( 'NONE', #542, #640 ) ;
#998 = ORIENTED_EDGE ( 'NONE', *, *, #755, .T. ) ;
#999 = ADVANCED_FACE ( 'NONE', ( #932 ), #139, .T. ) ;
#1000 = CIRCLE ( 'NONE', #1746, 0.04000000000000010492 ) ;
#1001 = DIRECTION ( 'NONE',  ( -2.710505431213761479E-15, 0.000000000000000000, 1.000000000000000000 ) ) ;
#1002 = AXIS2_PLACEMENT_3D ( 'NONE', #1390, #555, #883 ) ;
#1003 = CIRCLE ( 'NONE', #1171, 0.07999999999999998779 ) ;
#1004 = DIRECTION ( 'NONE',  ( -0.000000000000000000, -0.000000000000000000, -1.000000000000000000 ) ) ;
#1005 = ORIENTED_EDGE ( 'NONE', *, *, #31, .F. ) ;
#1006 = CIRCLE ( 'NONE', #1553, 0.07999999999999998779 ) ;
#1007 = AXIS2_PLACEMENT_3D ( 'NONE', #1850, #271, #287 ) ;
#1008 = STYLED_ITEM ( 'NONE', ( #488 ), #1264 ) ;
#1009 = DIRECTION ( 'NONE',  ( -1.000000000000000000, 0.000000000000000000, 0.000000000000000000 ) ) ;
#1010 = ORIENTED_EDGE ( 'NONE', *, *, #2051, .F. ) ;
#1011 = COLOUR_RGB ( '',0.7960784313725489669, 0.8235294117647058432, 0.9372549019607843146 ) ;
#1012 = PRESENTATION_STYLE_ASSIGNMENT (( #1181 ) ) ;
#1013 = LINE ( 'NONE', #671, #879 ) ;
#1014 = ORIENTED_EDGE ( 'NONE', *, *, #422, .T. ) ;
#1015 = DIRECTION ( 'NONE',  ( 0.000000000000000000, 0.000000000000000000, -1.000000000000000000 ) ) ;
#1016 = UNCERTAINTY_MEASURE_WITH_UNIT (LENGTH_MEASURE( 1.000000000000000082E-05 ), #962, 'distance_accuracy_value', 'NONE');
#1017 = FACE_OUTER_BOUND ( 'NONE', #1353, .T. ) ;
#1018 = CARTESIAN_POINT ( 'NONE',  ( -1.000000000000000000, 0.04000000000000010492, -1.169999999999999707 ) ) ;
#1019 = ORIENTED_EDGE ( 'NONE', *, *, #881, .T. ) ;
#1020 = EDGE_CURVE ( 'NONE', #1555, #246, #463, .T. ) ;
#1021 = DIRECTION ( 'NONE',  ( 0.000000000000000000, -1.000000000000000000, 0.000000000000000000 ) ) ;
#1022 =( NAMED_UNIT ( * ) SI_UNIT ( $, .STERADIAN. ) SOLID_ANGLE_UNIT ( ) );
#1023 = ORIENTED_EDGE ( 'NONE', *, *, #1679, .F. ) ;
#1024 = FACE_OUTER_BOUND ( 'NONE', #33, .T. ) ;
#1025 = DIRECTION ( 'NONE',  ( 1.000000000000000000, 0.000000000000000000, 0.000000000000000000 ) ) ;
#1026 = VERTEX_POINT ( 'NONE', #1588 ) ;
#1027 = LINE ( 'NONE', #902, #2049 ) ;
#1028 = ORIENTED_EDGE ( 'NONE', *, *, #385, .T. ) ;
#1029 = ADVANCED_FACE ( 'NONE', ( #1447 ), #778, .F. ) ;
#1030 = ADVANCED_FACE ( 'NONE', ( #1929 ), #977, .T. ) ;
#1031 = CARTESIAN_POINT ( 'NONE',  ( 1.600000000000000089, 2.799999999999999822, -1.249999999999999556 ) ) ;
#1032 = EDGE_CURVE ( 'NONE', #1026, #421, #1303, .T. ) ;
#1033 = ORIENTED_EDGE ( 'NONE', *, *, #365, .F. ) ;
#1034 = CARTESIAN_POINT ( 'NONE',  ( -1.520000000000000018, 2.719999999999999751, 1.318389841742373638E-16 ) ) ;
#1035 = VERTEX_POINT ( 'NONE', #836 ) ;
#1036 = CLOSED_SHELL ( 'NONE', ( #1089, #2032, #89, #1029, #1239, #2003, #999, #1509, #1443, #1177, #1469, #1030, #164, #156, #795, #1127, #2061, #457, #1953, #621, #1364, #1377, #990, #1697, #450, #1264 ) ) ;
#1037 = UNCERTAINTY_MEASURE_WITH_UNIT (LENGTH_MEASURE( 1.000000000000000082E-05 ), #596, 'distance_accuracy_value', 'NONE');
#1038 = AXIS2_PLACEMENT_3D ( 'NONE', #1253, #911, #1732 ) ;
#1039 = DIRECTION ( 'NONE',  ( 0.000000000000000000, 0.000000000000000000, 1.000000000000000000 ) ) ;
#1040 = EDGE_CURVE ( 'NONE', #355, #1835, #653, .T. ) ;
#1041 = VERTEX_POINT ( 'NONE', #508 ) ;
#1042 = PRODUCT_DEFINITION_SHAPE ( 'NONE', 'NONE',  #289 ) ;
#1043 =( GEOMETRIC_REPRESENTATION_CONTEXT ( 3 ) GLOBAL_UNCERTAINTY_ASSIGNED_CONTEXT ( ( #1816 ) ) GLOBAL_UNIT_ASSIGNED_CONTEXT ( ( #811, #1429, #328 ) ) REPRESENTATION_CONTEXT ( 'NONE', 'WORKASPACE' ) );
#1044 = MECHANICAL_DESIGN_GEOMETRIC_PRESENTATION_REPRESENTATION (  '', ( #247 ), #607 ) ;
#1045 = DIRECTION ( 'NONE',  ( 0.000000000000000000, 0.000000000000000000, -1.000000000000000000 ) ) ;
#1046 = ORIENTED_EDGE ( 'NONE', *, *, #79, .F. ) ;
#1047 = PRESENTATION_LAYER_ASSIGNMENT (  '', '', ( #1719 ) ) ;
#1048 = AXIS2_PLACEMENT_3D ( 'NONE', #2068, #1129, #775 ) ;
#1049 = EDGE_CURVE ( 'NONE', #1252, #1184, #702, .T. ) ;
#1050 = DIRECTION ( 'NONE',  ( 1.000000000000000000, 0.000000000000000000, 0.000000000000000000 ) ) ;
#1051 = LINE ( 'NONE', #1528, #1591 ) ;
#1052 = VERTEX_POINT ( 'NONE', #1659 ) ;
#1053 =( GEOMETRIC_REPRESENTATION_CONTEXT ( 3 ) GLOBAL_UNCERTAINTY_ASSIGNED_CONTEXT ( ( #1983 ) ) GLOBAL_UNIT_ASSIGNED_CONTEXT ( ( #8, #1797, #1022 ) ) REPRESENTATION_CONTEXT ( 'NONE', 'WORKASPACE' ) );
#1054 = LINE ( 'NONE', #260, #730 ) ;
#1055 = SURFACE_SIDE_STYLE ('',( #286 ) ) ;
#1056 = FILL_AREA_STYLE_COLOUR ( '', #1453 ) ;
#1057 = EDGE_LOOP ( 'NONE', ( #1478, #110, #648, #1824 ) ) ;
#1058 = CARTESIAN_POINT ( 'NONE',  ( -1.000000000000000000, 2.719999999999999751, -1.249999999999999556 ) ) ;
#1059 = DIRECTION ( 'NONE',  ( 1.000000000000000000, 0.000000000000000000, 0.000000000000000000 ) ) ;
#1060 = DIRECTION ( 'NONE',  ( -1.000000000000000000, 0.000000000000000000, 0.000000000000000000 ) ) ;
#1061 = ORIENTED_EDGE ( 'NONE', *, *, #1327, .F. ) ;
#1062 = DIRECTION ( 'NONE',  ( 0.000000000000000000, -0.000000000000000000, -1.000000000000000000 ) ) ;
#1063 = EDGE_CURVE ( 'NONE', #1826, #393, #1454, .T. ) ;
#1064 = VERTEX_POINT ( 'NONE', #1490 ) ;
#1065 = DIRECTION ( 'NONE',  ( 0.000000000000000000, -1.000000000000000000, 0.000000000000000000 ) ) ;
#1066 = CARTESIAN_POINT ( 'NONE',  ( 1.520000000000000018, 2.799999999999999822, -1.249999999999999556 ) ) ;
#1067 = PRESENTATION_STYLE_ASSIGNMENT (( #1080 ) ) ;
#1068 = DIRECTION ( 'NONE',  ( 0.000000000000000000, 0.000000000000000000, -1.000000000000000000 ) ) ;
#1069 = UNCERTAINTY_MEASURE_WITH_UNIT (LENGTH_MEASURE( 1.000000000000000082E-05 ), #1391, 'distance_accuracy_value', 'NONE');
#1070 = FACE_OUTER_BOUND ( 'NONE', #699, .T. ) ;
#1071 = EDGE_CURVE ( 'NONE', #1319, #1041, #504, .T. ) ;
#1072 = EDGE_CURVE ( 'NONE', #989, #717, #1586, .T. ) ;
#1073 = CARTESIAN_POINT ( 'NONE',  ( -1.000000000000000000, 2.759999999999999787, -1.169999999999999707 ) ) ;
#1074 = CIRCLE ( 'NONE', #1038, 0.04000000000000010492 ) ;
#1075 = VECTOR ( 'NONE', #789, 1000.000000000000000 ) ;
#1076 = ORIENTED_EDGE ( 'NONE', *, *, #1917, .T. ) ;
#1077 = COLOUR_RGB ( '',0.7960784313725489669, 0.8235294117647058432, 0.9372549019607843146 ) ;
#1078 = LINE ( 'NONE', #756, #1165 ) ;
#1079 = FACE_OUTER_BOUND ( 'NONE', #657, .T. ) ;
#1080 = SURFACE_STYLE_USAGE ( .BOTH. , #2011 ) ;
#1081 = ORIENTED_EDGE ( 'NONE', *, *, #213, .T. ) ;
#1082 =( GEOMETRIC_REPRESENTATION_CONTEXT ( 3 ) GLOBAL_UNCERTAINTY_ASSIGNED_CONTEXT ( ( #750 ) ) GLOBAL_UNIT_ASSIGNED_CONTEXT ( ( #1660, #1335, #262 ) ) REPRESENTATION_CONTEXT ( 'NONE', 'WORKASPACE' ) );
#1083 = COLOUR_RGB ( '',0.7960784313725489669, 0.8235294117647058432, 0.9372549019607843146 ) ;
#1084 = DIRECTION ( 'NONE',  ( -1.000000000000000000, 0.000000000000000000, 0.000000000000000000 ) ) ;
#1085 = LINE ( 'NONE', #1581, #658 ) ;
#1086 = FILL_AREA_STYLE ('',( #270 ) ) ;
#1087 = PRESENTATION_STYLE_ASSIGNMENT (( #895 ) ) ;
#1088 = ORIENTED_EDGE ( 'NONE', *, *, #353, .F. ) ;
#1089 = ADVANCED_FACE ( 'NONE', ( #359 ), #1160, .F. ) ;
#1090 = DIRECTION ( 'NONE',  ( 0.000000000000000000, 0.000000000000000000, 1.000000000000000000 ) ) ;
#1091 = DIRECTION ( 'NONE',  ( 0.000000000000000000, 0.000000000000000000, -1.000000000000000000 ) ) ;
#1092 = FACE_OUTER_BOUND ( 'NONE', #1644, .T. ) ;
#1093 = CARTESIAN_POINT ( 'NONE',  ( 1.600000000000000089, 2.799999999999999822, -1.169999999999999707 ) ) ;
#1094 = PRESENTATION_STYLE_ASSIGNMENT (( #1738 ) ) ;
#1095 = ORIENTED_EDGE ( 'NONE', *, *, #348, .F. ) ;
#1096 = DIRECTION ( 'NONE',  ( 0.000000000000000000, 1.000000000000000000, 0.000000000000000000 ) ) ;
#1097 = CARTESIAN_POINT ( 'NONE',  ( 500000.0000000000582, 0.08000000000000020983, 1.209999999956631767 ) ) ;
#1098 = DIRECTION ( 'NONE',  ( 0.000000000000000000, -1.000000000000000000, 0.000000000000000000 ) ) ;
#1099 = SURFACE_STYLE_FILL_AREA ( #1893 ) ;
#1100 = DIRECTION ( 'NONE',  ( 1.000000000000000000, 0.000000000000000000, -8.673617379884039170E-17 ) ) ;
#1101 = ORIENTED_EDGE ( 'NONE', *, *, #239, .T. ) ;
#1102 = VECTOR ( 'NONE', #622, 1000.000000000000000 ) ;
#1103 = DIRECTION ( 'NONE',  ( -1.000000000000000000, 0.000000000000000000, 0.000000000000000000 ) ) ;
#1104 = AXIS2_PLACEMENT_3D ( 'NONE', #1624, #349, #1948 ) ;
#1105 = ADVANCED_FACE ( 'NONE', ( #687 ), #1144, .T. ) ;
#1106 =( NAMED_UNIT ( * ) SI_UNIT ( $, .STERADIAN. ) SOLID_ANGLE_UNIT ( ) );
#1107 = PRESENTATION_STYLE_ASSIGNMENT (( #474 ) ) ;
#1108 = COLOUR_RGB ( '',0.7960784313725489669, 0.8235294117647058432, 0.9372549019607843146 ) ;
#1109 = MECHANICAL_DESIGN_GEOMETRIC_PRESENTATION_REPRESENTATION (  '', ( #2018 ), #1982 ) ;
#1110 = EDGE_CURVE ( 'NONE', #1661, #804, #1790, .T. ) ;
#1111 = CARTESIAN_POINT ( 'NONE',  ( 500000.0000000000582, 2.759999999999999787, 1.169999999956631731 ) ) ;
#1112 = AXIS2_PLACEMENT_3D ( 'NONE', #1681, #1650, #1025 ) ;
#1113 =( GEOMETRIC_REPRESENTATION_CONTEXT ( 3 ) GLOBAL_UNCERTAINTY_ASSIGNED_CONTEXT ( ( #1205 ) ) GLOBAL_UNIT_ASSIGNED_CONTEXT ( ( #123, #2059, #1863 ) ) REPRESENTATION_CONTEXT ( 'NONE', 'WORKASPACE' ) );
#1114 = EDGE_CURVE ( 'NONE', #539, #1995, #1178, .T. ) ;
#1115 = ORIENTED_EDGE ( 'NONE', *, *, #1250, .F. ) ;
#1116 = SURFACE_SIDE_STYLE ('',( #628 ) ) ;
#1117 =( NAMED_UNIT ( * ) PLANE_ANGLE_UNIT ( ) SI_UNIT ( $, .RADIAN. ) );
#1118 = DIRECTION ( 'NONE',  ( -8.673617379884036705E-17, 0.000000000000000000, 1.000000000000000000 ) ) ;
#1119 = CARTESIAN_POINT ( 'NONE',  ( 500000.0000000000582, 0.08000000000000020983, -1.210000000043367718 ) ) ;
#1120 = CARTESIAN_POINT ( 'NONE',  ( 1.040000000000000036, 2.759999999999999787, -1.169999999999999707 ) ) ;
#1121 = ADVANCED_FACE ( 'NONE', ( #1667 ), #1510, .T. ) ;
#1122 = DIRECTION ( 'NONE',  ( 0.000000000000000000, 0.000000000000000000, 1.000000000000000000 ) ) ;
#1123 = ORIENTED_EDGE ( 'NONE', *, *, #606, .F. ) ;
#1124 = SURFACE_SIDE_STYLE ('',( #2058 ) ) ;
#1125 = CARTESIAN_POINT ( 'NONE',  ( 1.040000000000000036, 2.719999999999999751, -1.169999999999999707 ) ) ;
#1126 = FILL_AREA_STYLE_COLOUR ( '', #30 ) ;
#1127 = ADVANCED_FACE ( 'NONE', ( #984 ), #428, .T. ) ;
#1128 = CARTESIAN_POINT ( 'NONE',  ( -1.519999999999999796, 2.799999999999999822, 1.169999999999999707 ) ) ;
#1129 = DIRECTION ( 'NONE',  ( -1.000000000000000000, -0.000000000000000000, -0.000000000000000000 ) ) ;
#1130 = EDGE_LOOP ( 'NONE', ( #627, #1610, #884, #553 ) ) ;
#1131 = MECHANICAL_DESIGN_GEOMETRIC_PRESENTATION_REPRESENTATION (  '', ( #595 ), #1134 ) ;
#1132 = CARTESIAN_POINT ( 'NONE',  ( 1.040000000000000036, 2.799999999999999822, 1.249999999999999778 ) ) ;
#1133 = ORIENTED_EDGE ( 'NONE', *, *, #1728, .T. ) ;
#1134 =( GEOMETRIC_REPRESENTATION_CONTEXT ( 3 ) GLOBAL_UNCERTAINTY_ASSIGNED_CONTEXT ( ( #81 ) ) GLOBAL_UNIT_ASSIGNED_CONTEXT ( ( #1351, #1649, #221 ) ) REPRESENTATION_CONTEXT ( 'NONE', 'WORKASPACE' ) );
#1135 = CARTESIAN_POINT ( 'NONE',  ( -1.040000000000000036, 0.08000000000000020983, -1.169999999999999707 ) ) ;
#1136 = CIRCLE ( 'NONE', #635, 0.07999999999999998779 ) ;
#1137 = AXIS2_PLACEMENT_3D ( 'NONE', #1646, #204, #701 ) ;
#1138 = PRESENTATION_STYLE_ASSIGNMENT (( #499 ) ) ;
#1139 = AXIS2_PLACEMENT_3D ( 'NONE', #567, #613, #886 ) ;
#1140 = CIRCLE ( 'NONE', #544, 0.07999999999999998779 ) ;
#1141 =( LENGTH_UNIT ( ) NAMED_UNIT ( * ) SI_UNIT ( .MILLI., .METRE. ) );
#1142 = ORIENTED_EDGE ( 'NONE', *, *, #1623, .T. ) ;
#1143 = MECHANICAL_DESIGN_GEOMETRIC_PRESENTATION_REPRESENTATION (  '', ( #1389 ), #1053 ) ;
#1144 = CYLINDRICAL_SURFACE ( 'NONE', #871, 0.04000000000000010492 ) ;
#1145 = PRESENTATION_STYLE_ASSIGNMENT (( #812 ) ) ;
#1146 = EDGE_CURVE ( 'NONE', #1905, #358, #1227, .T. ) ;
#1147 = ORIENTED_EDGE ( 'NONE', *, *, #1071, .F. ) ;
#1148 = FACE_OUTER_BOUND ( 'NONE', #1584, .T. ) ;
#1149 = EDGE_LOOP ( 'NONE', ( #1521, #1142, #963, #826 ) ) ;
#1150 = CARTESIAN_POINT ( 'NONE',  ( -1.520000000000000018, 0.08000000000000000167, -1.169999999999999707 ) ) ;
#1151 = ORIENTED_EDGE ( 'NONE', *, *, #77, .T. ) ;
#1152 = ADVANCED_FACE ( 'NONE', ( #437 ), #1523, .F. ) ;
#1153 = DIRECTION ( 'NONE',  ( 0.000000000000000000, 0.000000000000000000, -1.000000000000000000 ) ) ;
#1154 = ORIENTED_EDGE ( 'NONE', *, *, #1636, .T. ) ;
#1155 = CARTESIAN_POINT ( 'NONE',  ( 1.000000000090039975, 0.08000000000000020983, 1.209999999999999964 ) ) ;
#1156 = ORIENTED_EDGE ( 'NONE', *, *, #1538, .T. ) ;
#1157 = CYLINDRICAL_SURFACE ( 'NONE', #1104, 0.07999999999999998779 ) ;
#1158 = CARTESIAN_POINT ( 'NONE',  ( 1.040000000000000036, 0.08000000000000020983, 1.169999999999999707 ) ) ;
#1159 = ORIENTED_EDGE ( 'NONE', *, *, #1307, .T. ) ;
#1160 = PLANE ( 'NONE',  #541 ) ;
#1161 = PLANE ( 'NONE',  #1687 ) ;
#1162 = EDGE_LOOP ( 'NONE', ( #380, #223, #22, #1023 ) ) ;
#1163 = VECTOR ( 'NONE', #1792, 1000.000000000000000 ) ;
#1164 =( LENGTH_UNIT ( ) NAMED_UNIT ( * ) SI_UNIT ( .MILLI., .METRE. ) );
#1165 = VECTOR ( 'NONE', #138, 1000.000000000000000 ) ;
#1166 = DIRECTION ( 'NONE',  ( 0.000000000000000000, 0.000000000000000000, 1.000000000000000000 ) ) ;
#1167 = ORIENTED_EDGE ( 'NONE', *, *, #531, .T. ) ;
#1168 = CARTESIAN_POINT ( 'NONE',  ( 1.000000000000000000, 2.719999999999999751, 1.169999999999999707 ) ) ;
#1169 = VECTOR ( 'NONE', #1745, 1000.000000000000000 ) ;
#1170 = EDGE_CURVE ( 'NONE', #48, #246, #906, .T. ) ;
#1171 = AXIS2_PLACEMENT_3D ( 'NONE', #1854, #424, #1050 ) ;
#1172 = DIRECTION ( 'NONE',  ( 0.000000000000000000, 0.000000000000000000, 1.000000000000000000 ) ) ;
#1173 = DIRECTION ( 'NONE',  ( 0.000000000000000000, 0.000000000000000000, -1.000000000000000000 ) ) ;
#1174 = VERTEX_POINT ( 'NONE', #870 ) ;
#1175 = STYLED_ITEM ( 'NONE', ( #2004 ), #1127 ) ;
#1176 = AXIS2_PLACEMENT_3D ( 'NONE', #502, #370, #1936 ) ;
#1177 = ADVANCED_FACE ( 'NONE', ( #557 ), #885, .T. ) ;
#1178 = LINE ( 'NONE', #1821, #2052 ) ;
#1179 = ORIENTED_EDGE ( 'NONE', *, *, #1774, .T. ) ;
#1180 = STYLED_ITEM ( 'NONE', ( #1067 ), #1697 ) ;
#1181 = SURFACE_STYLE_USAGE ( .BOTH. , #859 ) ;
#1182 = AXIS2_PLACEMENT_3D ( 'NONE', #444, #455, #1892 ) ;
#1183 = DIRECTION ( 'NONE',  ( -0.000000000000000000, -1.000000000000000000, -0.000000000000000000 ) ) ;
#1184 = VERTEX_POINT ( 'NONE', #102 ) ;
#1185 = UNCERTAINTY_MEASURE_WITH_UNIT (LENGTH_MEASURE( 1.000000000000000082E-05 ), #814, 'distance_accuracy_value', 'NONE');
#1186 = EDGE_CURVE ( 'NONE', #556, #568, #1690, .T. ) ;
#1187 = DIRECTION ( 'NONE',  ( -1.000000000000000000, 0.000000000000000000, 0.000000000000000000 ) ) ;
#1188 = ORIENTED_EDGE ( 'NONE', *, *, #921, .F. ) ;
#1189 = CYLINDRICAL_SURFACE ( 'NONE', #1489, 0.04000000000000010492 ) ;
#1190 = EDGE_LOOP ( 'NONE', ( #783, #1942, #352, #843 ) ) ;
#1191 = PRODUCT ( 'CL32A107MPVNNNE', 'CL32A107MPVNNNE', '', ( #1966 ) ) ;
#1192 = CARTESIAN_POINT ( 'NONE',  ( -1.519999999999999796, 2.719999999999999751, 1.169999999999999707 ) ) ;
#1193 = ORIENTED_EDGE ( 'NONE', *, *, #971, .F. ) ;
#1194 = DIRECTION ( 'NONE',  ( -0.000000000000000000, 1.000000000000000000, 0.000000000000000000 ) ) ;
#1195 = ORIENTED_EDGE ( 'NONE', *, *, #2038, .T. ) ;
#1196 = DIRECTION ( 'NONE',  ( -1.000000000000000000, 0.000000000000000000, 0.000000000000000000 ) ) ;
#1197 =( LENGTH_UNIT ( ) NAMED_UNIT ( * ) SI_UNIT ( .MILLI., .METRE. ) );
#1198 = ORIENTED_EDGE ( 'NONE', *, *, #62, .T. ) ;
#1199 = DIRECTION ( 'NONE',  ( 1.000000000000000000, 0.000000000000000000, 8.673617379884044100E-17 ) ) ;
#1200 = SURFACE_SIDE_STYLE ('',( #1416 ) ) ;
#1201 = DIRECTION ( 'NONE',  ( -8.673617379884036705E-17, 0.000000000000000000, -1.000000000000000000 ) ) ;
#1202 = DIRECTION ( 'NONE',  ( 0.000000000000000000, 0.000000000000000000, 1.000000000000000000 ) ) ;
#1203 = CLOSED_SHELL ( 'NONE', ( #1896, #1152, #143, #471, #937, #1753, #651, #880, #626, #172, #1772, #904, #1630, #659, #484, #1616, #772, #1764, #2034, #505, #217, #1105, #2070, #308, #1933, #1121 ) ) ;
#1204 = CIRCLE ( 'NONE', #105, 0.07999999999999998779 ) ;
#1205 = UNCERTAINTY_MEASURE_WITH_UNIT (LENGTH_MEASURE( 1.000000000000000082E-05 ), #123, 'distance_accuracy_value', 'NONE');
#1206 = AXIS2_PLACEMENT_3D ( 'NONE', #1192, #840, #1678 ) ;
#1207 = CIRCLE ( 'NONE', #1002, 0.04000000000000010492 ) ;
#1208 =( NAMED_UNIT ( * ) SI_UNIT ( $, .STERADIAN. ) SOLID_ANGLE_UNIT ( ) );
#1209 = STYLED_ITEM ( 'NONE', ( #1394 ), #990 ) ;
#1210 = FILL_AREA_STYLE_COLOUR ( '', #1877 ) ;
#1211 = CARTESIAN_POINT ( 'NONE',  ( -1.520000000000000018, 2.799999999999999822, 1.249999999999999778 ) ) ;
#1212 = EDGE_LOOP ( 'NONE', ( #467, #548, #2055 ) ) ;
#1213 = LINE ( 'NONE', #2008, #2047 ) ;
#1214 = EDGE_CURVE ( 'NONE', #1661, #1434, #1006, .T. ) ;
#1215 = CARTESIAN_POINT ( 'NONE',  ( -1.600000000000000089, 2.799999999999999822, -1.169999999999999707 ) ) ;
#1216 = ORIENTED_EDGE ( 'NONE', *, *, #1706, .T. ) ;
#1217 = VECTOR ( 'NONE', #985, 1000.000000000000000 ) ;
#1218 = DIRECTION ( 'NONE',  ( 0.000000000000000000, 0.000000000000000000, -1.000000000000000000 ) ) ;
#1219 =( LENGTH_UNIT ( ) NAMED_UNIT ( * ) SI_UNIT ( .MILLI., .METRE. ) );
#1220 = ORIENTED_EDGE ( 'NONE', *, *, #944, .T. ) ;
#1221 = EDGE_CURVE ( 'NONE', #678, #253, #790, .T. ) ;
#1222 = DIRECTION ( 'NONE',  ( 0.000000000000000000, 0.000000000000000000, 1.000000000000000000 ) ) ;
#1223 = CARTESIAN_POINT ( 'NONE',  ( 500000.0000000000582, 0.04000000000000010492, -1.170000000043367683 ) ) ;
#1224 = FILL_AREA_STYLE_COLOUR ( '', #739 ) ;
#1225 = EDGE_LOOP ( 'NONE', ( #85, #887, #1700 ) ) ;
#1226 =( NAMED_UNIT ( * ) SI_UNIT ( $, .STERADIAN. ) SOLID_ANGLE_UNIT ( ) );
#1227 = LINE ( 'NONE', #742, #834 ) ;
#1228 = VERTEX_POINT ( 'NONE', #1927 ) ;
#1229 = DIRECTION ( 'NONE',  ( -1.000000000000000000, -0.000000000000000000, -0.000000000000000000 ) ) ;
#1230 = DIRECTION ( 'NONE',  ( -0.000000000000000000, -0.000000000000000000, 1.000000000000000000 ) ) ;
#1231 = EDGE_LOOP ( 'NONE', ( #1504, #337, #1492, #237 ) ) ;
#1232 = COLOUR_RGB ( '',0.7960784313725489669, 0.8235294117647058432, 0.9372549019607843146 ) ;
#1233 = EDGE_CURVE ( 'NONE', #99, #539, #376, .T. ) ;
#1234 = CIRCLE ( 'NONE', #727, 0.04000000000000010492 ) ;
#1235 = AXIS2_PLACEMENT_3D ( 'NONE', #1356, #1506, #1363 ) ;
#1236 = DIRECTION ( 'NONE',  ( 0.000000000000000000, 0.000000000000000000, -1.000000000000000000 ) ) ;
#1237 = ORIENTED_EDGE ( 'NONE', *, *, #892, .F. ) ;
#1238 = COLOUR_RGB ( '',0.7960784313725489669, 0.8235294117647058432, 0.9372549019607843146 ) ;
#1239 = ADVANCED_FACE ( 'NONE', ( #1609 ), #1886, .T. ) ;
#1240 = COLOUR_RGB ( '',0.7960784313725489669, 0.8235294117647058432, 0.9372549019607843146 ) ;
#1241 = CARTESIAN_POINT ( 'NONE',  ( -1.000000000000000000, 2.719999999999999751, -1.209999999999999742 ) ) ;
#1242 = CARTESIAN_POINT ( 'NONE',  ( 1.040000000000000036, 2.799999999999999822, -1.209999999999999520 ) ) ;
#1243 = SURFACE_STYLE_FILL_AREA ( #734 ) ;
#1244 = CIRCLE ( 'NONE', #174, 0.07999999999999998779 ) ;
#1245 = AXIS2_PLACEMENT_3D ( 'NONE', #714, #680, #392 ) ;
#1246 = DIRECTION ( 'NONE',  ( 0.000000000000000000, -1.000000000000000000, 0.000000000000000000 ) ) ;
#1247 = AXIS2_PLACEMENT_3D ( 'NONE', #1125, #495, #469 ) ;
#1248 = CARTESIAN_POINT ( 'NONE',  ( 0.000000000000000000, 2.719999999999999751, 1.169999999999999707 ) ) ;
#1249 = EDGE_CURVE ( 'NONE', #1041, #655, #803, .T. ) ;
#1250 = EDGE_CURVE ( 'NONE', #568, #678, #1847, .T. ) ;
#1251 = PRESENTATION_STYLE_ASSIGNMENT (( #162 ) ) ;
#1252 = VERTEX_POINT ( 'NONE', #1279 ) ;
#1253 = CARTESIAN_POINT ( 'NONE',  ( -1.040000000000000036, 2.719999999999999751, -1.209999999999999520 ) ) ;
#1254 = CARTESIAN_POINT ( 'NONE',  ( 0.000000000000000000, 2.719999999999999751, -1.169999999999999707 ) ) ;
#1255 = CARTESIAN_POINT ( 'NONE',  ( 1.040000000000000036, 2.719999999999999751, 1.169999999999999707 ) ) ;
#1256 = CYLINDRICAL_SURFACE ( 'NONE', #481, 0.04000000000000010492 ) ;
#1257 = FILL_AREA_STYLE_COLOUR ( '', #1912 ) ;
#1258 = ORIENTED_EDGE ( 'NONE', *, *, #45, .F. ) ;
#1259 = EDGE_CURVE ( 'NONE', #655, #88, #1455, .T. ) ;
#1260 =( NAMED_UNIT ( * ) PLANE_ANGLE_UNIT ( ) SI_UNIT ( $, .RADIAN. ) );
#1261 = SURFACE_SIDE_STYLE ('',( #1281 ) ) ;
#1262 = CARTESIAN_POINT ( 'NONE',  ( -1.520000000000000018, 0.08000000000000020983, -1.169999999999999707 ) ) ;
#1263 = CARTESIAN_POINT ( 'NONE',  ( 500000.0000000000582, 2.719999999999999751, -1.170000000043367683 ) ) ;
#1264 = ADVANCED_FACE ( 'NONE', ( #955 ), #1433, .T. ) ;
#1265 = DIRECTION ( 'NONE',  ( 1.000000000000000000, 0.000000000000000000, 0.000000000000000000 ) ) ;
#1266 = AXIS2_PLACEMENT_3D ( 'NONE', #512, #959, #1464 ) ;
#1267 = SURFACE_STYLE_FILL_AREA ( #2053 ) ;
#1268 = ORIENTED_EDGE ( 'NONE', *, *, #2073, .T. ) ;
#1269 = CIRCLE ( 'NONE', #1974, 0.04000000000000010492 ) ;
#1270 =( GEOMETRIC_REPRESENTATION_CONTEXT ( 3 ) GLOBAL_UNCERTAINTY_ASSIGNED_CONTEXT ( ( #891 ) ) GLOBAL_UNIT_ASSIGNED_CONTEXT ( ( #1219, #1858, #1208 ) ) REPRESENTATION_CONTEXT ( 'NONE', 'WORKASPACE' ) );
#1271 = CARTESIAN_POINT ( 'NONE',  ( -1.599999999999999867, 0.08000000000000020983, 1.169999999999999707 ) ) ;
#1272 = STYLED_ITEM ( 'NONE', ( #1627 ), #999 ) ;
#1273 = EDGE_CURVE ( 'NONE', #1826, #713, #1771, .T. ) ;
#1274 = CARTESIAN_POINT ( 'NONE',  ( -1.000000000000000000, 0.08000000000000020983, 1.209999999999999964 ) ) ;
#1275 = MECHANICAL_DESIGN_GEOMETRIC_PRESENTATION_REPRESENTATION (  '', ( #1175 ), #576 ) ;
#1276 = MECHANICAL_DESIGN_GEOMETRIC_PRESENTATION_REPRESENTATION (  '', ( #1590 ), #577 ) ;
#1277 = CIRCLE ( 'NONE', #1245, 0.04000000000000010492 ) ;
#1278 = VECTOR ( 'NONE', #128, 1000.000000000000000 ) ;
#1279 = CARTESIAN_POINT ( 'NONE',  ( 1.520000000000000018, 0.08000000000000020983, -1.249999999999999556 ) ) ;
#1280 = VERTEX_POINT ( 'NONE', #973 ) ;
#1281 = SURFACE_STYLE_FILL_AREA ( #641 ) ;
#1282 = CARTESIAN_POINT ( 'NONE',  ( -1.040000000000000036, 2.799999999999999822, -1.169999999999999707 ) ) ;
#1283 = ADVANCED_FACE ( 'NONE', ( #226 ), #1643, .F. ) ;
#1284 = DIRECTION ( 'NONE',  ( 1.000000000000000000, 0.000000000000000000, 0.000000000000000000 ) ) ;
#1285 = CARTESIAN_POINT ( 'NONE',  ( 1.040000000000000036, 2.759999999999999787, 0.000000000000000000 ) ) ;
#1286 = ORIENTED_EDGE ( 'NONE', *, *, #77, .F. ) ;
#1287 =( NAMED_UNIT ( * ) SI_UNIT ( $, .STERADIAN. ) SOLID_ANGLE_UNIT ( ) );
#1288 = DIRECTION ( 'NONE',  ( -8.673617379884036705E-17, 0.000000000000000000, -1.000000000000000000 ) ) ;
#1289 = EDGE_LOOP ( 'NONE', ( #1525, #1632, #862, #15 ) ) ;
#1290 = FILL_AREA_STYLE ('',( #1126 ) ) ;
#1291 = DIRECTION ( 'NONE',  ( -1.000000000000000000, -0.000000000000000000, 8.673617379884039170E-17 ) ) ;
#1292 = CARTESIAN_POINT ( 'NONE',  ( 1.000000000000000000, 0.08000000000000020983, 1.169999999999999707 ) ) ;
#1293 = PRODUCT_RELATED_PRODUCT_CATEGORY ( 'part', '', ( #1191 ) ) ;
#1294 = SURFACE_SIDE_STYLE ('',( #991 ) ) ;
#1295 = ORIENTED_EDGE ( 'NONE', *, *, #1040, .F. ) ;
#1296 = LINE ( 'NONE', #1598, #513 ) ;
#1297 = EDGE_LOOP ( 'NONE', ( #288, #1133, #1156, #1329, #1888, #1028, #92, #744 ) ) ;
#1298 = PRESENTATION_LAYER_ASSIGNMENT (  '', '', ( #273 ) ) ;
#1299 = EDGE_CURVE ( 'NONE', #1252, #804, #1140, .T. ) ;
#1300 = TOROIDAL_SURFACE ( 'NONE', #1717, 0.04000000000000000083, 0.04000000000000000083 ) ;
#1301 =( NAMED_UNIT ( * ) SI_UNIT ( $, .STERADIAN. ) SOLID_ANGLE_UNIT ( ) );
#1302 = ORIENTED_EDGE ( 'NONE', *, *, #711, .T. ) ;
#1303 = CIRCLE ( 'NONE', #1137, 0.08000000000000020983 ) ;
#1304 =( NAMED_UNIT ( * ) SI_UNIT ( $, .STERADIAN. ) SOLID_ANGLE_UNIT ( ) );
#1305 = PRODUCT_DEFINITION_FORMATION_WITH_SPECIFIED_SOURCE ( 'ANY', '', #1191, .NOT_KNOWN. ) ;
#1306 = STYLED_ITEM ( 'NONE', ( #1332 ), #1364 ) ;
#1307 = EDGE_CURVE ( 'NONE', #1987, #2063, #285, .T. ) ;
#1308 = CARTESIAN_POINT ( 'NONE',  ( 1.520000000000000018, 0.08000000000000020983, -1.169999999999999707 ) ) ;
#1309 = AXIS2_PLACEMENT_3D ( 'NONE', #1800, #363, #1494 ) ;
#1310 = EDGE_CURVE ( 'NONE', #1052, #1041, #177, .T. ) ;
#1311 = VERTEX_POINT ( 'NONE', #1018 ) ;
#1312 = AXIS2_PLACEMENT_3D ( 'NONE', #1477, #1807, #1975 ) ;
#1313 =( NAMED_UNIT ( * ) SI_UNIT ( $, .STERADIAN. ) SOLID_ANGLE_UNIT ( ) );
#1314 = SURFACE_SIDE_STYLE ('',( #1491 ) ) ;
#1315 = ORIENTED_EDGE ( 'NONE', *, *, #1233, .F. ) ;
#1316 = CYLINDRICAL_SURFACE ( 'NONE', #1716, 0.07999999999999998779 ) ;
#1317 = DIRECTION ( 'NONE',  ( 0.000000000000000000, 0.000000000000000000, 1.000000000000000000 ) ) ;
#1318 = CARTESIAN_POINT ( 'NONE',  ( 1.519999999999999796, 2.719999999999999751, 1.169999999999999707 ) ) ;
#1319 = VERTEX_POINT ( 'NONE', #1322 ) ;
#1320 = DIRECTION ( 'NONE',  ( -0.000000000000000000, -0.000000000000000000, -1.000000000000000000 ) ) ;
#1321 = FACE_OUTER_BOUND ( 'NONE', #320, .T. ) ;
#1322 = CARTESIAN_POINT ( 'NONE',  ( 1.519999999999999796, 0.08000000000000020983, 1.249999999999999778 ) ) ;
#1323 = ORIENTED_EDGE ( 'NONE', *, *, #755, .F. ) ;
#1324 = SURFACE_STYLE_FILL_AREA ( #664 ) ;
#1325 = DIRECTION ( 'NONE',  ( -0.000000000000000000, 1.000000000000000000, -0.000000000000000000 ) ) ;
#1326 = ORIENTED_EDGE ( 'NONE', *, *, #325, .F. ) ;
#1327 = EDGE_CURVE ( 'NONE', #713, #1937, #1244, .T. ) ;
#1328 = LINE ( 'NONE', #1516, #511 ) ;
#1329 = ORIENTED_EDGE ( 'NONE', *, *, #1486, .T. ) ;
#1330 = CARTESIAN_POINT ( 'NONE',  ( 500000.0000000000582, 0.08000000000000020983, 1.169999999956631731 ) ) ;
#1331 = FACE_OUTER_BOUND ( 'NONE', #1868, .T. ) ;
#1332 = PRESENTATION_STYLE_ASSIGNMENT (( #1625 ) ) ;
#1333 = ORIENTED_EDGE ( 'NONE', *, *, #1040, .T. ) ;
#1334 = DIRECTION ( 'NONE',  ( 0.000000000000000000, -1.000000000000000000, 0.000000000000000000 ) ) ;
#1335 =( NAMED_UNIT ( * ) PLANE_ANGLE_UNIT ( ) SI_UNIT ( $, .RADIAN. ) );
#1336 = VERTEX_POINT ( 'NONE', #1960 ) ;
#1337 =( GEOMETRIC_REPRESENTATION_CONTEXT ( 3 ) GLOBAL_UNCERTAINTY_ASSIGNED_CONTEXT ( ( #1373 ) ) GLOBAL_UNIT_ASSIGNED_CONTEXT ( ( #1612, #1260, #1759 ) ) REPRESENTATION_CONTEXT ( 'NONE', 'WORKASPACE' ) );
#1338 = DIRECTION ( 'NONE',  ( -1.000000000000000000, 0.000000000000000000, 0.000000000000000000 ) ) ;
#1339 = ORIENTED_EDGE ( 'NONE', *, *, #1802, .T. ) ;
#1340 = EDGE_CURVE ( 'NONE', #1035, #1026, #339, .T. ) ;
#1341 = CIRCLE ( 'NONE', #311, 0.04000000000000010492 ) ;
#1342 = AXIS2_PLACEMENT_3D ( 'NONE', #857, #1476, #538 ) ;
#1343 = CARTESIAN_POINT ( 'NONE',  ( 1.000000000000000000, 2.799999999999999822, -1.249999999999999556 ) ) ;
#1344 = ORIENTED_EDGE ( 'NONE', *, *, #518, .T. ) ;
#1345 = COLOUR_RGB ( '',0.7960784313725489669, 0.8235294117647058432, 0.9372549019607843146 ) ;
#1346 = VECTOR ( 'NONE', #56, 1000.000000000000000 ) ;
#1347 = PRESENTATION_STYLE_ASSIGNMENT (( #527 ) ) ;
#1348 =( NAMED_UNIT ( * ) SI_UNIT ( $, .STERADIAN. ) SOLID_ANGLE_UNIT ( ) );
#1349 = EDGE_LOOP ( 'NONE', ( #371, #96, #724, #1677 ) ) ;
#1350 = PRESENTATION_LAYER_ASSIGNMENT (  '', '', ( #667 ) ) ;
#1351 =( LENGTH_UNIT ( ) NAMED_UNIT ( * ) SI_UNIT ( .MILLI., .METRE. ) );
#1352 = DIRECTION ( 'NONE',  ( -1.000000000000000000, 0.000000000000000000, 8.673617379884039170E-17 ) ) ;
#1353 = EDGE_LOOP ( 'NONE', ( #1765, #489, #563, #1801 ) ) ;
#1354 = EDGE_CURVE ( 'NONE', #1721, #1682, #1788, .T. ) ;
#1355 = UNCERTAINTY_MEASURE_WITH_UNIT (LENGTH_MEASURE( 1.000000000000000082E-05 ), #2077, 'distance_accuracy_value', 'NONE');
#1356 = CARTESIAN_POINT ( 'NONE',  ( -1.000000000000000000, 2.719999999999999751, -1.169999999999999707 ) ) ;
#1357 = VERTEX_POINT ( 'NONE', #675 ) ;
#1358 = FACE_OUTER_BOUND ( 'NONE', #1190, .T. ) ;
#1359 = EDGE_LOOP ( 'NONE', ( #1577, #216, #65, #1973 ) ) ;
#1360 =( NAMED_UNIT ( * ) PLANE_ANGLE_UNIT ( ) SI_UNIT ( $, .RADIAN. ) );
#1361 = CARTESIAN_POINT ( 'NONE',  ( -1.040000000000000036, 0.000000000000000000, -1.169999999999999707 ) ) ;
#1362 = CARTESIAN_POINT ( 'NONE',  ( 1.600000000000000089, 0.08000000000000020983, -1.249999999999999556 ) ) ;
#1363 = DIRECTION ( 'NONE',  ( 0.000000000000000000, 0.000000000000000000, 1.000000000000000000 ) ) ;
#1364 = ADVANCED_FACE ( 'NONE', ( #1949 ), #1688, .T. ) ;
#1365 = CARTESIAN_POINT ( 'NONE',  ( 1.000000000000000000, 2.759999999999999787, 0.000000000000000000 ) ) ;
#1366 = ORIENTED_EDGE ( 'NONE', *, *, #1866, .T. ) ;
#1367 = CARTESIAN_POINT ( 'NONE',  ( -1.520000000000000018, 0.08000000000000020983, -1.249999999999999556 ) ) ;
#1368 = DIRECTION ( 'NONE',  ( -0.000000000000000000, 1.000000000000000000, -0.000000000000000000 ) ) ;
#1369 = CARTESIAN_POINT ( 'NONE',  ( 1.040000000000000036, 0.04000000000000000083, 1.169999999999999707 ) ) ;
#1370 = FACE_OUTER_BOUND ( 'NONE', #1535, .T. ) ;
#1371 = AXIS2_PLACEMENT_3D ( 'NONE', #266, #1832, #1202 ) ;
#1372 = CARTESIAN_POINT ( 'NONE',  ( 1.040000000000000036, 0.04000000000000010492, -1.169999999999999707 ) ) ;
#1373 = UNCERTAINTY_MEASURE_WITH_UNIT (LENGTH_MEASURE( 1.000000000000000082E-05 ), #1612, 'distance_accuracy_value', 'NONE');
#1374 = AXIS2_PLACEMENT_3D ( 'NONE', #1898, #957, #55 ) ;
#1375 =( GEOMETRIC_REPRESENTATION_CONTEXT ( 3 ) GLOBAL_UNCERTAINTY_ASSIGNED_CONTEXT ( ( #1355 ) ) GLOBAL_UNIT_ASSIGNED_CONTEXT ( ( #2077, #2040, #1304 ) ) REPRESENTATION_CONTEXT ( 'NONE', 'WORKASPACE' ) );
#1376 = DIRECTION ( 'NONE',  ( 0.000000000000000000, 0.000000000000000000, 1.000000000000000000 ) ) ;
#1377 = ADVANCED_FACE ( 'NONE', ( #67 ), #698, .T. ) ;
#1378 = AXIS2_PLACEMENT_3D ( 'NONE', #1168, #1815, #898 ) ;
#1379 = CARTESIAN_POINT ( 'NONE',  ( 1.520000000000000018, 2.719999999999999751, -1.169999999999999707 ) ) ;
#1380 = STYLED_ITEM ( 'NONE', ( #1511 ), #2003 ) ;
#1381 = SURFACE_STYLE_FILL_AREA ( #1576 ) ;
#1382 = ORIENTED_EDGE ( 'NONE', *, *, #130, .T. ) ;
#1383 = AXIS2_PLACEMENT_3D ( 'NONE', #1744, #112, #1062 ) ;
#1384 = FACE_OUTER_BOUND ( 'NONE', #461, .T. ) ;
#1385 = DIRECTION ( 'NONE',  ( 0.000000000000000000, 0.000000000000000000, 1.000000000000000000 ) ) ;
#1386 = CARTESIAN_POINT ( 'NONE',  ( -1.519999999999999796, 0.08000000000000000167, 1.169999999999999707 ) ) ;
#1387 = EDGE_LOOP ( 'NONE', ( #1992, #2006, #347, #1561 ) ) ;
#1388 =( GEOMETRIC_REPRESENTATION_CONTEXT ( 3 ) GLOBAL_UNCERTAINTY_ASSIGNED_CONTEXT ( ( #694 ) ) GLOBAL_UNIT_ASSIGNED_CONTEXT ( ( #19, #196, #1781 ) ) REPRESENTATION_CONTEXT ( 'NONE', 'WORKASPACE' ) );
#1389 = STYLED_ITEM ( 'NONE', ( #1145 ), #1953 ) ;
#1390 = CARTESIAN_POINT ( 'NONE',  ( -1.000000000000000000, 2.719999999999999751, 1.169999999999999707 ) ) ;
#1391 =( LENGTH_UNIT ( ) NAMED_UNIT ( * ) SI_UNIT ( .MILLI., .METRE. ) );
#1392 = ORIENTED_EDGE ( 'NONE', *, *, #746, .T. ) ;
#1393 = DIRECTION ( 'NONE',  ( 1.000000000000000000, -0.000000000000000000, -0.000000000000000000 ) ) ;
#1394 = PRESENTATION_STYLE_ASSIGNMENT (( #747 ) ) ;
#1395 = DIRECTION ( 'NONE',  ( -0.000000000000000000, 1.000000000000000000, -0.000000000000000000 ) ) ;
#1396 = ORIENTED_EDGE ( 'NONE', *, *, #518, .F. ) ;
#1397 = FACE_OUTER_BOUND ( 'NONE', #151, .T. ) ;
#1398 = CARTESIAN_POINT ( 'NONE',  ( 1.000000000090039975, 2.719999999999999751, -1.209999999999999742 ) ) ;
#1399 = SURFACE_SIDE_STYLE ('',( #894 ) ) ;
#1400 = FACE_OUTER_BOUND ( 'NONE', #191, .T. ) ;
#1401 = VERTEX_POINT ( 'NONE', #917 ) ;
#1402 = DIRECTION ( 'NONE',  ( 1.000000000000000000, 0.000000000000000000, -8.673617379884036705E-17 ) ) ;
#1403 = DIRECTION ( 'NONE',  ( 0.000000000000000000, 0.000000000000000000, 1.000000000000000000 ) ) ;
#1404 = ORIENTED_EDGE ( 'NONE', *, *, #1063, .F. ) ;
#1405 = PRESENTATION_STYLE_ASSIGNMENT (( #1705 ) ) ;
#1406 = EDGE_CURVE ( 'NONE', #99, #1357, #780, .T. ) ;
#1407 = ADVANCED_FACE ( 'NONE', ( #1865 ), #1592, .F. ) ;
#1408 = PRESENTATION_LAYER_ASSIGNMENT (  '', '', ( #470 ) ) ;
#1409 = CYLINDRICAL_SURFACE ( 'NONE', #1549, 0.07999999999999998779 ) ;
#1410 = TOROIDAL_SURFACE ( 'NONE', #1374, 0.04000000000000000083, 0.04000000000000000083 ) ;
#1411 = CARTESIAN_POINT ( 'NONE',  ( 1.040000000000000036, 2.719999999999999751, 1.209999999999999742 ) ) ;
#1412 = DIRECTION ( 'NONE',  ( 1.000000000000000000, 0.000000000000000000, 0.000000000000000000 ) ) ;
#1413 = EDGE_LOOP ( 'NONE', ( #620, #1573, #559, #28 ) ) ;
#1414 = AXIS2_PLACEMENT_3D ( 'NONE', #2027, #122, #1862 ) ;
#1415 = CARTESIAN_POINT ( 'NONE',  ( 1.000000000000000000, 2.799999999999999822, 1.169999999999999707 ) ) ;
#1416 = SURFACE_STYLE_FILL_AREA ( #764 ) ;
#1417 = DIRECTION ( 'NONE',  ( 0.000000000000000000, -1.000000000000000000, 0.000000000000000000 ) ) ;
#1418 = ADVANCED_FACE ( 'NONE', ( #1397 ), #1884, .F. ) ;
#1419 = AXIS2_PLACEMENT_3D ( 'NONE', #1534, #929, #1045 ) ;
#1420 =( GEOMETRIC_REPRESENTATION_CONTEXT ( 3 ) GLOBAL_UNCERTAINTY_ASSIGNED_CONTEXT ( ( #1833 ) ) GLOBAL_UNIT_ASSIGNED_CONTEXT ( ( #1141, #386, #2014 ) ) REPRESENTATION_CONTEXT ( 'NONE', 'WORKASPACE' ) );
#1421 = COLOUR_RGB ( '',0.7960784313725489669, 0.8235294117647058432, 0.9372549019607843146 ) ;
#1422 = DIRECTION ( 'NONE',  ( 0.000000000000000000, 0.000000000000000000, -1.000000000000000000 ) ) ;
#1423 = CARTESIAN_POINT ( 'NONE',  ( -1.520000000000000018, 0.000000000000000000, -1.169999999999999707 ) ) ;
#1424 = EDGE_CURVE ( 'NONE', #536, #582, #267, .T. ) ;
#1425 = DIRECTION ( 'NONE',  ( -1.000000000000000000, 0.000000000000000000, 0.000000000000000000 ) ) ;
#1426 = APPLICATION_PROTOCOL_DEFINITION ( 'draft international standard', 'automotive_design', 1998, #1955 ) ;
#1427 = ORIENTED_EDGE ( 'NONE', *, *, #1774, .F. ) ;
#1428 = SURFACE_STYLE_FILL_AREA ( #158 ) ;
#1429 =( NAMED_UNIT ( * ) PLANE_ANGLE_UNIT ( ) SI_UNIT ( $, .RADIAN. ) );
#1430 = DIRECTION ( 'NONE',  ( 0.000000000000000000, 0.000000000000000000, 1.000000000000000000 ) ) ;
#1431 = FILL_AREA_STYLE_COLOUR ( '', #1562 ) ;
#1432 = LINE ( 'NONE', #1093, #1169 ) ;
#1433 = CYLINDRICAL_SURFACE ( 'NONE', #507, 0.04000000000000010492 ) ;
#1434 = VERTEX_POINT ( 'NONE', #759 ) ;
#1435 = SURFACE_SIDE_STYLE ('',( #1428 ) ) ;
#1436 = SURFACE_STYLE_USAGE ( .BOTH. , #1124 ) ;
#1437 = DIRECTION ( 'NONE',  ( -1.000000000000000000, -0.000000000000000000, -0.000000000000000000 ) ) ;
#1438 = CARTESIAN_POINT ( 'NONE',  ( 1.040000000000000036, 2.719999999999999751, 1.249999999999999778 ) ) ;
#1439 = LINE ( 'NONE', #180, #314 ) ;
#1440 = FILL_AREA_STYLE ('',( #146 ) ) ;
#1441 = VECTOR ( 'NONE', #1872, 1000.000000000000000 ) ;
#1442 = CIRCLE ( 'NONE', #108, 0.04000000000000010492 ) ;
#1443 = ADVANCED_FACE ( 'NONE', ( #1070 ), #447, .T. ) ;
#1444 = ORIENTED_EDGE ( 'NONE', *, *, #1446, .F. ) ;
#1445 = AXIS2_PLACEMENT_3D ( 'NONE', #369, #534, #1172 ) ;
#1446 = EDGE_CURVE ( 'NONE', #94, #445, #250, .T. ) ;
#1447 = FACE_OUTER_BOUND ( 'NONE', #1162, .T. ) ;
#1448 = COLOUR_RGB ( '',0.7960784313725489669, 0.8235294117647058432, 0.9372549019607843146 ) ;
#1449 = DIRECTION ( 'NONE',  ( -1.000000000000000000, 0.000000000000000000, 0.000000000000000000 ) ) ;
#1450 = PRESENTATION_LAYER_ASSIGNMENT (  '', '', ( #1272 ) ) ;
#1451 = FILL_AREA_STYLE_COLOUR ( '', #1715 ) ;
#1452 = CARTESIAN_POINT ( 'NONE',  ( 1.000000000102736486, 0.08000000000000020983, -1.209999999999999742 ) ) ;
#1453 = COLOUR_RGB ( '',0.7960784313725489669, 0.8235294117647058432, 0.9372549019607843146 ) ;
#1454 = CIRCLE ( 'NONE', #769, 0.07999999999999998779 ) ;
#1455 = CIRCLE ( 'NONE', #1878, 0.07999999999999998779 ) ;
#1456 = MANIFOLD_SOLID_BREP ( 'Fillet2', #1203 ) ;
#1457 =( NAMED_UNIT ( * ) PLANE_ANGLE_UNIT ( ) SI_UNIT ( $, .RADIAN. ) );
#1458 = MECHANICAL_DESIGN_GEOMETRIC_PRESENTATION_REPRESENTATION (  '', ( #667 ), #1388 ) ;
#1459 = AXIS2_PLACEMENT_3D ( 'NONE', #649, #1923, #1760 ) ;
#1460 = DIRECTION ( 'NONE',  ( 0.000000000000000000, 0.000000000000000000, 1.000000000000000000 ) ) ;
#1461 = ORIENTED_EDGE ( 'NONE', *, *, #1601, .T. ) ;
#1462 = PRESENTATION_STYLE_ASSIGNMENT (( #1436 ) ) ;
#1463 = FACE_OUTER_BOUND ( 'NONE', #294, .T. ) ;
#1464 = DIRECTION ( 'NONE',  ( 0.000000000000000000, 0.000000000000000000, 1.000000000000000000 ) ) ;
#1465 = FILL_AREA_STYLE_COLOUR ( '', #1421 ) ;
#1466 = ADVANCED_FACE ( 'NONE', ( #970 ), #1256, .T. ) ;
#1467 = FILL_AREA_STYLE_COLOUR ( '', #500 ) ;
#1468 = DIRECTION ( 'NONE',  ( -1.000000000000000000, 0.000000000000000000, 0.000000000000000000 ) ) ;
#1469 = ADVANCED_FACE ( 'NONE', ( #1619 ), #788, .T. ) ;
#1470 = VERTEX_POINT ( 'NONE', #1274 ) ;
#1471 = DIRECTION ( 'NONE',  ( 0.000000000000000000, -0.000000000000000000, 1.000000000000000000 ) ) ;
#1472 = ORIENTED_EDGE ( 'NONE', *, *, #2015, .F. ) ;
#1473 = CARTESIAN_POINT ( 'NONE',  ( -1.000000000000000000, 2.799999999999999822, 1.169999999999999707 ) ) ;
#1474 = ORIENTED_EDGE ( 'NONE', *, *, #1186, .T. ) ;
#1475 = ORIENTED_EDGE ( 'NONE', *, *, #1020, .T. ) ;
#1476 = DIRECTION ( 'NONE',  ( -1.000000000000000000, 0.000000000000000000, 0.000000000000000000 ) ) ;
#1477 = CARTESIAN_POINT ( 'NONE',  ( 1.040000000000000036, 0.04000000000000010492, -1.249999999999999556 ) ) ;
#1478 = ORIENTED_EDGE ( 'NONE', *, *, #1556, .T. ) ;
#1479 = MECHANICAL_DESIGN_GEOMETRIC_PRESENTATION_REPRESENTATION (  '', ( #273 ), #1337 ) ;
#1480 = CIRCLE ( 'NONE', #1235, 0.04000000000000010492 ) ;
#1481 = CYLINDRICAL_SURFACE ( 'NONE', #1513, 0.07999999999999998779 ) ;
#1482 =( LENGTH_UNIT ( ) NAMED_UNIT ( * ) SI_UNIT ( .MILLI., .METRE. ) );
#1483 = VERTEX_POINT ( 'NONE', #1452 ) ;
#1484 = AXIS2_PLACEMENT_3D ( 'NONE', #1330, #189, #817 ) ;
#1485 =( LENGTH_UNIT ( ) NAMED_UNIT ( * ) SI_UNIT ( .MILLI., .METRE. ) );
#1486 = EDGE_CURVE ( 'NONE', #305, #1470, #1439, .T. ) ;
#1487 = SURFACE_STYLE_USAGE ( .BOTH. , #1116 ) ;
#1488 = ORIENTED_EDGE ( 'NONE', *, *, #1802, .F. ) ;
#1489 = AXIS2_PLACEMENT_3D ( 'NONE', #1668, #1638, #849 ) ;
#1490 = CARTESIAN_POINT ( 'NONE',  ( 1.040000000000000036, 0.08000000000000020983, 1.249999999999999778 ) ) ;
#1491 = SURFACE_STYLE_FILL_AREA ( #665 ) ;
#1492 = ORIENTED_EDGE ( 'NONE', *, *, #746, .F. ) ;
#1493 = DIRECTION ( 'NONE',  ( -1.000000000000000000, -0.000000000000000000, -0.000000000000000000 ) ) ;
#1494 = DIRECTION ( 'NONE',  ( 0.000000000000000000, 0.000000000000000000, -1.000000000000000000 ) ) ;
#1495 = ORIENTED_EDGE ( 'NONE', *, *, #564, .T. ) ;
#1496 = DIRECTION ( 'NONE',  ( -0.000000000000000000, 0.000000000000000000, -1.000000000000000000 ) ) ;
#1497 = DIRECTION ( 'NONE',  ( 0.000000000000000000, 0.000000000000000000, 1.000000000000000000 ) ) ;
#1498 = ORIENTED_EDGE ( 'NONE', *, *, #31, .T. ) ;
#1499 =( NAMED_UNIT ( * ) PLANE_ANGLE_UNIT ( ) SI_UNIT ( $, .RADIAN. ) );
#1500 = CARTESIAN_POINT ( 'NONE',  ( 0.000000000000000000, 0.000000000000000000, 0.000000000000000000 ) ) ;
#1501 = EDGE_CURVE ( 'NONE', #421, #1174, #633, .T. ) ;
#1502 = ORIENTED_EDGE ( 'NONE', *, *, #954, .T. ) ;
#1503 = LINE ( 'NONE', #1823, #10 ) ;
#1504 = ORIENTED_EDGE ( 'NONE', *, *, #299, .F. ) ;
#1505 = UNCERTAINTY_MEASURE_WITH_UNIT (LENGTH_MEASURE( 1.000000000000000082E-05 ), #125, 'distance_accuracy_value', 'NONE');
#1506 = DIRECTION ( 'NONE',  ( 1.000000000000000000, -0.000000000000000000, -0.000000000000000000 ) ) ;
#1507 = FILL_AREA_STYLE ('',( #684 ) ) ;
#1508 = ORIENTED_EDGE ( 'NONE', *, *, #1221, .T. ) ;
#1509 = ADVANCED_FACE ( 'NONE', ( #486 ), #346, .T. ) ;
#1510 = CYLINDRICAL_SURFACE ( 'NONE', #5, 0.04000000000000010492 ) ;
#1511 = PRESENTATION_STYLE_ASSIGNMENT (( #558 ) ) ;
#1512 = EDGE_LOOP ( 'NONE', ( #1339, #407, #1731, #241 ) ) ;
#1513 = AXIS2_PLACEMENT_3D ( 'NONE', #1514, #1978, #1693 ) ;
#1514 = CARTESIAN_POINT ( 'NONE',  ( 1.520000000000000018, 0.08000000000000020983, -1.249999999999999556 ) ) ;
#1515 = VECTOR ( 'NONE', #1065, 1000.000000000000000 ) ;
#1516 = CARTESIAN_POINT ( 'NONE',  ( 1.599999999999999867, 0.08000000000000020983, 1.249999999999999778 ) ) ;
#1517 = ORIENTED_EDGE ( 'NONE', *, *, #441, .F. ) ;
#1518 = AXIS2_PLACEMENT_3D ( 'NONE', #1969, #532, #383 ) ;
#1519 = AXIS2_PLACEMENT_3D ( 'NONE', #1254, #1009, #1153 ) ;
#1520 = SURFACE_SIDE_STYLE ('',( #235 ) ) ;
#1521 = ORIENTED_EDGE ( 'NONE', *, *, #259, .F. ) ;
#1522 = AXIS2_PLACEMENT_3D ( 'NONE', #831, #818, #1497 ) ;
#1523 = PLANE ( 'NONE',  #1654 ) ;
#1524 = CARTESIAN_POINT ( 'NONE',  ( -1.040000000000000036, 2.799999999999999822, -1.249999999999999556 ) ) ;
#1525 = ORIENTED_EDGE ( 'NONE', *, *, #1599, .T. ) ;
#1526 = CIRCLE ( 'NONE', #643, 0.07999999999999998779 ) ;
#1527 = CARTESIAN_POINT ( 'NONE',  ( 1.000000000000000000, 2.719999999999999751, 1.169999999999999707 ) ) ;
#1528 = CARTESIAN_POINT ( 'NONE',  ( 1.040000000000000036, 2.799999999999999822, -1.249999999999999556 ) ) ;
#1529 = EDGE_LOOP ( 'NONE', ( #1046, #227, #925 ) ) ;
#1530 = UNCERTAINTY_MEASURE_WITH_UNIT (LENGTH_MEASURE( 1.000000000000000082E-05 ), #1482, 'distance_accuracy_value', 'NONE');
#1531 = EDGE_CURVE ( 'NONE', #1228, #517, #1277, .T. ) ;
#1532 = VERTEX_POINT ( 'NONE', #1361 ) ;
#1533 = CARTESIAN_POINT ( 'NONE',  ( -1.000000000000000000, 2.719999999999999751, 1.209999999999999964 ) ) ;
#1534 = CARTESIAN_POINT ( 'NONE',  ( -1.520000000000000018, 0.08000000000000020983, -1.169999999999999707 ) ) ;
#1535 = EDGE_LOOP ( 'NONE', ( #896, #387, #1302, #1495 ) ) ;
#1536 = CARTESIAN_POINT ( 'NONE',  ( 1.000000000000000000, 0.08000000000000020983, 1.169999999999999707 ) ) ;
#1537 = EDGE_LOOP ( 'NONE', ( #515, #1474, #1686, #939 ) ) ;
#1538 = EDGE_CURVE ( 'NONE', #375, #305, #579, .T. ) ;
#1539 = CARTESIAN_POINT ( 'NONE',  ( 1.000000000102736486, 2.759999999999999787, -1.169999999999999707 ) ) ;
#1540 = FACE_OUTER_BOUND ( 'NONE', #1130, .T. ) ;
#1541 = ORIENTED_EDGE ( 'NONE', *, *, #881, .F. ) ;
#1542 = DIRECTION ( 'NONE',  ( 0.000000000000000000, 0.000000000000000000, -1.000000000000000000 ) ) ;
#1543 = DIRECTION ( 'NONE',  ( 1.000000000000000000, 0.000000000000000000, 0.000000000000000000 ) ) ;
#1544 = SPHERICAL_SURFACE ( 'NONE', #708, 0.08000000000000000167 ) ;
#1545 = ORIENTED_EDGE ( 'NONE', *, *, #594, .T. ) ;
#1546 = AXIS2_PLACEMENT_3D ( 'NONE', #26, #354, #823 ) ;
#1547 = CARTESIAN_POINT ( 'NONE',  ( 1.599999999999999867, 2.719999999999999751, 1.249999999999999778 ) ) ;
#1548 = VECTOR ( 'NONE', #121, 1000.000000000000000 ) ;
#1549 = AXIS2_PLACEMENT_3D ( 'NONE', #303, #1566, #1594 ) ;
#1550 = PRESENTATION_STYLE_ASSIGNMENT (( #83 ) ) ;
#1551 = MECHANICAL_DESIGN_GEOMETRIC_PRESENTATION_REPRESENTATION (  '', ( #1272 ), #335 ) ;
#1552 =( LENGTH_UNIT ( ) NAMED_UNIT ( * ) SI_UNIT ( .MILLI., .METRE. ) );
#1553 = AXIS2_PLACEMENT_3D ( 'NONE', #752, #319, #296 ) ;
#1554 = CARTESIAN_POINT ( 'NONE',  ( -1.040000000000000036, 2.799999999999999822, -1.209999999999999520 ) ) ;
#1555 = VERTEX_POINT ( 'NONE', #1155 ) ;
#1556 = EDGE_CURVE ( 'NONE', #1311, #1532, #1726, .T. ) ;
#1557 = STYLED_ITEM ( 'NONE', ( #1405 ), #1443 ) ;
#1558 = CARTESIAN_POINT ( 'NONE',  ( -1.040000000000000036, 0.000000000000000000, 0.000000000000000000 ) ) ;
#1559 = DIRECTION ( 'NONE',  ( -1.000000000000000000, -0.000000000000000000, 8.673617379884039170E-17 ) ) ;
#1560 = LINE ( 'NONE', #757, #2017 ) ;
#1561 = ORIENTED_EDGE ( 'NONE', *, *, #1827, .F. ) ;
#1562 = COLOUR_RGB ( '',0.7960784313725489669, 0.8235294117647058432, 0.9372549019607843146 ) ;
#1563 = UNCERTAINTY_MEASURE_WITH_UNIT (LENGTH_MEASURE( 1.000000000000000082E-05 ), #1197, 'distance_accuracy_value', 'NONE');
#1564 = VECTOR ( 'NONE', #642, 1000.000000000000000 ) ;
#1565 = FILL_AREA_STYLE_COLOUR ( '', #381 ) ;
#1566 = DIRECTION ( 'NONE',  ( 1.000000000000000000, -0.000000000000000000, 0.000000000000000000 ) ) ;
#1567 = CARTESIAN_POINT ( 'NONE',  ( 1.040000000000000036, 0.000000000000000000, -1.169999999999999707 ) ) ;
#1568 = ORIENTED_EDGE ( 'NONE', *, *, #845, .F. ) ;
#1569 = LINE ( 'NONE', #1558, #1548 ) ;
#1570 = EDGE_CURVE ( 'NONE', #1319, #1064, #1328, .T. ) ;
#1571 = FILL_AREA_STYLE ('',( #432 ) ) ;
#1572 = CARTESIAN_POINT ( 'NONE',  ( 1.600000000000000089, 0.08000000000000020983, -1.249999999999999556 ) ) ;
#1573 = ORIENTED_EDGE ( 'NONE', *, *, #1249, .T. ) ;
#1574 = CARTESIAN_POINT ( 'NONE',  ( 1.000000000000000000, 2.759999999999999787, 1.169999999999999707 ) ) ;
#1575 = CARTESIAN_POINT ( 'NONE',  ( 500000.0000000000582, 0.08000000000000020983, -1.210000000043367718 ) ) ;
#1576 = FILL_AREA_STYLE ('',( #1056 ) ) ;
#1577 = ORIENTED_EDGE ( 'NONE', *, *, #1556, .F. ) ;
#1578 = CARTESIAN_POINT ( 'NONE',  ( -1.000000000000000000, 2.719999999999999751, -1.169999999999999707 ) ) ;
#1579 = FILL_AREA_STYLE_COLOUR ( '', #113 ) ;
#1580 = FACE_OUTER_BOUND ( 'NONE', #220, .T. ) ;
#1581 = CARTESIAN_POINT ( 'NONE',  ( -1.040000000000000036, 2.799999999999999822, 1.249999999999999778 ) ) ;
#1582 = PRESENTATION_LAYER_ASSIGNMENT (  '', '', ( #1647 ) ) ;
#1583 = CARTESIAN_POINT ( 'NONE',  ( 1.599999999999999867, 2.799999999999999822, 1.169999999999999707 ) ) ;
#1584 = EDGE_LOOP ( 'NONE', ( #528, #298, #439, #1005, #878, #603, #1237, #1805 ) ) ;
#1585 = VECTOR ( 'NONE', #1559, 1000.000000000000000 ) ;
#1586 = CIRCLE ( 'NONE', #1342, 0.07999999999999998779 ) ;
#1587 = LINE ( 'NONE', #442, #1515 ) ;
#1588 = CARTESIAN_POINT ( 'NONE',  ( -1.519999999999999796, 2.719999999999999751, 1.249999999999999778 ) ) ;
#1589 = LINE ( 'NONE', #1930, #882 ) ;
#1590 = STYLED_ITEM ( 'NONE', ( #1971 ), #1377 ) ;
#1591 = VECTOR ( 'NONE', #1695, 1000.000000000000000 ) ;
#1592 = PLANE ( 'NONE',  #1383 ) ;
#1593 = TOROIDAL_SURFACE ( 'NONE', #1787, 0.04000000000000000083, 0.04000000000000000083 ) ;
#1594 = DIRECTION ( 'NONE',  ( 0.000000000000000000, 0.000000000000000000, -1.000000000000000000 ) ) ;
#1595 = EDGE_CURVE ( 'NONE', #94, #776, #382, .T. ) ;
#1596 = ORIENTED_EDGE ( 'NONE', *, *, #1636, .F. ) ;
#1597 = DIRECTION ( 'NONE',  ( 1.000000000000000000, 0.000000000000000000, 0.000000000000000000 ) ) ;
#1598 = CARTESIAN_POINT ( 'NONE',  ( 0.000000000000000000, 0.000000000000000000, -1.169999999999999707 ) ) ;
#1599 = EDGE_CURVE ( 'NONE', #393, #717, #997, .T. ) ;
#1600 = DIRECTION ( 'NONE',  ( -1.000000000000000000, -0.000000000000000000, -0.000000000000000000 ) ) ;
#1601 = EDGE_CURVE ( 'NONE', #1937, #1944, #1013, .T. ) ;
#1602 = DIRECTION ( 'NONE',  ( 0.000000000000000000, 0.000000000000000000, 1.000000000000000000 ) ) ;
#1603 = ORIENTED_EDGE ( 'NONE', *, *, #1250, .T. ) ;
#1604 = SURFACE_STYLE_USAGE ( .BOTH. , #1435 ) ;
#1605 = CARTESIAN_POINT ( 'NONE',  ( -1.000000000000000000, 0.04000000000000020900, 1.169999999999999707 ) ) ;
#1606 = CARTESIAN_POINT ( 'NONE',  ( -1.040000000000000036, 2.759999999999999787, 1.169999999999999707 ) ) ;
#1607 = MECHANICAL_DESIGN_GEOMETRIC_PRESENTATION_REPRESENTATION (  '', ( #1770 ), #996 ) ;
#1608 = COLOUR_RGB ( '',0.7960784313725489669, 0.8235294117647058432, 0.9372549019607843146 ) ;
#1609 = FACE_OUTER_BOUND ( 'NONE', #1231, .T. ) ;
#1610 = ORIENTED_EDGE ( 'NONE', *, *, #1984, .F. ) ;
#1611 = AXIS2_PLACEMENT_3D ( 'NONE', #1606, #333, #961 ) ;
#1612 =( LENGTH_UNIT ( ) NAMED_UNIT ( * ) SI_UNIT ( .MILLI., .METRE. ) );
#1613 = DIRECTION ( 'NONE',  ( 0.000000000000000000, 0.000000000000000000, 1.000000000000000000 ) ) ;
#1614 = AXIS2_PLACEMENT_3D ( 'NONE', #1128, #1769, #1015 ) ;
#1615 = CARTESIAN_POINT ( 'NONE',  ( -1.000000000000000000, 0.08000000000000020983, -1.169999999999999707 ) ) ;
#1616 = ADVANCED_FACE ( 'NONE', ( #1967 ), #233, .T. ) ;
#1617 =( GEOMETRIC_REPRESENTATION_CONTEXT ( 3 ) GLOBAL_UNCERTAINTY_ASSIGNED_CONTEXT ( ( #417 ) ) GLOBAL_UNIT_ASSIGNED_CONTEXT ( ( #848, #1499, #1313 ) ) REPRESENTATION_CONTEXT ( 'NONE', 'WORKASPACE' ) );
#1618 = SURFACE_STYLE_FILL_AREA ( #1290 ) ;
#1619 = FACE_OUTER_BOUND ( 'NONE', #819, .T. ) ;
#1620 = CIRCLE ( 'NONE', #1419, 0.07999999999999998779 ) ;
#1621 =( GEOMETRIC_REPRESENTATION_CONTEXT ( 3 ) GLOBAL_UNCERTAINTY_ASSIGNED_CONTEXT ( ( #1016 ) ) GLOBAL_UNIT_ASSIGNED_CONTEXT ( ( #962, #304, #1737 ) ) REPRESENTATION_CONTEXT ( 'NONE', 'WORKASPACE' ) );
#1622 = AXIS2_PLACEMENT_3D ( 'NONE', #861, #1338, #1991 ) ;
#1623 = EDGE_CURVE ( 'NONE', #1789, #1174, #1848, .T. ) ;
#1624 = CARTESIAN_POINT ( 'NONE',  ( 1.600000000000000089, 0.08000000000000020983, -1.169999999999999707 ) ) ;
#1625 = SURFACE_STYLE_USAGE ( .BOTH. , #181 ) ;
#1626 = ORIENTED_EDGE ( 'NONE', *, *, #170, .T. ) ;
#1627 = PRESENTATION_STYLE_ASSIGNMENT (( #412 ) ) ;
#1628 = CARTESIAN_POINT ( 'NONE',  ( -1.600000000000000089, 0.08000000000000020983, -1.169999999999999707 ) ) ;
#1629 = ORIENTED_EDGE ( 'NONE', *, *, #117, .T. ) ;
#1630 = ADVANCED_FACE ( 'NONE', ( #40 ), #64, .T. ) ;
#1631 = FILL_AREA_STYLE_COLOUR ( '', #1011 ) ;
#1632 = ORIENTED_EDGE ( 'NONE', *, *, #686, .T. ) ;
#1633 = CARTESIAN_POINT ( 'NONE',  ( 0.000000000000000000, 0.000000000000000000, 1.169999999999999707 ) ) ;
#1634 = CARTESIAN_POINT ( 'NONE',  ( -1.520000000000000018, 0.000000000000000000, 1.318389841742373638E-16 ) ) ;
#1635 = EDGE_LOOP ( 'NONE', ( #1961, #810, #543, #1123 ) ) ;
#1636 = EDGE_CURVE ( 'NONE', #1721, #1663, #1689, .T. ) ;
#1637 = CARTESIAN_POINT ( 'NONE',  ( 1.520000000000000018, 0.08000000000000020983, -1.169999999999999707 ) ) ;
#1638 = DIRECTION ( 'NONE',  ( -1.000000000000000000, -0.000000000000000000, 8.673617379884039170E-17 ) ) ;
#1639 = ORIENTED_EDGE ( 'NONE', *, *, #1233, .T. ) ;
#1640 = SURFACE_STYLE_USAGE ( .BOTH. , #656 ) ;
#1641 =( NAMED_UNIT ( * ) PLANE_ANGLE_UNIT ( ) SI_UNIT ( $, .RADIAN. ) );
#1642 = VERTEX_POINT ( 'NONE', #1840 ) ;
#1643 = PLANE ( 'NONE',  #1176 ) ;
#1644 = EDGE_LOOP ( 'NONE', ( #2029, #53, #1195, #25 ) ) ;
#1645 = ADVANCED_FACE ( 'NONE', ( #1999 ), #379, .F. ) ;
#1646 = CARTESIAN_POINT ( 'NONE',  ( -1.519999999999999796, 2.719999999999999751, 1.169999999999999707 ) ) ;
#1647 = STYLED_ITEM ( 'NONE', ( #2064 ), #457 ) ;
#1648 = MECHANICAL_DESIGN_GEOMETRIC_PRESENTATION_REPRESENTATION (  '', ( #169 ), #1375 ) ;
#1649 =( NAMED_UNIT ( * ) PLANE_ANGLE_UNIT ( ) SI_UNIT ( $, .RADIAN. ) );
#1650 = DIRECTION ( 'NONE',  ( 0.000000000000000000, 1.000000000000000000, 0.000000000000000000 ) ) ;
#1651 = ORIENTED_EDGE ( 'NONE', *, *, #865, .T. ) ;
#1652 = CIRCLE ( 'NONE', #1875, 0.04000000000000010492 ) ;
#1653 = COLOUR_RGB ( '',0.7960784313725489669, 0.8235294117647058432, 0.9372549019607843146 ) ;
#1654 = AXIS2_PLACEMENT_3D ( 'NONE', #420, #1236, #1729 ) ;
#1655 = VECTOR ( 'NONE', #131, 1000.000000000000000 ) ;
#1656 = SURFACE_STYLE_USAGE ( .BOTH. , #1294 ) ;
#1657 = ORIENTED_EDGE ( 'NONE', *, *, #198, .F. ) ;
#1658 = CIRCLE ( 'NONE', #2025, 0.04000000000000010492 ) ;
#1659 = CARTESIAN_POINT ( 'NONE',  ( 1.519999999999999796, 0.000000000000000000, 1.169999999999999707 ) ) ;
#1660 =( LENGTH_UNIT ( ) NAMED_UNIT ( * ) SI_UNIT ( .MILLI., .METRE. ) );
#1661 = VERTEX_POINT ( 'NONE', #552 ) ;
#1662 = CARTESIAN_POINT ( 'NONE',  ( 500000.0000000000582, 2.719999999999999751, 1.209999999956631767 ) ) ;
#1663 = VERTEX_POINT ( 'NONE', #562 ) ;
#1664 = EDGE_CURVE ( 'NONE', #1836, #253, #1503, .T. ) ;
#1665 = FACE_OUTER_BOUND ( 'NONE', #1920, .T. ) ;
#1666 = EDGE_LOOP ( 'NONE', ( #263, #1989, #1954 ) ) ;
#1667 = FACE_OUTER_BOUND ( 'NONE', #1387, .T. ) ;
#1668 = CARTESIAN_POINT ( 'NONE',  ( 500000.0000000000582, 0.08000000000000020983, -1.170000000043367683 ) ) ;
#1669 = ORIENTED_EDGE ( 'NONE', *, *, #1063, .T. ) ;
#1670 = CARTESIAN_POINT ( 'NONE',  ( -1.040000000000000036, 0.04000000000000010492, -1.169999999999999707 ) ) ;
#1671 = ORIENTED_EDGE ( 'NONE', *, *, #2073, .F. ) ;
#1672 = UNCERTAINTY_MEASURE_WITH_UNIT (LENGTH_MEASURE( 1.000000000000000082E-05 ), #2074, 'distance_accuracy_value', 'NONE');
#1673 = CARTESIAN_POINT ( 'NONE',  ( 1.000000000000000000, 2.719999999999999751, 1.209999999999999964 ) ) ;
#1674 = EDGE_LOOP ( 'NONE', ( #1392, #1151, #127, #652 ) ) ;
#1675 = CARTESIAN_POINT ( 'NONE',  ( -1.040000000000000036, 2.759999999999999787, 0.000000000000000000 ) ) ;
#1676 = DIRECTION ( 'NONE',  ( -1.000000000000000000, -0.000000000000000000, -0.000000000000000000 ) ) ;
#1677 = ORIENTED_EDGE ( 'NONE', *, *, #422, .F. ) ;
#1678 = DIRECTION ( 'NONE',  ( 1.000000000000000000, 0.000000000000000000, 0.000000000000000000 ) ) ;
#1679 = EDGE_CURVE ( 'NONE', #1336, #1663, #1051, .T. ) ;
#1680 =( GEOMETRIC_REPRESENTATION_CONTEXT ( 3 ) GLOBAL_UNCERTAINTY_ASSIGNED_CONTEXT ( ( #578 ) ) GLOBAL_UNIT_ASSIGNED_CONTEXT ( ( #1766, #6, #683 ) ) REPRESENTATION_CONTEXT ( 'NONE', 'WORKASPACE' ) );
#1681 = CARTESIAN_POINT ( 'NONE',  ( -1.520000000000000018, 2.719999999999999751, -1.169999999999999707 ) ) ;
#1682 = VERTEX_POINT ( 'NONE', #889 ) ;
#1683 = AXIS2_PLACEMENT_3D ( 'NONE', #547, #93, #1825 ) ;
#1684 = AXIS2_PLACEMENT_3D ( 'NONE', #35, #1939, #993 ) ;
#1685 = CARTESIAN_POINT ( 'NONE',  ( -1.600000000000000089, 2.719999999999999751, -1.249999999999999556 ) ) ;
#1686 = ORIENTED_EDGE ( 'NONE', *, *, #45, .T. ) ;
#1687 = AXIS2_PLACEMENT_3D ( 'NONE', #406, #597, #1412 ) ;
#1688 = TOROIDAL_SURFACE ( 'NONE', #416, 0.04000000000000000083, 0.04000000000000000083 ) ;
#1689 = CIRCLE ( 'NONE', #210, 0.04000000000000010492 ) ;
#1690 = LINE ( 'NONE', #1365, #1907 ) ;
#1691 = ORIENTED_EDGE ( 'NONE', *, *, #1786, .T. ) ;
#1692 = EDGE_CURVE ( 'NONE', #1357, #88, #773, .T. ) ;
#1693 = DIRECTION ( 'NONE',  ( -1.000000000000000000, 0.000000000000000000, 0.000000000000000000 ) ) ;
#1694 = PLANE ( 'NONE',  #1414 ) ;
#1695 = DIRECTION ( 'NONE',  ( 0.000000000000000000, -1.000000000000000000, 0.000000000000000000 ) ) ;
#1696 = ORIENTED_EDGE ( 'NONE', *, *, #497, .F. ) ;
#1697 = ADVANCED_FACE ( 'NONE', ( #1580 ), #1593, .T. ) ;
#1698 = CARTESIAN_POINT ( 'NONE',  ( -1.000000000000000000, 2.759999999999999787, -1.169999999999999707 ) ) ;
#1699 = PRESENTATION_STYLE_ASSIGNMENT (( #922 ) ) ;
#1700 = ORIENTED_EDGE ( 'NONE', *, *, #2038, .F. ) ;
#1701 = DIRECTION ( 'NONE',  ( 8.673617379884036705E-17, -0.000000000000000000, -1.000000000000000000 ) ) ;
#1702 = LINE ( 'NONE', #1223, #1585 ) ;
#1703 = LINE ( 'NONE', #109, #581 ) ;
#1704 = CARTESIAN_POINT ( 'NONE',  ( -1.040000000000000036, 2.719999999999999751, -1.249999999999999556 ) ) ;
#1705 = SURFACE_STYLE_USAGE ( .BOTH. , #935 ) ;
#1706 = EDGE_CURVE ( 'NONE', #804, #1041, #433, .T. ) ;
#1707 = EDGE_CURVE ( 'NONE', #393, #1944, #84, .T. ) ;
#1708 = DIRECTION ( 'NONE',  ( -0.000000000000000000, -0.000000000000000000, -1.000000000000000000 ) ) ;
#1709 = DIRECTION ( 'NONE',  ( 8.673617379884036705E-17, -0.000000000000000000, 1.000000000000000000 ) ) ;
#1710 = ORIENTED_EDGE ( 'NONE', *, *, #1072, .T. ) ;
#1711 = DIRECTION ( 'NONE',  ( 0.000000000000000000, 0.000000000000000000, 1.000000000000000000 ) ) ;
#1712 = SURFACE_STYLE_FILL_AREA ( #1571 ) ;
#1713 = DIRECTION ( 'NONE',  ( 0.000000000000000000, 0.000000000000000000, 1.000000000000000000 ) ) ;
#1714 = DIRECTION ( 'NONE',  ( -1.000000000000000000, -0.000000000000000000, 8.673617379884039170E-17 ) ) ;
#1715 = COLOUR_RGB ( '',0.7960784313725489669, 0.8235294117647058432, 0.9372549019607843146 ) ;
#1716 = AXIS2_PLACEMENT_3D ( 'NONE', #232, #679, #1199 ) ;
#1717 = AXIS2_PLACEMENT_3D ( 'NONE', #466, #1265, #624 ) ;
#1718 = EDGE_CURVE ( 'NONE', #1228, #206, #1560, .T. ) ;
#1719 = STYLED_ITEM ( 'NONE', ( #1087 ), #2061 ) ;
#1720 = VECTOR ( 'NONE', #712, 1000.000000000000000 ) ;
#1721 = VERTEX_POINT ( 'NONE', #293 ) ;
#1722 =( GEOMETRIC_REPRESENTATION_CONTEXT ( 3 ) GLOBAL_UNCERTAINTY_ASSIGNED_CONTEXT ( ( #224 ) ) GLOBAL_UNIT_ASSIGNED_CONTEXT ( ( #1757, #14, #949 ) ) REPRESENTATION_CONTEXT ( 'NONE', 'WORKASPACE' ) );
#1723 = CARTESIAN_POINT ( 'NONE',  ( 1.600000000000000089, 2.719999999999999751, -1.249999999999999556 ) ) ;
#1724 = CARTESIAN_POINT ( 'NONE',  ( -1.040000000000000036, 2.719999999999999751, -1.169999999999999707 ) ) ;
#1725 = ORIENTED_EDGE ( 'NONE', *, *, #808, .T. ) ;
#1726 = CIRCLE ( 'NONE', #179, 0.04000000000000010492 ) ;
#1727 = LINE ( 'NONE', #927, #1075 ) ;
#1728 = EDGE_CURVE ( 'NONE', #1401, #375, #425, .T. ) ;
#1729 = DIRECTION ( 'NONE',  ( -1.000000000000000000, 0.000000000000000000, -0.000000000000000000 ) ) ;
#1730 = CARTESIAN_POINT ( 'NONE',  ( 1.520000000000000018, 0.08000000000000000167, -1.169999999999999707 ) ) ;
#1731 = ORIENTED_EDGE ( 'NONE', *, *, #492, .T. ) ;
#1732 = DIRECTION ( 'NONE',  ( 0.000000000000000000, 0.000000000000000000, 1.000000000000000000 ) ) ;
#1733 =( NAMED_UNIT ( * ) PLANE_ANGLE_UNIT ( ) SI_UNIT ( $, .RADIAN. ) );
#1734 = PLANE ( 'NONE',  #1182 ) ;
#1735 = DIRECTION ( 'NONE',  ( -8.673617379884036705E-17, 0.000000000000000000, -1.000000000000000000 ) ) ;
#1736 = FACE_OUTER_BOUND ( 'NONE', #672, .T. ) ;
#1737 =( NAMED_UNIT ( * ) SI_UNIT ( $, .STERADIAN. ) SOLID_ANGLE_UNIT ( ) );
#1738 = SURFACE_STYLE_USAGE ( .BOTH. , #460 ) ;
#1739 = VERTEX_POINT ( 'NONE', #2044 ) ;
#1740 = CARTESIAN_POINT ( 'NONE',  ( 1.040000000000000036, 2.799999999999999822, -1.169999999999999707 ) ) ;
#1741 =( NAMED_UNIT ( * ) PLANE_ANGLE_UNIT ( ) SI_UNIT ( $, .RADIAN. ) );
#1742 = FACE_OUTER_BOUND ( 'NONE', #923, .T. ) ;
#1743 = EDGE_CURVE ( 'NONE', #717, #1470, #670, .T. ) ;
#1744 = CARTESIAN_POINT ( 'NONE',  ( 500000.0000000000582, 2.759999999999999787, -1.170000000043367683 ) ) ;
#1745 = DIRECTION ( 'NONE',  ( 1.000000000000000000, 0.000000000000000000, 0.000000000000000000 ) ) ;
#1746 = AXIS2_PLACEMENT_3D ( 'NONE', #1527, #90, #1799 ) ;
#1747 = VERTEX_POINT ( 'NONE', #1882 ) ;
#1748 = VECTOR ( 'NONE', #682, 1000.000000000000000 ) ;
#1749 = PRESENTATION_LAYER_ASSIGNMENT (  '', '', ( #1180 ) ) ;
#1750 = AXIS2_PLACEMENT_3D ( 'NONE', #1379, #588, #1196 ) ;
#1751 = SURFACE_STYLE_FILL_AREA ( #166 ) ;
#1752 = AXIS2_PLACEMENT_3D ( 'NONE', #201, #47, #1468 ) ;
#1753 = ADVANCED_FACE ( 'NONE', ( #1871 ), #1734, .F. ) ;
#1754 = FILL_AREA_STYLE_COLOUR ( '', #330 ) ;
#1755 = AXIS2_PLACEMENT_3D ( 'NONE', #75, #1831, #706 ) ;
#1756 = VECTOR ( 'NONE', #1676, 1000.000000000000000 ) ;
#1757 =( LENGTH_UNIT ( ) NAMED_UNIT ( * ) SI_UNIT ( .MILLI., .METRE. ) );
#1758 = EDGE_LOOP ( 'NONE', ( #1864, #856, #1095, #1696 ) ) ;
#1759 =( NAMED_UNIT ( * ) SI_UNIT ( $, .STERADIAN. ) SOLID_ANGLE_UNIT ( ) );
#1760 = DIRECTION ( 'NONE',  ( 0.000000000000000000, 0.000000000000000000, 1.000000000000000000 ) ) ;
#1761 = DIRECTION ( 'NONE',  ( -1.000000000000000000, 0.000000000000000000, 0.000000000000000000 ) ) ;
#1762 =( LENGTH_UNIT ( ) NAMED_UNIT ( * ) SI_UNIT ( .MILLI., .METRE. ) );
#1763 = DIRECTION ( 'NONE',  ( -1.000000000000000000, 0.000000000000000000, -2.710505431213761479E-15 ) ) ;
#1764 = ADVANCED_FACE ( 'NONE', ( #1092 ), #766, .T. ) ;
#1765 = ORIENTED_EDGE ( 'NONE', *, *, #1214, .F. ) ;
#1766 =( LENGTH_UNIT ( ) NAMED_UNIT ( * ) SI_UNIT ( .MILLI., .METRE. ) );
#1767 = DIRECTION ( 'NONE',  ( -1.000000000000000000, 0.000000000000000000, 0.000000000000000000 ) ) ;
#1768 =( NAMED_UNIT ( * ) SI_UNIT ( $, .STERADIAN. ) SOLID_ANGLE_UNIT ( ) );
#1769 = DIRECTION ( 'NONE',  ( 0.000000000000000000, -1.000000000000000000, 0.000000000000000000 ) ) ;
#1770 = STYLED_ITEM ( 'NONE', ( #317 ), #89 ) ;
#1771 = LINE ( 'NONE', #1634, #80 ) ;
#1772 = ADVANCED_FACE ( 'NONE', ( #1742 ), #1544, .T. ) ;
#1773 = ORIENTED_EDGE ( 'NONE', *, *, #1486, .F. ) ;
#1774 = EDGE_CURVE ( 'NONE', #1860, #1280, #1658, .T. ) ;
#1775 = CIRCLE ( 'NONE', #242, 0.07999999999999998779 ) ;
#1776 = CIRCLE ( 'NONE', #373, 0.07999999999999998779 ) ;
#1777 = DIRECTION ( 'NONE',  ( 1.000000000000000000, 0.000000000000000000, -8.673617379884036705E-17 ) ) ;
#1778 = EDGE_LOOP ( 'NONE', ( #1427, #76, #163, #1220 ) ) ;
#1779 = VECTOR ( 'NONE', #240, 1000.000000000000000 ) ;
#1780 = FACE_OUTER_BOUND ( 'NONE', #1297, .T. ) ;
#1781 =( NAMED_UNIT ( * ) SI_UNIT ( $, .STERADIAN. ) SOLID_ANGLE_UNIT ( ) );
#1782 =( GEOMETRIC_REPRESENTATION_CONTEXT ( 3 ) GLOBAL_UNCERTAINTY_ASSIGNED_CONTEXT ( ( #901 ) ) GLOBAL_UNIT_ASSIGNED_CONTEXT ( ( #719, #135, #297 ) ) REPRESENTATION_CONTEXT ( 'NONE', 'WORKASPACE' ) );
#1783 = MECHANICAL_DESIGN_GEOMETRIC_PRESENTATION_REPRESENTATION (  '', ( #1306 ), #1420 ) ;
#1784 = PRESENTATION_LAYER_ASSIGNMENT (  '', '', ( #343 ) ) ;
#1785 = DIRECTION ( 'NONE',  ( 0.000000000000000000, 1.000000000000000000, 0.000000000000000000 ) ) ;
#1786 = EDGE_CURVE ( 'NONE', #1851, #88, #1703, .T. ) ;
#1787 = AXIS2_PLACEMENT_3D ( 'NONE', #1255, #307, #1713 ) ;
#1788 = LINE ( 'NONE', #21, #1346 ) ;
#1789 = VERTEX_POINT ( 'NONE', #16 ) ;
#1790 = LINE ( 'NONE', #677, #1844 ) ;
#1791 = ORIENTED_EDGE ( 'NONE', *, *, #365, .T. ) ;
#1792 = DIRECTION ( 'NONE',  ( -1.000000000000000000, -0.000000000000000000, 8.673617379884039170E-17 ) ) ;
#1793 = EDGE_LOOP ( 'NONE', ( #530, #480, #593, #197 ) ) ;
#1794 = DIRECTION ( 'NONE',  ( 1.000000000000000000, 0.000000000000000000, 0.000000000000000000 ) ) ;
#1795 = CARTESIAN_POINT ( 'NONE',  ( 1.040000000000000036, 0.08000000000000020983, -1.169999999999999707 ) ) ;
#1796 = ORIENTED_EDGE ( 'NONE', *, *, #1221, .F. ) ;
#1797 =( NAMED_UNIT ( * ) PLANE_ANGLE_UNIT ( ) SI_UNIT ( $, .RADIAN. ) );
#1798 = VERTEX_POINT ( 'NONE', #1605 ) ;
#1799 = DIRECTION ( 'NONE',  ( 0.000000000000000000, 0.000000000000000000, -1.000000000000000000 ) ) ;
#1800 = CARTESIAN_POINT ( 'NONE',  ( 1.519999999999999796, 2.799999999999999822, 1.169999999999999707 ) ) ;
#1801 = ORIENTED_EDGE ( 'NONE', *, *, #934, .T. ) ;
#1802 = EDGE_CURVE ( 'NONE', #713, #1532, #1296, .T. ) ;
#1803 = FACE_OUTER_BOUND ( 'NONE', #496, .T. ) ;
#1804 = DIRECTION ( 'NONE',  ( 1.000000000000000000, 0.000000000000000000, 0.000000000000000000 ) ) ;
#1805 = ORIENTED_EDGE ( 'NONE', *, *, #1424, .F. ) ;
#1806 = VECTOR ( 'NONE', #1714, 1000.000000000000000 ) ;
#1807 = DIRECTION ( 'NONE',  ( 0.000000000000000000, 0.000000000000000000, -1.000000000000000000 ) ) ;
#1808 = AXIS2_PLACEMENT_3D ( 'NONE', #291, #431, #1090 ) ;
#1809 = VECTOR ( 'NONE', #1845, 1000.000000000000000 ) ;
#1810 = DIRECTION ( 'NONE',  ( 0.000000000000000000, 0.000000000000000000, -1.000000000000000000 ) ) ;
#1811 = EDGE_LOOP ( 'NONE', ( #104, #685, #816, #202 ) ) ;
#1812 = EDGE_CURVE ( 'NONE', #1311, #1228, #384, .T. ) ;
#1813 = AXIS2_PLACEMENT_3D ( 'NONE', #722, #1059, #2009 ) ;
#1814 = PRESENTATION_LAYER_ASSIGNMENT (  '', '', ( #338 ) ) ;
#1815 = DIRECTION ( 'NONE',  ( 1.000000000000000000, 0.000000000000000000, 0.000000000000000000 ) ) ;
#1816 = UNCERTAINTY_MEASURE_WITH_UNIT (LENGTH_MEASURE( 1.000000000000000082E-05 ), #811, 'distance_accuracy_value', 'NONE');
#1817 = AXIS2_PLACEMENT_3D ( 'NONE', #142, #1246, #1218 ) ;
#1818 = CARTESIAN_POINT ( 'NONE',  ( -1.520000000000000240, 2.799999999999999822, -1.169999999999999707 ) ) ;
#1819 = ORIENTED_EDGE ( 'NONE', *, *, #130, .F. ) ;
#1820 = MECHANICAL_DESIGN_GEOMETRIC_PRESENTATION_REPRESENTATION (  '', ( #1380 ), #120 ) ;
#1821 = CARTESIAN_POINT ( 'NONE',  ( 1.000000000000000000, 2.799999999999999822, 1.209999999999999964 ) ) ;
#1822 = ORIENTED_EDGE ( 'NONE', *, *, #17, .T. ) ;
#1823 = CARTESIAN_POINT ( 'NONE',  ( -1.000000000000000000, 0.08000000000000020983, -1.209999999999999742 ) ) ;
#1824 = ORIENTED_EDGE ( 'NONE', *, *, #1812, .F. ) ;
#1825 = DIRECTION ( 'NONE',  ( 0.000000000000000000, 0.000000000000000000, 1.000000000000000000 ) ) ;
#1826 = VERTEX_POINT ( 'NONE', #159 ) ;
#1827 = EDGE_CURVE ( 'NONE', #1174, #1747, #154, .T. ) ;
#1828 = DIRECTION ( 'NONE',  ( -1.000000000000000000, 0.000000000000000000, -8.673617379884036705E-17 ) ) ;
#1829 = FILL_AREA_STYLE_COLOUR ( '', #1653 ) ;
#1830 = ORIENTED_EDGE ( 'NONE', *, *, #1827, .T. ) ;
#1831 = DIRECTION ( 'NONE',  ( 1.000000000000000000, -0.000000000000000000, -0.000000000000000000 ) ) ;
#1832 = DIRECTION ( 'NONE',  ( -1.000000000000000000, -0.000000000000000000, 8.673617379884039170E-17 ) ) ;
#1833 = UNCERTAINTY_MEASURE_WITH_UNIT (LENGTH_MEASURE( 1.000000000000000082E-05 ), #1141, 'distance_accuracy_value', 'NONE');
#1834 = DIRECTION ( 'NONE',  ( -8.673617379884036705E-17, -0.000000000000000000, -1.000000000000000000 ) ) ;
#1835 = VERTEX_POINT ( 'NONE', #807 ) ;
#1836 = VERTEX_POINT ( 'NONE', #329 ) ;
#1837 = FILL_AREA_STYLE ('',( #1754 ) ) ;
#1838 = CYLINDRICAL_SURFACE ( 'NONE', #1906, 0.04000000000000010492 ) ;
#1839 = AXIS2_PLACEMENT_3D ( 'NONE', #1578, #1402, #941 ) ;
#1840 = CARTESIAN_POINT ( 'NONE',  ( -1.000000000000000000, 2.759999999999999787, 1.169999999999999707 ) ) ;
#1841 = ORIENTED_EDGE ( 'NONE', *, *, #411, .T. ) ;
#1842 = AXIS2_PLACEMENT_3D ( 'NONE', #1343, #740, #225 ) ;
#1843 = COLOUR_RGB ( '',0.7960784313725489669, 0.8235294117647058432, 0.9372549019607843146 ) ;
#1844 = VECTOR ( 'NONE', #23, 1000.000000000000000 ) ;
#1845 = DIRECTION ( 'NONE',  ( -1.000000000000000000, 0.000000000000000000, -0.000000000000000000 ) ) ;
#1846 = STYLED_ITEM ( 'NONE', ( #1094 ), #529 ) ;
#1847 = CIRCLE ( 'NONE', #1048, 0.04000000000000010492 ) ;
#1848 = CIRCLE ( 'NONE', #1622, 0.07999999999999998779 ) ;
#1849 = DIRECTION ( 'NONE',  ( 0.000000000000000000, 0.000000000000000000, -1.000000000000000000 ) ) ;
#1850 = CARTESIAN_POINT ( 'NONE',  ( -1.040000000000000036, 0.04000000000000010492, -1.249999999999999556 ) ) ;
#1851 = VERTEX_POINT ( 'NONE', #654 ) ;
#1852 = EDGE_CURVE ( 'NONE', #234, #713, #1526, .T. ) ;
#1853 = DIRECTION ( 'NONE',  ( -1.000000000000000000, 0.000000000000000000, 0.000000000000000000 ) ) ;
#1854 = CARTESIAN_POINT ( 'NONE',  ( 1.520000000000000018, 2.719999999999999751, -1.169999999999999707 ) ) ;
#1855 = CARTESIAN_POINT ( 'NONE',  ( -1.000000000000000000, 2.719999999999999751, 1.209999999999999964 ) ) ;
#1856 = DIRECTION ( 'NONE',  ( 1.000000000000000000, -0.000000000000000000, -0.000000000000000000 ) ) ;
#1857 = UNCERTAINTY_MEASURE_WITH_UNIT (LENGTH_MEASURE( 1.000000000000000082E-05 ), #793, 'distance_accuracy_value', 'NONE');
#1858 =( NAMED_UNIT ( * ) PLANE_ANGLE_UNIT ( ) SI_UNIT ( $, .RADIAN. ) );
#1859 = FACE_OUTER_BOUND ( 'NONE', #1359, .T. ) ;
#1860 = VERTEX_POINT ( 'NONE', #779 ) ;
#1861 = DIRECTION ( 'NONE',  ( 8.673617379884036705E-17, -0.000000000000000000, -1.000000000000000000 ) ) ;
#1862 = DIRECTION ( 'NONE',  ( 0.000000000000000000, -0.000000000000000000, 1.000000000000000000 ) ) ;
#1863 =( NAMED_UNIT ( * ) SI_UNIT ( $, .STERADIAN. ) SOLID_ANGLE_UNIT ( ) );
#1864 = ORIENTED_EDGE ( 'NONE', *, *, #230, .T. ) ;
#1865 = FACE_OUTER_BOUND ( 'NONE', #1537, .T. ) ;
#1866 = EDGE_CURVE ( 'NONE', #1064, #99, #509, .T. ) ;
#1867 = CARTESIAN_POINT ( 'NONE',  ( 1.000000000000000000, 2.719999999999999751, -1.169999999999999707 ) ) ;
#1868 = EDGE_LOOP ( 'NONE', ( #703, #992, #1725, #1076 ) ) ;
#1869 = CARTESIAN_POINT ( 'NONE',  ( -1.519999999999999796, 2.799999999999999822, 1.249999999999999778 ) ) ;
#1870 = DIRECTION ( 'NONE',  ( 0.000000000000000000, 0.000000000000000000, 1.000000000000000000 ) ) ;
#1871 = FACE_OUTER_BOUND ( 'NONE', #1512, .T. ) ;
#1872 = DIRECTION ( 'NONE',  ( -1.000000000000000000, -0.000000000000000000, 8.673617379884039170E-17 ) ) ;
#1873 = AXIS2_PLACEMENT_3D ( 'NONE', #1135, #1761, #1924 ) ;
#1874 = EDGE_CURVE ( 'NONE', #1835, #1836, #290, .T. ) ;
#1875 = AXIS2_PLACEMENT_3D ( 'NONE', #97, #561, #1403 ) ;
#1876 = CYLINDRICAL_SURFACE ( 'NONE', #475, 0.07999999999999998779 ) ;
#1877 = COLOUR_RGB ( '',0.7960784313725489669, 0.8235294117647058432, 0.9372549019607843146 ) ;
#1878 = AXIS2_PLACEMENT_3D ( 'NONE', #1919, #1460, #1425 ) ;
#1879 = ORIENTED_EDGE ( 'NONE', *, *, #1984, .T. ) ;
#1880 = STYLED_ITEM ( 'NONE', ( #1107 ), #1469 ) ;
#1881 = LINE ( 'NONE', #1058, #141 ) ;
#1882 = CARTESIAN_POINT ( 'NONE',  ( -1.040000000000000036, 2.799999999999999822, -1.169999999999999707 ) ) ;
#1883 = VECTOR ( 'NONE', #1325, 1000.000000000000000 ) ;
#1884 = PLANE ( 'NONE',  #479 ) ;
#1885 = CYLINDRICAL_SURFACE ( 'NONE', #866, 0.07999999999999998779 ) ;
#1886 = PLANE ( 'NONE',  #2054 ) ;
#1887 = SURFACE_STYLE_FILL_AREA ( #150 ) ;
#1888 = ORIENTED_EDGE ( 'NONE', *, *, #565, .T. ) ;
#1889 = EDGE_CURVE ( 'NONE', #1682, #1336, #774, .T. ) ;
#1890 = CARTESIAN_POINT ( 'NONE',  ( -1.040000000000000036, 2.759999999999999787, -1.169999999999999707 ) ) ;
#1891 = DIRECTION ( 'NONE',  ( 0.000000000000000000, 0.000000000000000000, 1.000000000000000000 ) ) ;
#1892 = DIRECTION ( 'NONE',  ( 0.000000000000000000, -0.000000000000000000, 1.000000000000000000 ) ) ;
#1893 = FILL_AREA_STYLE ('',( #1431 ) ) ;
#1894 = SURFACE_SIDE_STYLE ('',( #947 ) ) ;
#1895 = SURFACE_STYLE_FILL_AREA ( #171 ) ;
#1896 = ADVANCED_FACE ( 'NONE', ( #623 ), #322, .F. ) ;
#1897 = ORIENTED_EDGE ( 'NONE', *, *, #1170, .T. ) ;
#1898 = CARTESIAN_POINT ( 'NONE',  ( 1.040000000000000036, 2.719999999999999751, -1.169999999999999707 ) ) ;
#1899 = CARTESIAN_POINT ( 'NONE',  ( 1.600000000000000089, 2.799999999999999822, -1.249999999999999556 ) ) ;
#1900 = CARTESIAN_POINT ( 'NONE',  ( -1.000000000000000000, 0.08000000000000020983, -1.169999999999999707 ) ) ;
#1901 = CIRCLE ( 'NONE', #2007, 0.07999999999999998779 ) ;
#1902 = CARTESIAN_POINT ( 'NONE',  ( 1.000000000000000000, 0.08000000000000020983, -1.169999999999999707 ) ) ;
#1903 = TOROIDAL_SURFACE ( 'NONE', #827, 0.04000000000000000083, 0.04000000000000000083 ) ;
#1904 = CIRCLE ( 'NONE', #1611, 0.04000000000000010492 ) ;
#1905 = VERTEX_POINT ( 'NONE', #794 ) ;
#1906 = AXIS2_PLACEMENT_3D ( 'NONE', #1242, #454, #1091 ) ;
#1907 = VECTOR ( 'NONE', #1708, 1000.000000000000000 ) ;
#1908 = CARTESIAN_POINT ( 'NONE',  ( 1.040000000000000036, 0.000000000000000000, 0.000000000000000000 ) ) ;
#1909 =( LENGTH_UNIT ( ) NAMED_UNIT ( * ) SI_UNIT ( .MILLI., .METRE. ) );
#1910 = CYLINDRICAL_SURFACE ( 'NONE', #1312, 0.04000000000000010492 ) ;
#1911 = PRESENTATION_LAYER_ASSIGNMENT (  '', '', ( #1945 ) ) ;
#1912 = COLOUR_RGB ( '',0.7960784313725489669, 0.8235294117647058432, 0.9372549019607843146 ) ;
#1913 = EDGE_CURVE ( 'NONE', #983, #48, #1589, .T. ) ;
#1914 = DIRECTION ( 'NONE',  ( -0.000000000000000000, -0.000000000000000000, -1.000000000000000000 ) ) ;
#1915 = MECHANICAL_DESIGN_GEOMETRIC_PRESENTATION_REPRESENTATION (  '', ( #343 ), #1986 ) ;
#1916 = DIRECTION ( 'NONE',  ( 1.000000000000000000, -0.000000000000000000, 0.000000000000000000 ) ) ;
#1917 = EDGE_CURVE ( 'NONE', #358, #1336, #833, .T. ) ;
#1918 = SURFACE_STYLE_USAGE ( .BOTH. , #1894 ) ;
#1919 = CARTESIAN_POINT ( 'NONE',  ( 1.520000000000000018, 2.719999999999999751, 1.169999999999999707 ) ) ;
#1920 = EDGE_LOOP ( 'NONE', ( #1841, #2069, #2033, #692 ) ) ;
#1921 = CYLINDRICAL_SURFACE ( 'NONE', #472, 0.07999999999999998779 ) ;
#1922 =( NAMED_UNIT ( * ) SI_UNIT ( $, .STERADIAN. ) SOLID_ANGLE_UNIT ( ) );
#1923 = DIRECTION ( 'NONE',  ( -0.000000000000000000, -1.000000000000000000, -0.000000000000000000 ) ) ;
#1924 = DIRECTION ( 'NONE',  ( 0.000000000000000000, 0.000000000000000000, 1.000000000000000000 ) ) ;
#1925 = FACE_OUTER_BOUND ( 'NONE', #689, .T. ) ;
#1926 = EDGE_CURVE ( 'NONE', #517, #234, #1941, .T. ) ;
#1927 = CARTESIAN_POINT ( 'NONE',  ( -1.000000000000000000, 0.08000000000000020983, -1.209999999999999742 ) ) ;
#1928 = ORIENTED_EDGE ( 'NONE', *, *, #492, .F. ) ;
#1929 = FACE_OUTER_BOUND ( 'NONE', #1674, .T. ) ;
#1930 = CARTESIAN_POINT ( 'NONE',  ( 500000.0000000000582, 2.719999999999999751, 1.209999999956631767 ) ) ;
#1931 = ORIENTED_EDGE ( 'NONE', *, *, #1354, .T. ) ;
#1932 = SURFACE_SIDE_STYLE ('',( #987 ) ) ;
#1933 = ADVANCED_FACE ( 'NONE', ( #2072 ), #741, .T. ) ;
#1934 = DIRECTION ( 'NONE',  ( 0.000000000000000000, 0.000000000000000000, -1.000000000000000000 ) ) ;
#1935 = VECTOR ( 'NONE', #1493, 1000.000000000000000 ) ;
#1936 = DIRECTION ( 'NONE',  ( 0.000000000000000000, 2.316671308729711651E-17, 1.000000000000000000 ) ) ;
#1937 = VERTEX_POINT ( 'NONE', #1628 ) ;
#1938 = AXIS2_PLACEMENT_3D ( 'NONE', #1292, #650, #1934 ) ;
#1939 = DIRECTION ( 'NONE',  ( -0.000000000000000000, 1.000000000000000000, -0.000000000000000000 ) ) ;
#1940 = VECTOR ( 'NONE', #183, 1000.000000000000000 ) ;
#1941 = LINE ( 'NONE', #490, #155 ) ;
#1942 = ORIENTED_EDGE ( 'NONE', *, *, #188, .F. ) ;
#1943 = DIRECTION ( 'NONE',  ( 0.000000000000000000, -1.000000000000000000, 0.000000000000000000 ) ) ;
#1944 = VERTEX_POINT ( 'NONE', #1271 ) ;
#1945 = STYLED_ITEM ( 'NONE', ( #1952 ), #2032 ) ;
#1946 = PRESENTATION_LAYER_ASSIGNMENT (  '', '', ( #663 ) ) ;
#1947 = AXIS2_PLACEMENT_3D ( 'NONE', #465, #1422, #617 ) ;
#1948 = DIRECTION ( 'NONE',  ( 0.000000000000000000, 0.000000000000000000, 1.000000000000000000 ) ) ;
#1949 = FACE_OUTER_BOUND ( 'NONE', #838, .T. ) ;
#1950 = ORIENTED_EDGE ( 'NONE', *, *, #799, .F. ) ;
#1951 = DIRECTION ( 'NONE',  ( -1.000000000000000000, 0.000000000000000000, 0.000000000000000000 ) ) ;
#1952 = PRESENTATION_STYLE_ASSIGNMENT (( #688 ) ) ;
#1953 = ADVANCED_FACE ( 'NONE', ( #1463 ), #1910, .T. ) ;
#1954 = ORIENTED_EDGE ( 'NONE', *, *, #865, .F. ) ;
#1955 = APPLICATION_CONTEXT ( 'automotive_design' ) ;
#1956 = CARTESIAN_POINT ( 'NONE',  ( 1.040000000000000036, 2.759999999999999787, 1.169999999999999707 ) ) ;
#1957 = CARTESIAN_POINT ( 'NONE',  ( -1.520000000000000018, 2.719999999999999751, -1.169999999999999707 ) ) ;
#1958 = ORIENTED_EDGE ( 'NONE', *, *, #1874, .T. ) ;
#1959 = FACE_OUTER_BOUND ( 'NONE', #1225, .T. ) ;
#1960 = CARTESIAN_POINT ( 'NONE',  ( 1.040000000000000036, 2.719999999999999751, -1.249999999999999556 ) ) ;
#1961 = ORIENTED_EDGE ( 'NONE', *, *, #1406, .T. ) ;
#1962 = ADVANCED_FACE ( 'NONE', ( #389 ), #1189, .T. ) ;
#1963 = FILL_AREA_STYLE_COLOUR ( '', #1240 ) ;
#1964 = ORIENTED_EDGE ( 'NONE', *, *, #325, .T. ) ;
#1965 =( LENGTH_UNIT ( ) NAMED_UNIT ( * ) SI_UNIT ( .MILLI., .METRE. ) );
#1966 = PRODUCT_CONTEXT ( 'NONE', #1955, 'mechanical' ) ;
#1967 = FACE_OUTER_BOUND ( 'NONE', #1212, .T. ) ;
#1968 = EDGE_LOOP ( 'NONE', ( #1382, #194, #1061, #364 ) ) ;
#1969 = CARTESIAN_POINT ( 'NONE',  ( 1.519999999999999796, 0.08000000000000000167, 1.169999999999999707 ) ) ;
#1970 = CARTESIAN_POINT ( 'NONE',  ( -1.600000000000000089, 2.799999999999999822, -1.249999999999999556 ) ) ;
#1971 = PRESENTATION_STYLE_ASSIGNMENT (( #1656 ) ) ;
#1972 = CIRCLE ( 'NONE', #693, 0.07999999999999998779 ) ;
#1973 = ORIENTED_EDGE ( 'NONE', *, *, #268, .F. ) ;
#1974 = AXIS2_PLACEMENT_3D ( 'NONE', #924, #931, #1542 ) ;
#1975 = DIRECTION ( 'NONE',  ( 1.000000000000000000, 0.000000000000000000, 0.000000000000000000 ) ) ;
#1976 = EDGE_LOOP ( 'NONE', ( #1997, #414, #400, #1897 ) ) ;
#1977 = CIRCLE ( 'NONE', #909, 0.04000000000000010492 ) ;
#1978 = DIRECTION ( 'NONE',  ( -8.673617379884036705E-17, 0.000000000000000000, 1.000000000000000000 ) ) ;
#1979 = DIRECTION ( 'NONE',  ( 8.673617379884036705E-17, -0.000000000000000000, 1.000000000000000000 ) ) ;
#1980 = ORIENTED_EDGE ( 'NONE', *, *, #1299, .T. ) ;
#1981 = CIRCLE ( 'NONE', #1139, 0.07999999999999998779 ) ;
#1982 =( GEOMETRIC_REPRESENTATION_CONTEXT ( 3 ) GLOBAL_UNCERTAINTY_ASSIGNED_CONTEXT ( ( #716 ) ) GLOBAL_UNIT_ASSIGNED_CONTEXT ( ( #1552, #86, #261 ) ) REPRESENTATION_CONTEXT ( 'NONE', 'WORKASPACE' ) );
#1983 = UNCERTAINTY_MEASURE_WITH_UNIT (LENGTH_MEASURE( 1.000000000000000082E-05 ), #8, 'distance_accuracy_value', 'NONE');
#1984 = EDGE_CURVE ( 'NONE', #41, #517, #858, .T. ) ;
#1985 = DIRECTION ( 'NONE',  ( 1.000000000000000000, -0.000000000000000000, -0.000000000000000000 ) ) ;
#1986 =( GEOMETRIC_REPRESENTATION_CONTEXT ( 3 ) GLOBAL_UNCERTAINTY_ASSIGNED_CONTEXT ( ( #394 ) ) GLOBAL_UNIT_ASSIGNED_CONTEXT ( ( #1762, #1641, #52 ) ) REPRESENTATION_CONTEXT ( 'NONE', 'WORKASPACE' ) );
#1987 = VERTEX_POINT ( 'NONE', #229 ) ;
#1988 = CARTESIAN_POINT ( 'NONE',  ( 1.000000000000000000, 2.719999999999999751, -1.249999999999999556 ) ) ;
#1989 = ORIENTED_EDGE ( 'NONE', *, *, #1032, .T. ) ;
#1990 = LINE ( 'NONE', #377, #440 ) ;
#1991 = DIRECTION ( 'NONE',  ( 0.000000000000000000, 0.000000000000000000, 1.000000000000000000 ) ) ;
#1992 = ORIENTED_EDGE ( 'NONE', *, *, #781, .T. ) ;
#1993 = EDGE_CURVE ( 'NONE', #1434, #1336, #60, .T. ) ;
#1994 = PLANE ( 'NONE',  #1842 ) ;
#1995 = VERTEX_POINT ( 'NONE', #193 ) ;
#1996 = FACE_OUTER_BOUND ( 'NONE', #1349, .T. ) ;
#1997 = ORIENTED_EDGE ( 'NONE', *, *, #1020, .F. ) ;
#1998 = FILL_AREA_STYLE_COLOUR ( '', #1232 ) ;
#1999 = FACE_OUTER_BOUND ( 'NONE', #1976, .T. ) ;
#2000 = DIRECTION ( 'NONE',  ( -1.000000000000000000, -0.000000000000000000, 2.710505431213761479E-15 ) ) ;
#2001 = UNCERTAINTY_MEASURE_WITH_UNIT (LENGTH_MEASURE( 1.000000000000000082E-05 ), #1909, 'distance_accuracy_value', 'NONE');
#2002 = LINE ( 'NONE', #1685, #601 ) ;
#2003 = ADVANCED_FACE ( 'NONE', ( #1996 ), #821, .F. ) ;
#2004 = PRESENTATION_STYLE_ASSIGNMENT (( #728 ) ) ;
#2005 = DIRECTION ( 'NONE',  ( -1.000000000000000000, 0.000000000000000000, 0.000000000000000000 ) ) ;
#2006 = ORIENTED_EDGE ( 'NONE', *, *, #1728, .F. ) ;
#2007 = AXIS2_PLACEMENT_3D ( 'NONE', #129, #2000, #758 ) ;
#2008 = CARTESIAN_POINT ( 'NONE',  ( 1.520000000000000018, 0.000000000000000000, 1.318389841742373638E-16 ) ) ;
#2009 = DIRECTION ( 'NONE',  ( 0.000000000000000000, 0.000000000000000000, -1.000000000000000000 ) ) ;
#2010 = VECTOR ( 'NONE', #2035, 1000.000000000000000 ) ;
#2011 = SURFACE_SIDE_STYLE ('',( #1243 ) ) ;
#2012 = DIRECTION ( 'NONE',  ( 1.000000000000000000, 0.000000000000000000, 0.000000000000000000 ) ) ;
#2013 = AXIS2_PLACEMENT_3D ( 'NONE', #1575, #936, #1100 ) ;
#2014 =( NAMED_UNIT ( * ) SI_UNIT ( $, .STERADIAN. ) SOLID_ANGLE_UNIT ( ) );
#2015 = EDGE_CURVE ( 'NONE', #1555, #983, #549, .T. ) ;
#2016 =( GEOMETRIC_REPRESENTATION_CONTEXT ( 3 ) GLOBAL_UNCERTAINTY_ASSIGNED_CONTEXT ( ( #554 ) ) GLOBAL_UNIT_ASSIGNED_CONTEXT ( ( #592, #1733, #302 ) ) REPRESENTATION_CONTEXT ( 'NONE', 'WORKASPACE' ) );
#2017 = VECTOR ( 'NONE', #1395, 1000.000000000000000 ) ;
#2018 = STYLED_ITEM ( 'NONE', ( #1699 ), #1177 ) ;
#2019 = CARTESIAN_POINT ( 'NONE',  ( 1.000000000000000000, 2.759999999999999787, 1.169999999999999707 ) ) ;
#2020 = AXIS2_PLACEMENT_3D ( 'NONE', #1372, #846, #336 ) ;
#2021 = MECHANICAL_DESIGN_GEOMETRIC_PRESENTATION_REPRESENTATION (  '', ( #1880 ), #546 ) ;
#2022 = DIRECTION ( 'NONE',  ( -1.000000000000000000, 0.000000000000000000, 0.000000000000000000 ) ) ;
#2023 = SPHERICAL_SURFACE ( 'NONE', #874, 0.08000000000000000167 ) ;
#2024 = ORIENTED_EDGE ( 'NONE', *, *, #1310, .T. ) ;
#2025 = AXIS2_PLACEMENT_3D ( 'NONE', #1369, #573, #1060 ) ;
#2026 = LINE ( 'NONE', #1723, #32 ) ;
#2027 = CARTESIAN_POINT ( 'NONE',  ( 0.000000000000000000, 2.799999999999999822, 0.000000000000000000 ) ) ;
#2028 = CARTESIAN_POINT ( 'NONE',  ( -1.000000000000000000, 2.759999999999999787, 1.169999999999999707 ) ) ;
#2029 = ORIENTED_EDGE ( 'NONE', *, *, #1595, .T. ) ;
#2030 = DIRECTION ( 'NONE',  ( 1.000000000000000000, 0.000000000000000000, 0.000000000000000000 ) ) ;
#2031 =( NAMED_UNIT ( * ) PLANE_ANGLE_UNIT ( ) SI_UNIT ( $, .RADIAN. ) );
#2032 = ADVANCED_FACE ( 'NONE', ( #1358 ), #1161, .F. ) ;
#2033 = ORIENTED_EDGE ( 'NONE', *, *, #1743, .F. ) ;
#2034 = ADVANCED_FACE ( 'NONE', ( #1859 ), #438, .T. ) ;
#2035 = DIRECTION ( 'NONE',  ( 0.000000000000000000, -1.000000000000000000, 0.000000000000000000 ) ) ;
#2036 = LINE ( 'NONE', #914, #726 ) ;
#2037 = UNCERTAINTY_MEASURE_WITH_UNIT (LENGTH_MEASURE( 1.000000000000000082E-05 ), #1164, 'distance_accuracy_value', 'NONE');
#2038 = EDGE_CURVE ( 'NONE', #234, #1937, #1620, .T. ) ;
#2039 = FILL_AREA_STYLE ('',( #1565 ) ) ;
#2040 =( NAMED_UNIT ( * ) PLANE_ANGLE_UNIT ( ) SI_UNIT ( $, .RADIAN. ) );
#2041 = CYLINDRICAL_SURFACE ( 'NONE', #540, 0.04000000000000010492 ) ;
#2042 = EDGE_LOOP ( 'NONE', ( #494, #208, #1268, #1216 ) ) ;
#2043 = CARTESIAN_POINT ( 'NONE',  ( -1.040000000000000036, 0.04000000000000000083, 1.169999999999999707 ) ) ;
#2044 = CARTESIAN_POINT ( 'NONE',  ( 1.000000000102736486, 0.04000000000000013267, 1.169999999999999707 ) ) ;
#2045 = EDGE_LOOP ( 'NONE', ( #1258, #1603, #1508, #1791 ) ) ;
#2046 =( GEOMETRIC_REPRESENTATION_CONTEXT ( 3 ) GLOBAL_UNCERTAINTY_ASSIGNED_CONTEXT ( ( #1185 ) ) GLOBAL_UNIT_ASSIGNED_CONTEXT ( ( #814, #178, #1301 ) ) REPRESENTATION_CONTEXT ( 'NONE', 'WORKASPACE' ) );
#2047 = VECTOR ( 'NONE', #1701, 1000.000000000000000 ) ;
#2048 =( NAMED_UNIT ( * ) PLANE_ANGLE_UNIT ( ) SI_UNIT ( $, .RADIAN. ) );
#2049 = VECTOR ( 'NONE', #1194, 1000.000000000000000 ) ;
#2050 = LINE ( 'NONE', #1111, #372 ) ;
#2051 = EDGE_CURVE ( 'NONE', #445, #421, #907, .T. ) ;
#2052 = VECTOR ( 'NONE', #1021, 1000.000000000000000 ) ;
#2053 = FILL_AREA_STYLE ('',( #459 ) ) ;
#2054 = AXIS2_PLACEMENT_3D ( 'NONE', #148, #761, #493 ) ;
#2055 = ORIENTED_EDGE ( 'NONE', *, *, #1595, .F. ) ;
#2056 = AXIS2_PLACEMENT_3D ( 'NONE', #1034, #1201, #521 ) ;
#2057 = CARTESIAN_POINT ( 'NONE',  ( -1.040000000000000036, 0.08000000000000020983, -1.169999999999999707 ) ) ;
#2058 = SURFACE_STYLE_FILL_AREA ( #785 ) ;
#2059 =( NAMED_UNIT ( * ) PLANE_ANGLE_UNIT ( ) SI_UNIT ( $, .RADIAN. ) );
#2060 = MECHANICAL_DESIGN_GEOMETRIC_PRESENTATION_REPRESENTATION (  '', ( #1180 ), #1113 ) ;
#2061 = ADVANCED_FACE ( 'NONE', ( #1400 ), #2023, .T. ) ;
#2062 = DIRECTION ( 'NONE',  ( 1.000000000000000000, 0.000000000000000000, 0.000000000000000000 ) ) ;
#2063 = VERTEX_POINT ( 'NONE', #1567 ) ;
#2064 = PRESENTATION_STYLE_ASSIGNMENT (( #1604 ) ) ;
#2065 = FILL_AREA_STYLE_COLOUR ( '', #1843 ) ;
#2066 = DIRECTION ( 'NONE',  ( 0.000000000000000000, 0.000000000000000000, -1.000000000000000000 ) ) ;
#2067 = PRESENTATION_STYLE_ASSIGNMENT (( #1918 ) ) ;
#2068 = CARTESIAN_POINT ( 'NONE',  ( 1.000000000000000000, 2.719999999999999751, -1.169999999999999707 ) ) ;
#2069 = ORIENTED_EDGE ( 'NONE', *, *, #565, .F. ) ;
#2070 = ADVANCED_FACE ( 'NONE', ( #1540 ), #2041, .T. ) ;
#2071 = CARTESIAN_POINT ( 'NONE',  ( -1.520000000000000018, 2.799999999999999822, 1.169999999999999707 ) ) ;
#2072 = FACE_OUTER_BOUND ( 'NONE', #1758, .T. ) ;
#2073 = EDGE_CURVE ( 'NONE', #1184, #804, #1981, .T. ) ;
#2074 =( LENGTH_UNIT ( ) NAMED_UNIT ( * ) SI_UNIT ( .MILLI., .METRE. ) );
#2075 = MECHANICAL_DESIGN_GEOMETRIC_PRESENTATION_REPRESENTATION (  '', ( #630 ), #269 ) ;
#2076 = DIRECTION ( 'NONE',  ( 0.000000000000000000, -1.000000000000000000, 0.000000000000000000 ) ) ;
#2077 =( LENGTH_UNIT ( ) NAMED_UNIT ( * ) SI_UNIT ( .MILLI., .METRE. ) );
#2078 = VECTOR ( 'NONE', #423, 1000.000000000000000 ) ;
ENDSEC;
END-ISO-10303-21;
